sin_01_02600|kisivaku eḷambi viṭa temēma paḷamu væ kathā upadavayi. paripūrṇa pada vyañjanayen madhura svara naṉgā daham desannē ya.|default
sin_01_01824|suḷu vyāpārikayanṭa govīnṭa bæṁku maṉgin sahana sælasīmaṭa piyavara.|default
sin_01_01580|hadisi āpadā ṇaya āpasu gevīmē kālaya dīrgha karayi.|default
sin_01_02505|væḍaṭa nogiyot dainika væṭupa kæpenavā. diḷiṉdu kamkaruvanṭa pōşaṇa upadesvalaṭa vaḍā dainika væṭupa vaṭinavā. eheyin bohō gæbini mavuvarun ḷamā hā mātṛ sāyanavalaṭa ennē nǣ.|default
sin_01_03278|laukika aşṭa samāpattīn bhāvanā kālayehi samādhi bhāvanā heyin samatha balaya adhika vē.|default
sin_01_01877|mōdi ennē vesak siri narambanna neveyi - indiyāva apē aitihāsika saturek.|default
sin_01_02783|mā visin (dan dīmen) atpat kara gannā lada kuśalaya lōka śāsanārakşaka deviyō anumōdan vetvā.|default
sin_01_02425|apē hāmuduruvanē maṭa samāvenna. mama bauddhayek vidiyaṭa gauravanīya saṁgharatnayaṭa garu karanavā.|default
sin_01_03007|pædakuṇu kirīmaya yanu tamāgē dakuṇu aṁśaya caityaya desaṭa siṭina sē væṉda gena caityaya vaṭā yāmaya. esē kirīmē dī ē ē tæna dī pasaṉga pihiṭuvā væṉdiya yutu ya.|default
sin_01_01090|magē tāttage tāttā, ē kiyanne magē sīyā, aḍu vayasin miya giyā.|default
sin_01_03248|taramakaṭa æti vū kōpaya nisā paruşavacana kiyayi. tavat eya diyuṇu vū kalhi atin payin pahara deyi.|default
sin_01_02683|sivuvædǣrum vū ē lōkōttara mārga gnānaya sammāvācā- sammākammanta- sammāājīva- yana sīlaya da, sammāvāyāma- sammāsati- sammāsamādhi yana samādhiya da upadavayi.|default
sin_01_02490|mema peraḷikāra smārṭfōnaya ē.ayi. tākşaṇayen da samanvita vana nisā smārṭfōn chāyārūpakaraṇayē navatama atdækīm viṉdagænīmaṭa meya kadima avasthāvaki.|default
sin_01_00235|ohugē atævæsi taruṇa bambadatā noyek karuṇin buduguṇa kiyayi, dahamguṇa kiyayi, saṉgaguṇa kiyayi.|default
sin_01_00571|ekalhi ektarā bhikşunamak edavasa pavāraṇadinayehi ævætakaṭa pæmiṇiyē vē.|default
sin_01_02587|budunaṭa da saṉganaṭa da puṭu pudā karmayaṭa anurūpa vū anusas pasak labami.|default
sin_01_00374|kāmarāgānusaya da paṭighānusaya da mānānusaya da diṭṭhānusaya da vicikicchānusaya da bhavarāgānusaya da|default
sin_01_00262|gæmi dahamak vū mevundamin duru væ hæsirennē eyin væḷækkē yæ' yi mahaṇeni, mesē hō tathāgatayangē guṇa kiyana puhudun temē kiyannē ya.|default
sin_01_02406|metænat rişāḍ. kotænat rişāḍ. rişāḍ æmati hamudāpatiṭa balapǣm karanavā. vaidya śāfiṭa erehiva ena pæmiṇili saukhya amātyāṁśayē dī yaṭapat venavā.|default
sin_01_00672|kima, ohu jīvat vannā vū taṭa gihigen nikma sasun vædīmaṭa anudannāhu da?|default
sin_01_03203|me magadha raṭa nægenahira pættē pihiṭi bamuṇu gameki.|default
sin_01_01285|ē mudala gevīmaṭa siduvī ættē vatman rajayaṭa bava pasugiyadā agrāmātya mahinda rājapakşa mahatā pārlimēntuvēdī pævasīya.|default
sin_01_02028|mē aya kataragama enavā nam anivāryenma maṭa kōl karanavā. maṁ tamayi ē ayaṭa ōna pahasukam salasā dennē.|default
sin_01_02689|ætæmhu hoṉda bhāṇḍayak lat kalhi eyin taman da prayōjanayak no gena anunṭa prayōjanayak gannaṭa da no demin nikam bhāṇḍaya ata pata gāmin balamin tabā gena siṭiti.|default
sin_01_00697|jivhā samphassa pratyayen vū vēdanāskandhaya.|default
sin_01_00281|utsāhaya pratyaya koṭa gena (utsāha vaḍā),|default
sin_01_01765|aḍu vayas vivāha hā gæb gænīm væḷækvīmaṭa dænumvat kirīmak.|default
sin_01_01048|hē vusū pirivesa ætiyē tun ævætnaṭa saṅghayā gen saræyaka mānata yadī.|default
sin_01_00790|piḷisan karamin ævætaṭa pæmiṇīmek æta, piḷisan no karamin ævætaṭa pæmiṇīmek æti.|default
sin_01_00072|satyaya vaśayen nolæbena arthaya hīnārtha nam vē.|default
sin_01_03028|nivun daruvō da ovunovun behevin samāna vatudu sarvākārayen sama no veti.|default
sin_01_01094|ehidī viśēşagnayingē saha nīti keṭumpat kirīmē depārtamēntuvē sahāya ē saṉdahā labāgata hækiya.|default
sin_01_02676|paṭiccasamuppādāṅga doḷosen koṭasak klēśayō ya. koṭasak karmayō ya. koṭasak vipākayō ya. klēśayan nisā satvayō karma kereti.|default
sin_01_02290|rājya sēvaka væṭupa rupiyal dasadahasa kinda paudgalika aṁśavala væṭupa rupiyal dedahas pansīyakin pamaṇada væḍiviya.|default
sin_01_02751|maranu labana satvayan guṇayen sama vū kalhi mahā śarīra æti satvayā mærīma mahā sāvadya vē. mahā śarīra æti satvayaku mærīmaṭa mahat upakramayak kaḷa yutu bævini.|default
sin_01_02567|itiṁ maṁ ōnǣ dēkaṭa, ōnǣ daṇḍuvamakaṭa sūdānam. daṇḍuvam karanava naṁ daṇḍuvam karanḍa! hæbæyi mataka tiyāganḍa; ætta kivvaṭa daṇḍuvam dunnot ætta nættaṭama nætiveyi.|default
sin_01_02289|em. vijēpāla mahatā mesē kīya. nagara sabhāvē karmānta kamiṭuva hō dænuvat kara nǣ.|default
sin_01_02834|mohu sucilōma yaku gē mitra yakşayeki. mohugē śarīraya atiśayin ma karkaśa sēma vişama da vē.|default
sin_01_01106|anē! ehema karagena yanakoṭa vagāva pīdilā hæḍa gahalā enakoṭa niyaṉgaya āvā.|default
sin_01_02442|fiyōnā asārgē jaṁgama durakatanayē vū chāyārūpaya desa balā siṭiyāya. aravind hā tamā samīpava katā baha karana chāyārūpaya asārgē durakatanayaṭa læbuṇē kesēdæyi æya kalpanā kaḷāya.|default
sin_01_01257|puvatpat, guvan viduliya, rūpavāhiniya menma samāja veb aḍavi ossē da nidahasē galā yana puvat bavaṭa patva tibennē da mebaṉdu kriyākārakamya.|default
sin_01_02074|ē anuva kæbinaṭ maṇḍalayaṭa uḍin inna 'jātika vidhāyaka sabhāvak' yōjanā kara tibenavā. ema vidhāyaka sabhāvē koṭaskaruvan lesa janatā vimukti peramuṇa kriyātmaka vīmaṭa apēkşā karanavā.|default
sin_01_01215|mama ekak kiyannam, dæn āṇḍu kīyak piṭipassē mē minissu gihillā tanaturu gattada?|default
sin_01_03273|ætameku gē mē trividha samācāra ma śānta ya. eyin yamak yamak tamahaṭa risisē nam ē ē salakā krōdhaya sansiṉduvā gata yutu ya. ebandā kerehi maitrī væḍīma duşkara no vē.|default
sin_01_01062|ehidī ema mudalaṭa sarilana sēvaya nokara sēvakayā hō sēvikāva venat sthānayakaṭa giyahot hāmputāṭa ætivana pāḍuva ohu eraṭa rækiyā niyōjitayāgen illā siṭī.|default
sin_01_02602|ætæmhu rāgaya nisā ivasati. ætæmhu kuhaka kamaṭa ivasati. ætæmhu mila mudal ādiya læbīmē āśāven ivasati. ē ivasīm mē pāramitā kathāvehi adahas no karanu læbē.|default
sin_01_02555|ǣ ambalangoḍa upan kāntāvaki. raṇāla sudævila gamaṭa ǣ pæmiṇiyē vivāhayat samaṉga ya. ægē sæmiyāgē paramparāva mæṭi bhāṇḍa nişpādanayē nirata vū pirisaki.|default
sin_01_01316|eheyin ohu kavarekdæyi soyā ema mudala ayakara gænīmaṭa utsāha karamu. mandāramnuvara rathagālē ṭenḍar givisuma apaṭat labādenna.|default
sin_01_00606|eheyin dharmayehi hæsiremi yana adahasa maṭa æti veyi.|default
sin_01_00255|maitriyaṭa pæmiṇiyē ya (maitriyen yuktaya)|default
sin_01_02218|ætæm avasthāvaladī vividha prasaṁgayakaṭa onna menna tibiyadī ḷamayin asanīpa vīma viśāla abhiyōgayak viya.|default
sin_01_01646|ema avasthāvēdī māravila saha avaṭa sthāna kihipayakama gas kaḍā væṭī æta.|default
sin_01_00972|śāriputraya, mama ema śarīraya as vasannem atin śarīrāvayava pirimadimi.|default
sin_01_03165|sōta ghāṇa jivhā yana indriyayan saṁvara kara gænīma da yahapati.|default
sin_01_00502|sammāvācā sammākammanta sammāājīva tuna mārga vannē no.|default
sin_01_00186|tava viśēşa anusas dekak da læbuvā.|default
sin_01_03018|mē narakayehi satvayangē siruru tuḷaṭa væda ætuḷata davannā vū napuru dumak ættē ya.|default
sin_01_01558|ammā, tāttā mallī saha naṁgilā dedenā apē pavulē sāmājikayan.|default
sin_01_02703|ārya saṁghayā kerehi ættā vū ē dānaya mahatphala kirīmē guṇaya uttama ratnayak vannē ya.|default
sin_01_00103|æsīma yana vacanayen dækvennē haṇḍa dannā vū sitaya.|default
sin_01_02040|ikut daśaka pahak ætuḷata javipe kærali dekakaṭa nāyakatvaya dunnēya.|default
sin_01_00343|ek skandhayak visin dasa āyatanayak visin soḷos dhātuvak visin asaṅgṛhīta|default
sin_01_02849|maramiya yana sitin torava kaḷa deyakin kenaku maḷa da, mærena bava no dæna kaḷa deyakin maḷa da, marana adahasin torava kaḷa deyakin maḷa da ævæt no vē.|default
sin_01_01821|gamē sunakhayan aturudahan karavana amuttā nisā gammānayak bhītiyaṭa patveyi.|default
sin_01_00786|piyāṇeni, ē numba nopamā vūyē nokipiyē kaṭayutu kaḷa mænava.|default
sin_01_02047|rækiyā hō adhyāpanayē niyutu kāntāvan amatanna. gæhæṇu ḷamun saṉdahā navātæn pahasukam. kosvatta, battaramulla.|default
sin_01_01208|tama raṭa venuven idiripat vī siṭina nāyikāvaṭa suba pætīma piṇisa ægē ādhārakaruvan ræsak da mē vanaviṭa hēg nagarayaṭa gos ætæyi vārtā vē.|default
sin_01_01354|ē katāva eḷiyaṭa pæmiṇa eya pārlimēntuvē pavā diga hæruṇu viṭa mudal labāgat el.ṭī.ṭī.ī. sāmājikayan sæṉgava giyaha.|default
sin_01_02739|ætæmek śarīraya hæra jīvayak æta. śarīraya anikeka, jīvaya anikekæyi ganiti.|default
sin_01_00008|un vahansē kerehi sita pahadavā gænīm mātraya pavā noyek vara dev minis sæpa læbīmaṭa hētu vana kuśalayeki.|default
sin_01_01576|īṭa amatarava mīgamuva siṭa galkissa dakvā kalāpayē hōṭal, mahal nivāsa kulī padanama yaṭatē ē aya labāgena tibenavā.|default
sin_01_02677|tathāgatayan vahansē kimbulvat purayaṭa væḍama vīmen satvæni dinaya eḷambiyē ya. buduhu visidahasak mahā saṁghayā pirivarā gena sudovun raju gē māḷigayaṭa væḍama kaḷaha.|default
sin_01_03009|oba ævataṭa pæmiṇiyehi ya yi kiyana kalhi kavarek āpattiyaṭa pæmiṇiyē da, kumakaṭa pæmiṇiyē da, kesē ævataṭa pæmiṇiyē da, oba vahansēlā kiyannē kāṭada yanādiya kiyayi.|default
sin_01_00409|peravaruyehi hæṉda pereva pāsivuru geṇa|default
sin_01_01402|'pissuda?' candralatā duvagē haṇḍin vahāma avadi veyi.|default
sin_01_00019|lōkōttara dharma navaya aturen sōvān mārgaya, eya labā gat tænættā satara apāyen hā jāti satakin mattehi ohuṭa læbennaṭa tibena saṁsāra duḥkhayen da etara koṭa nivanaṭa pamuṇuvayi.|default
sin_01_02700|satpuruşayanṭa āryayan priya ya. āryayan dakinu saṉdahā satpuruşayō pāṭalī putra brāhmaṇayā men raṭin raṭa pavā yannāha.|default
sin_01_02870|bala daśakayehi rūpayō pragnā daśakayaṭa no pæmiṇa ehi ma dirā biṉdī aturudahan vannāha.|default
sin_01_00793|ātmahitaya piṇisa piḷipan pudgalayek ætæ yi bhagavathu visin vadārana lada no vē da?|default
sin_01_02400|mama ahagena kavuda kiyanavā mahinda rājapakşa mahattayā edā dedahas pahaḷova chandē illuvaṭa kamak nǣ. dæn āyē āpahu ævillā chandē illanna ōna nǣ.|default
sin_01_00102|eyaṭa haṇḍa dænuma ya yi no kiyā æsīmaya yi kiyanu læbē.|default
sin_01_03108|(hatara) idin mē napuru sorā mā vænnaku marannē nam bohō pav ræskoṭa narakayaṭa yannēya. (paha) mama mē siyalla ekaṭa anā mohuṭa dennemi.|default
sin_01_00581|ekek adhyātmarūpayehi parikarmasaṁgnā nættē, ranvan vū, ranvan dækum æti, ran pæhæti, bāhira vū pīta varṇa rūpa dakī.|default
sin_01_02147|æya uturē kāntāvangē ayitivāsikam surækīmē saṁvidhānayē mannārama distrikkaya niyōjanaya karaṇa tænættiyayi.|default
sin_01_02838|anik kisivek hō chāyāva geṇavut ādāsayaṭa no ma nagannē ya. hudek yamkisi tænekin chāyāva avut ādāsayaṭa āpāthagata vannē ya.|default
sin_01_01282|putāgē tun māsē dānaya avasthāvē putāgē vakugaḍu dekin jīvan vana dedenā dækaganna maṭa āsayi.|default
sin_01_01390|eya hada kampā karavannaki. purāvidyā ārakşita smārakayak lesa nam kara tibīma satuṭaṭa karuṇaki.|default
sin_01_00504|sparśa dedenakungē, vedanā dedenakungē, saṁgnā dedenakungē, cetanā dedenakungē, citta dedenakungē samodhānaya vē da?|default
sin_01_01290|namut ægē mē kaṉduḷu raṭaṭa kiyannē æya raṭaṭa kaḷa sēvaya venuven æya agayana lesayi. mē vanaviṭa æya kisidu saṁcitayaka næta.|default
sin_01_01951|kōṭi gāṇaka vides mudal ḍubāyi aran yaddi māṭṭu.|default
sin_01_02839|aṉdura duru karannā vū mē pahan aṭavisi buduvarayan vahansēlāṭa namaskāra koṭa pūjā karami.|default
sin_01_00658|kāmāvacara rūpāvacara arūpāvacara aparyyāpanna vū kuśalākuśalāvyākṛta dharmayō yæ vēdanāskandha yæ.|default
sin_01_00867|maharaja, yam manaḥsamācārayek kusal vē da, eya yi.|default
sin_01_00649|kalpa lakşayak muḷullehi dugatiyaka no upanimi.|default
sin_01_00080|emen sitaṭa dænenuyē da sitehi sæpuṇu deyak pamaṇeki.|default
sin_01_00035|e baṉdu ṛddhiyakin karannā vū utsāhaya ṛddhimaya prayōga nam vē.|default
sin_01_01222|unvahansē sumaṁgala śabdakōşaya ehema sampādanaya kaḷa bhāşāva gæna bohōma danna himi namak.|default
sin_01_01365|koḷamba varāyē næṉgenahira jæṭiya mē vana viṭa indiyāvaṭa vikuṇā avasan.|default
sin_01_02331|ǣ sæbavin ma apuru vūvā ya. ægē lēkhana raṭāva kiyævīmaṭa pahasu sarala ekak vūvā menma kiyavannangē viśvāsaya nobiṉdena sē katandara gettam kirīmaṭa ǣ samatkam pǣvā ya.|default
sin_01_01320|trainikāyika maha nāhimivaru japāna janatāvaṭa ikman suvaya patayi.|default
sin_01_00922|yamek upadhi rahita vūyē da hē śōka no kerē mæ yi.|default
sin_01_00823|mama ē puṇyaphalayen hæma bhavayehi ma manā chavi ættem vemi.|default
sin_01_01635|pæhæra ganu læbū pudgalayin mudā gænīmaṭa āṇḍuvē ihaḷama nāyakayinṭa avaśya vū viṭa kisidu pamāvakin torava evæni pudgalayin nidahas karana lada avasthā da tibē.|default
sin_01_00176|(nava vana thērī apadānaya)|default
sin_01_03286|sǣ maḷu, bō maḷu, vihāra maḷu æmadīma bohō anusas æti pinkameki.|default
sin_01_02389|ekdahas navasiya hæṭa deka mārtu māsayē hēnpiṭagedara ñāṇasīha himi mehema katāvak kīvēya. 'mama dēśapālanen ǣt velā innē'|default
sin_01_00125|esē ma buddhādīn piḷigannā svabhāvayak buddhādīn gē guṇayanṭa pivisennaṭa iḍa dena svabhāvayak sithi ættē ya.|default
sin_01_03284|piḷiveḷin sat varak ginnen lōkaya næsē. aṭavana vārayē jalayen næsē. mesē næsena lōkaya sū sæṭa vana vārayē dī vāyuven næsē.|default
sin_01_02262|ætæmhu duppat, nodiyuṇu raṭavala væsiyanṭa pānayaṭa apanayanaya karayi.|default
sin_01_02865|pṛthagjanayan visin nivana pañcaskandhaya anuva saṁsāraya anuva sitā gata yutu ya.|default
sin_01_01347|mānava himkam kavunsilayē vimarśana vārtāvē ṛju ilakka vannē hiṭapu sēnādhināyaka mahinda rājapakşa mahatā, hiṭapu ārakşaka lēkam gōṭhābhaya rājapakşa mahatā saha raṇaviruvanuyi.|default
sin_01_00798|putraya, numba maṭa hitānukampā næti no vehi.|default
sin_01_02271|anurapurayēdī ē maṭṭamaṭa uṇusuma ihaḷa giyē ya. badulla, kǣgalla, gālla hā mahanuvara distrikkavalaṭa væḍi væssak saha tada suḷaṁ da æti viya.|default
sin_01_02844|vat sampūrṇa no karana tænættē śīlaya sampūrṇa no kerē. śīla śuddhiya næti nuvaṇa næti tænættē sitē ekaṉga bavak no labayi.|default
sin_01_01142|eya akhaṇḍava pavatvāgena yǣmayi vædagatma dē. apagē kiri govīngen kiri ekatu kirīma akhaṇḍava sidu kaḷa yutuva tibuṇā.|default
sin_01_00313|ataræ avan nopiḷisan ek sañcētanaka sukkavisaṭṭhi ævætaṭa mūlāyapaṭikassanāva|default
sin_01_02356|koṭagala saukhya vaidya niladhārī kāryālaya væseyi.|default
sin_01_01788|parisara polīsiya magin dedahas pahaḷova vasarē muḷu basnāhira paḷātēma tæna tæna kasaḷa dæmū aya at aḍaṁguvaṭa gena tibuṇē ekdahas tunsiya tuna yi.|default
sin_01_02542|ēt īḍis ījipṭayi saha īḍis ælbopikṭas yana maduru varga deken vitarayi ḍeṁgu vairasaya śarīragata vennē.|default
sin_01_01221|ē saṉdahā ovun tōrāgena tibuṇē des vides saṁcārakayan atara prakaṭa rivasṭan pradēśayayi.|default
sin_01_02173|'mama puvatpatvalaṭa śişyatvayaṭa adāḷava liyanavā. pāsalē ḷamayinṭa pattara aragena denavā. īṭa amatarava mama uganvanavā'|default
sin_01_00364|ovungen kinam væḍek dæ yi biṉdīmē adahasa peraṭu koṭa ættāhu pohoya karat.|default
sin_01_02093|api mē diriya puravæsi samuḷuva kæṉdavā tibennē yaṭat væsiyan venuvaṭa diriya puravæsiyan bihi karannayi.|default
sin_01_02513|ēkaṭa jātika ārakşaka badda, væṭ badda ætuḷu siyalu badu ihaḷa damanna ōne. sahanādhāra kappādu karanna ōne. rājya sēvayaṭa alutin baṉdavā gænīm natara karanna ōne.|default
sin_01_03097|mē tudus dharmayan aturen passaddhiya, pītiya, tatramajjhattatāvaya, chandaya, cittaya, virati tunaya yana mē dharma navaya ek ek tæna ma āyē ya.|default
sin_01_01839|māsa gaṇanak tissē sālem muhudu veraḷa digē æviddā.|default
sin_01_01182|pāribhōgika adhikāriya kī pamaṇin obaṭat maṭat sihivannē kumakda?|default
sin_01_02809|ektarā tera kenekuṭa eya ivasiya no hæki vī; 'mē dīghabhāṇaka āryavaṁśa dharmaya desami' yi kiyamin muḷu ræya ma kōlāhala keḷē ya, yanādīn abhaya terun vahansēṭa baṇinnaṭa viya.|default
sin_01_01608|meyaṭa visaṉdumak lesa aturu væṭupak labādena bavaṭa yahapālana rajaya porondu dunnā.|default
sin_01_00466|satyārttha paramārttha vaśayen pudgala dannā læbē|default
sin_01_03083|pīti malla terun vahansē rahat vūyē payin sakman koṭa esē karannaṭa nupuḷuvan vū kalhi daṇin da sakman karamin vīrya kirīmeni.|default
sin_01_02654|savana vārayē dhyānaya labāgat pasu unvahansē sitannāhu dhyānayen pirihī innā avasthāvaka maraṇaya vuvahot matu upata aniyata ya.|default
sin_01_00537|ævætni, apagē śāstṛn vahansē mē anusas dækæ rūpayehi chandarāgaya næsīma pavasana sēka.|default
sin_01_02813|budurajāṇan vahansē dinak bhikşu saṁghayā hā sākēta nagarayehi piṇḍu piṇisa hæsuruṇu sēka.|default
sin_01_02378|api vagē dēśapālanagnayinṭa. siṁhala demaḷa muslim dēśapālanagnayinṭa. poduvē raṭa væsiyā jīvana aragalayaka yedena koṭa dēśapālanagnayo bala aragalayaka yedenavā.|default
sin_01_02049|gēdora iḍakaḍam uvamanāyi pǣliyagoḍa kælaṇiya, sapugaskanda, biyagama avaṭin akkara tuna iḍamak avaśyayi.|default
sin_01_00392|tavada esamayehi anya vū da pratītyasamutpanna vū yam arūpīdharma kenek ædda, mē dharmayō avyākṛtayō yi.|default
sin_01_01876|dumburu pæḷa kīḍǣ uvadura anurapura kumburu akkara dahas gaṇanak vanasayi.|default
sin_01_02796|ē dharmayō dedena ovunovun keḷavara koṭa siṭinnō ya. bhāgyavat buduradungē gnānaya sakala dharmayanhi pavatnēya.|default
sin_01_01748|kaṇḍalama væv bæmmē riya anaturakin piyā maruṭa - diyaṇiya vævaṭa væṭī aturudan.|default
sin_01_00240|mahaṇeni, anun māgē hō guṇa kiyatot, dharmayē hō guṇa kiyatot, saṁghayāgē hō guṇa kiyatot, ehi tepi prīti vannahu nam, satuṭu vannahu nam, topaṭa ma eyin antarāya vē.|default
sin_01_01841|paryēşaṇa saha vaidya vidyātmaka hædǣrīm tuḷin ada vana viṭa yam pudgalayakuṭa siyadivi hānikara gænīmē situvilla ætivīmaṭa hētu vana karuṇu kāraṇā kīpayak anāvaraṇaya karagena tibē.|default
sin_01_00133|tamāṭa anukūla karavā gænīm vaśayen samprayukta dharmayan kerehi adhipatikama karana bævin śraddhāva indriyayeki.|default
sin_01_00965|visi ayurekin ātmavādapratisaṁyuktadṛşṭiyehi abhiniveśaya veyi.|default
sin_01_01734|mahā adhişṭhāna bala pujāva mevara pævætvuvē devæni vatāvaṭa. mē pūjāva venuven api hæmōma huṉgak mahansi venavā.|default
sin_01_02363|ēken ayiyaṭa læbuṇē tunvæni sthānaya. edā ayiyā sṭēj ekēdi goḍak æṇḍuvā. sammānaya gattē aṇḍa aṇḍā. ayiyā aṇḍanavā dækalā maṭat edā goḍak duka hituṇā.|default
sin_01_00862|mahaṇeni, yamsē yamkisi balakaraṇīya karmāntayō.|default
sin_01_01286|væṭuṇa śrīlanipaya kelin kirimaṭa kæpa vuṇē gamvala minisun ya.|default
sin_01_01108|utsavaya mātara nūpē maṁsandhiyē pihiṭi pæræṇi ōlanda veḷeṉda saṁkīrṇayē dī pævætviṇi.|default
sin_01_02607|ē dæka satuṭin upāsakavaru pātraya labā geṇa kiribat puravā dunha. terun vahansēt bat piḷigeṇa vaḍanākāra dækvūsēka.|default
sin_01_00970|śabda anitya yæ, peræḷenasulu yæ, anparidi vanasulu yæ.|default
sin_01_00587|eya ikmavā kerē nam hō karavā nam hō piyōhi dukuḷā vē.|default
sin_01_01075|antarjātika kāntā dinaya yedī ættē mārtu aṭa vænidāṭayi.|default
sin_01_01661|mē maṉgin gedaraṭa avaśya eḷavaḷu ṭika - palaturu ṭika pirisuduva labāganna puḷuvan.|default
sin_01_02482|korōnā vairasaya: saukhya mārgōpadēśayan dæḍiva anugamanaya kaḷa yutuyi.|default
sin_01_02492|ē nisā saukhya æmativarayāṭa siduvannē mē vaidya sabhāva visuruvā hæralā nava vaidya sabhāvak patkara gannayi. mē naḍu tīnduvē pudumayak næhæ.|default
sin_01_01004|svāminī, minissu dæn sammata bhūmiyehi ma kæṉda pisat.|default
sin_01_00314|adhyātmarūpayehi parikarmasaṁgnā rahita vūyē|default
sin_01_00683|kesē nam pudgala varak giluṇē giluṇē mæ vē da yat, melova kisi pudgalayek ēkāntayen kṛşṇa vū akuśala dharmayan gen yukta vūyē veyi.|default
sin_01_03180|anun visin balahatkārayen pravēśa kirīmēdī no ivasuva hot sika padaya no biṉdē. ivasuva hot biṉdē. ayathā maithunayen sikapadaya no biṉdē.|default
sin_01_00492|aşṭāryyapuruşapudgala saṅkhyāta puruşayugayō satara denek ættāhu no vē da?|default
sin_01_01715|asanīpa nisā ævangāḍ sabhāpatiṭa dunna varentu āpasu kæṉdavayi.|default
sin_01_02627|sallēkhapaṭipadāva rakina, mē āryaśīlaya rakina bhikşuva visin atirēka cīvara no piḷigata yutuya.|default
sin_01_01906|śrilanipaya ayavæyaṭa chandaya dunnat væḷakī siṭiyat janatāvagen samāvak nǣ.|default
sin_01_00483|adharmakarmayehi adharmakarmasaṁgnā ætiyā nam dukuḷā ævæt vē.|default
sin_01_00887|meseyin dharmayanhi dharmānudarśī væ vāsaya kerē.|default
sin_01_01657|taksēru vārtā læbī æti tavat tis ek denakuṭa vandi labādīmaṭa æti bavat pævæsīya.|default
sin_01_00696|jana temē anya janayā kerehi bæṉdī giya svabhāva ættē ya.|default
sin_01_01747|lakşapāna vān doraṭu æreyi - avadhānayen siṭinna.|default
sin_01_01796|sayiprasayen kapāgannā samāja rakşaṇa mudala tamanṭa dennæyi illā sayipras sēvaka ekamutuva virōdhayē.|default
sin_01_02830|e pavat piya raja siduhat kumaruṭa dænvī ya. eviṭa nǣyan ræs karavā ovun madhyayehi, bōsat tamā dat śilpa dækvūyē ya.|default
sin_01_01377|iskolē yanna sudusu vayasē inna viśāla pirisak gevalvala innavā.|default
sin_01_03173|gōcara rūpa dækvīmē dī prasāda pasaṭa ma goduru vana rūpa dækviya yutu bævin kāya prasādayaṭa goduru vana bhūtarūpa tuna spraşṭavyaya nāmayen dakvā tibē.|default
sin_01_00041|āhāraya piḷigannā kalhi da pamaṇa ikmavā no gena sǣhena pamaṇaṭa piḷigata yutu ya.|default
sin_01_00460|vipula vū mahadgata vū apramāṇa vū avaira vū|default
sin_01_00069|satyaya vaśayen nættā vū arthayaya, satya vaśayen ættā vū arthayaya yana mē dekin satya vaśayen no læbena arthayaṭa vaḍā satyaya vaśayen læbena arthaya usasya.|default
sin_01_01331|vimaladharma sar evakaṭa 'rēḍiyō silōn' hi ḷamā piṭiyaṭa apa tidenaku kæṉdavā gena giyēya.|default
sin_01_01692|antimaṭa rajīv gāndhi agamætitumāṭat jīvitaya ahimi vuṇā.|default
sin_01_03236|kelesun keren ārakşāva paccupaṭṭhāna koṭæ ættē ya. sampajaññaya muḷā novīma lakşaṇa koṭæ ættē ya. tīraṇaya kṛtya koṭæ ættē ya.|default
sin_01_03072|'apagē goduru gamehi siyalu satvayō vaira nættō vetvā! napuru sit nættō vetvā!' yanādīn ihata kī paridi goduru gamaṭa met vaḍanu.|default
sin_01_01740|vijaya nandasiri bas ekē siṁdu kiya kiyā næṭuvā.|default
sin_01_02064|ægē alutma toraturu dænaganna apa æyaṭa katā kaḷā. monavada kalā jīvitayē alutma toraturu? nirmāṇa kihipayakama rūgata kirīmvalaṭa sambandha vana nisā mē dinavala ṭikak kāryabahulayi.|default
sin_01_01870|ē venuvaṭa ānayana apanayana veḷaṉda parataraya væḍivelā. ē nisā rupiyalē agaya aḍuvelā tiyenavā.|default
sin_01_00169|pasuva rankaru ranin mal sādamin tamāgē putun dedenāgen væḍimahalu putāṭa ē saṉdahā udavvaṭa katā kala namut ohugen læbunē 'oba kaḷa varada obama balā ganna' kiyā ya.|default
sin_01_01741|matin tora raṭak hædīmē janapati utsāhayaṭa bhēda nætiva dāyaka vemu.|default
sin_01_00340|ekalhi ektarā mahaṇek bhāgyavatun vahansē veta eḷambiyē ya.|default
sin_01_01401|mema gasvala koḷavalaṭa hiru eḷiya væṭena koṭa ēvāyē glūkōs hædenavā.|default
sin_01_01216|ema nisā pera pāsal guruvariyanṭa, sahāya pālikāvanṭa rajayen væṭup gevanavā.|default
sin_01_02881|kayin adhişṭhāna kirīmaya, vacanayen adhişṭhāna kirīmaya yi adhişṭhāna krama dekaki. ekak adhişṭhāna kara æti kalhi anikak adhişṭhāna no kaḷa yutuya.|default
sin_01_00706|tada masuru sattvayō ēkāntayen devlovaṭa no yannāha.|default
sin_01_01315|ratnapura maha rōhalē carma rōga sāyanayaṭa pæmiṇīmen nomilē pratikāra hā upades labāgata hækiyi.|default
sin_01_00298|esē lova haṭa gannā kalhī his bambavimanek pahaḷa veyi.|default
sin_01_01520|nivesa væḍiduraṭat parikşā kaḷa polisiya ema nivesē almāriyaka saṉgavā tibū japānayē nişpādita gini aviya soyāgena æta.|default
sin_01_02212|devana pantiyē āsana hæṭa hataraki. tunvana pantiyē mædiri dekaka āsana anūvak bægini. riyæduru kuṭiya sahita tunvana pantiyē mædiriyē (ḍamiya) āsana hæṭaki.|default
sin_01_02393|miyuru vadan kæṭi bavaṭa pat kaḷē. 'digāmaṇḍullē āścaryaya' namini. mē kṛtiya kiyavana viṭa nitætin ma hamu vana guṇaratna koluvā pāṭhakayanṭa kisi viṭaka amataka no veyi.|default
sin_01_02142|muḷu lōkayēma daḷa dēśīya nişpāditaya ṛṇa agayakaṭa pahata væṭilā. rajayē ādāyam enna ennama aḍuvenavā.|default
sin_01_01724|eyāgē tērīm harima lassanayi. ē vagēma eyāṭa hoṉdaṭa vihiḷu karannat puḷuvan.|default
sin_01_00208|karuṇu deken mema akusalaya siduvē.|default
sin_01_00714|tā put ē mama kusal kam koṭa deviyangē sahabhāvayaṭa pæmiṇiyemi.|default
sin_01_02911|'sōmanassa sahagata sitvala misa upēkşā sahagata sitvala karuṇā - muditā no yedeti ya' yana ācārya matayak da ættē ya.|default
sin_01_02502|ohu pæhædiliva penvā denavā mema saṁkhyā datta vikṛti kaḷa bava. āṇḍuva mē ākārayen saṁkhyā datta vikṛti karannē æyi?|default
sin_01_00378|kumak æti kalhi kumak æsuru koṭa kumakaṭa pivisa|default
sin_01_00220|eka, diṭṭhadhammavēdanīya|default
sin_01_02394|baṭahira auşadha men api āyurvēda auşadha piḷibadava da paryēşaṇa pævætviya yutuyi. paryēşaṇa pavatvā oppu kirīma tulin eya lōkayaṭa hadunvā denna puḷuvan.|default
sin_01_02454|cīnayen katā kaḷā. spāññaya ætuḷu yurōpīya raṭavalin illum galāgena āvā.|default
sin_01_02308|vartamāna minis samājaya tuḷa ovunovun kerehi pævatiya yutu mitraśīlī bava da mānavīya bava da, mānava gauravaya da kemen kemen gilihemin eya śişṭa sampanna samāja sīmāven ǣtin ǣtaṭa yayi.|default
sin_01_02581|ebandak un vahansē no karana sēka. tathāgatayan vahansē gē śrāvakayō sarpayan gahaṇa āraṇya sēnāsanavala da vesennāha.|default
sin_01_02647|cakkhundriya yanu cakşuḥ prasāda rūpa ya. eya cakşur vignānayaṭa adhipati ya. cakşur vignānayaṭa ætiviya hækkē cakşuḥ prasādaya anuvaya.|default
sin_01_00903|mē mē karuṇen da devi minisunṭa śāstṛ sēka.|default
sin_01_02022|ēt api illannē apē mē gamaṭa āsannava iḍam labādenna kiyalayi. tē vagāva sidu nokarana vatukarayē iḍam tiyenavā. apē gamaṭa āsannava.|default
sin_01_00549|ikbiti sēla bamuṇu bhāgyavatun vahansē karā eḷæmbiyē yæ.|default
sin_01_03246|navaya. rahatan vahansēlā divi himiyen īrşyā krōdhavalin torava sakala satvayan kerehi maitriyen vāsaya karannāha.|default
sin_01_00060|ēvāyin ek deyakudu mēsaya no vē, ē siyalla da mēsaya novē.|default
sin_01_01532|kṛşikarma æmætivarayā vī mōl himiyan venuven penī siṭinavā misa pāribhōgikayan rakina væḍapiḷiveḷak nǣ.|default
sin_01_01329|kasaḷa vala tiyena apa jalaya līṭara desiya dahayaka parimāvak æti bæral ekakaṭa ekatu venavā.|default
sin_01_00769|paviṭa mama samyaksambuddha vūyem ma samyaksambuddhayemi yi piḷina keremi.|default
sin_01_00431|māgē siruru pæhæya da siyalu digun babuḷuvayi.|default
sin_01_03154|unvahansē visin karannā vū caturārya satya dēśanāva sāmānya dēśanāva, sāmukkaṁsika dēśanāva yayi deparidi vē.|default
sin_01_02538|supiri auşadha veḷaṉdasælak vaṭalā mat auşadha togayak allayi.|default
sin_01_01872|vanajīvī varjanaya atarē kækirāva viduhala asalaṭa ā ali eḷavanna polisiya eyi.|default
sin_01_02553|saukhya baladhārīngē anumætiya himivū vahāma guvantoṭupaḷa vivṛta karanavā - saṁcāraka amātya.|default
sin_01_00597|eseyin mæ ē pārājikāpattīhu vaṭālā prakṛti bhāvayaṭa no et.|default
sin_01_03043|jīvitindriya ya, avinirbhoga rūpaya, bhāva rūpaya yana bhāva daśakaya da tri santati vaśayen vastu daśaka, kāya daśaka, bhāva daśakayan vaśayen rūpa tisak upadī.|default
sin_01_02974|'mama dakimi, mama duṭuvemi' yayi manuşyayan vignānayak hæṭiyaṭa nova tamā sæṭiyaṭa salakannē eya varadavā tērum gænīmeni.|default
sin_01_01556|anura baṇḍāranāyaka ē āṇḍuvē tiraya yaṭa caritayak vana viṭa indiyāvē rajīv gāndhi caritayak viya.|default
sin_01_00261|'śramaṇagautama temē abramsara duru koṭa bambasara hæsirennē ya.|default
sin_01_02613|ekama gāthāvak kiyā bōdhiyaṭa caityayaṭa væṉda budunaṭa mal pahan pūjā kirīma kramānukūla no vana nisā, bōdhiyaṭa caityaṭa pūjā pævætvīmaṭa gāthā da meyaṭa ekatu karana ladī.|default
sin_01_01253|ē nisā bhūmiya ituru karaganimin sǣma pradēśayakama mevæni mahal nivāsa idikara itā sahana milakaṭa nivāsa labādīmaṭa api sūdānam.|default
sin_01_02052|hæbæyi goḍak aya tāmat apē raṭa dihā balannē sōviyaṭ yūniyan eka vidihaṭayi.|default
sin_01_02239|kaḷutara nagarādhipativarayāṭa labana janavāriyē siṭa nila kabāyak saha nila palaṉdanāvak labādīmē yōjanāvak perēdā (dahatunadā) pævæti kaḷutara nagara sabhā māsika ræsvīmēdī sabhā sammata viya.|default
sin_01_00439|yamak anitya nam duk nam venas vanasulu nam|default
sin_01_01926|miyagiya ayagē maḷa sirura kuruṇǣgala śikşaṇa rōhalaṭa genagos ehidī paścāt maraṇa parīkşaṇaya adhikaraṇa vaidya niladhāri vaidya janaka pradīp liyanagē mahatā pævætvīya.|default
sin_01_03022|(ekoḷaha) atīta kālayehi kasīraṭa kikī namæti rajek rājyaya karavīya. (doḷaha) ē rajugē rājadhāniya baraṇæs nuvara viya. ē nuvara āśraya koṭa kāśyapa budurada kalak visī.|default
sin_01_00827|mama meya saṉganaṭa nisajami yi, nisajā ævæt desiya yutuyi.|default
sin_01_01207|gṛha bhāṇḍa vikiṇīma: bhāvitayen ivatalū navīna gṛha bhāṇḍa itāmat aḍumilaṭa.|default
sin_01_02940|tiyuṇu nuvaṇæti aya trihētuka pudgalayō yayi da, nuvaṇa maṉda aya dvihētukayō yayi da sāmānyayen kiva yutuya.|default
sin_01_00238|somnasa no kaḷa yutu ya.|default
sin_01_00191|pātraya no væṭī darā siṭīmaṭa meya upakāra vuṇā vagē ma æyaṭa da dharmaya darā siṭīmē śaktiya æti viya.|default
sin_01_02842|ek samayekhi bhāgyavatun vahansē rajagaha nuvara vēḷuvanārāmayehi væḍa vesena sēk, rajagaha nuvara piṇḍu siṉgā væḍi sēka.|default
sin_01_02509|baninna ōna, gahanna ōna, geval kuḍu karanna ōna vagē daruṇu dēval hitaṭa ennē næhæ; bhāvanāvē yedena velāvaṭa.|default
sin_01_03299|'cētanāhaṁ bhikkhavē! kammaṁ vadāmi' yi vadārā ættē ē kriyā sādhaka mānasika balavēgaya saṉdahā ya.|default
sin_01_01375|raṇasiṁha mahatā ætuḷu niladhārīn pirisak siddhiya sambandhayen væḍidura parīkşaṇa karati.|default
sin_01_03179|anātha piṇḍika (anē piṇḍu) siṭu tumā vihāra karmāntaya nimavā 'dæn sævæt nuvaraṭa vaḍinnaṭa kālaya yæ' yi danvā bhāgyavatun vahansē vetaṭa dūtayaku evī ya.|default
sin_01_02514|saundaryaya sarasavi saṁgīta pīṭhayat svēcchā tanaturu atahariyi.|default
sin_01_01051|nirōdhānudarśī vūyem āśvāsa keremi yi hikmeyi.|default
sin_01_00766|paribhogayaṭa sudusu diya no vē nam, paribhogayaṭa sudusu diya eḷavā tæbiya yutu ya.|default
sin_01_01510|mahattayaṭa viduli særa vædīmen vuṇu vināśaya tamayi apē jīvita aṉduru kaḷē.|default
sin_01_01636|eyā niladhāriyaku misa mahajana niyōjitayaku nevē. gāmiṇi viyangoḍa hā candragupta tēnuvara dedahas pahaḷova dī apa duṭuvē ejāpa vēdikāvē siṭi ejāpa hitavādin lesaṭayi.|default
sin_01_02597|jātiyen jātiya sasara særisarannā vū ō dev rajun asū denakugē mehesiya vūvā ya. minis lova sakviti rajun sat denakungē mehesiya vūvā ya.|default
sin_01_00701|idin devana sita upan kalæ hē mæ yæ hō anekek ma yæ hō yi no kiyæyutu nam,|default
sin_01_02035|edāṭa mē aya ratnapura maha nagara sabhāvaṭa kæṉdavā chandayak tiyanavā. edāṭa puḷuvan kæmæti kenek tōraganna.|default
sin_01_02238|pirisudu pānīya jalaya labā dunnā. pōşaṇa væḍasaṭahan ærambuvā.|default
sin_01_00113|pañcaprasāda sambandhayak nætiva sitak æti vū kalhi samahara viṭa situṇēya yi kiyati.|default
sin_01_01158|ada ekī pāsala hæṉdinvennē ruvanvælla rājakīya vidyālaya yanuveni. ē kālē iskōlē davalṭa bat denavā.|default
sin_01_00339|ekalhi āyuşmat ānanda teraṇuvō bhāgyavatun vahansē veta eḷambiyaha.|default
sin_01_02771|ē vū kalī upan mātra vū praguṇa no vū nuvaṇa saṉdahā kiyana ladi. praguṇa vūyē nitya saṁgnādīn gē prahāṇayen siddha vu prahāṇa parignāvaṭa adhişṭhāna vūyē veyi.|default
sin_01_03242|prīti sōmanassa dekhi venasa da data yutuya. sōmanassa yanu ārammaṇayāgē işṭa rasaya væḷaṉdīma ya.|default
sin_01_01127|piṭakoṭuva-pānadura, piṭakoṭuva-moraṭuva, piṭakoṭuva-matugama mārgavala paudgalika bas ratha himiyan ada (tiha) peravaruvē siṭa varjanayaka nirata vē.|default
sin_01_00224|taman karana hoṉda hō naraka karma vala koṭasakaṭa melova vipāka læbē (ema avasthāvē pahaḷa vū citta vīthiyehi paḷamu javanayē śaktiyeni).|default
sin_01_00067|ætæm vacanayak æsuṇu kalhi eyin asannahu gē sitaṭa hæṉgena deya itā aprakaṭa deyak vatudu eya satya vaśayen ætiyak viya hækiya.|default
sin_01_00530|āryyāveni tepi musuvūvāhu mæ vāsaya karavu.|default
sin_01_00511|avaśēşadharmayō upēkşā sambodhyaṅgaya hā samprayuktayō yi.|default
sin_01_00524|ānandaya, ē mama pasukālayehi viññāṇañcāyatanayehi dos dæka eya bahula keḷemi.|default
sin_01_00920|yamsē mama satuṭu vem da ē karuṇen ma mama mehi pæmiṇiyemi.|default
sin_01_00575|ekalhi lovhi kāruṇika vū buduraja tema māveta ālokaya pætira vīya.|default
sin_01_01695|oya vagē, kana dē gæna hoṉda avabōdhayen anubhava kirīmayi 'slō fuḍ' saṁkalpayen kiyævennē.|default
sin_01_02526|raṭē svairībhāvaya gæna adāla saṭan pāṭha nirmāṇaya nokarana āṇḍuva bhūmitel ekka īniyā saṭan pāṭha genenavā. jinīvā bhītiyak mavā pānavā.|default
sin_01_02565|mudal gevā labāgata yutu mṛdukāṁga saha sēvāvan bohomayak apa bhāvita karannē (krīm krækar) krækḍ mṛdukāṁga, caura mṛdukāṁga vidihaṭayi.|default
sin_01_01070|kṛtrima rā hevat gōḍā līṭar ekalakşa panasdahasak tibuṇē līṭar dedahasa bæral tis dekaka saha līṭar pandahasa bæral hayaka bahālamini.|default
sin_01_03067|bhāva rūpa strī ākāraya hā puruşākāraya gænvīm vaśayen sampūrṇa rūpayaṭa adhipatikama kerē.|default
sin_01_00079|aṉdurehi atagānnā vū kenakuṭa dænenuyē atē sæpuṇa deyak pamaṇaki. no sæpuṇu deyak no dænē.|default
sin_01_00876|minissu durbhikşayehi æt mas anubhava karat.|default
sin_01_00814|bhikşūhu lamu koṭa sitana nuguṇa pavasana dos paturuvana ē minisungē akīrttiśabdaya æsūhu mæ yi.|default
sin_01_01958|anaturak sidukara paḷā giya bas ratha riyadurāṭa māsa tunaka sira daṇḍuvamak.|default
sin_01_00857|mahaṇeni, mē dakşiṇā viśuddhīhu satara deneki.|default
sin_01_01024|himiyō tō aśramaṇayehi yi ē mahaṇahaṭa cōdanā kaḷāhu ya.|default
sin_01_00231|mesē ē æduru atævæsi dedena ekek anekāṭa iṉdurā ma viruddhavāda ættō bhāgyavatun vahansēt biksaṉgapirisat anuva giyō vet.|default
sin_01_01637|samaharu āsiyānu taragāvaliyak laṁkāvē tiyanna bǣ kiyaddī mama tiyalā pennuvā.|default
sin_01_01223|pasugiya vasara hatara hamāra tuḷa eksat jātika rajayen apē pākşikayin vana obaṭa saṁvardhanaya labā dunnet næhæ.|default
sin_01_01243|mē mādhya bhāvitayen raṭa asthāvara kaḷat, mona kalabægǣniyak æti kaḷat, mādhya etænin ayin karanna kramayak næhæ.|default
sin_01_00577|ekalhi saṅgārava nam bamuṇek sævætnuvara veseyi.|default
sin_01_02933|'paccayapaṭisēdhana saṁkhyāta kuhana vastuva' kavarē da yat? mē sasunhi gṛhapatiyō bhikşuvakaṭa cīvarādi sivpasayen nimantraṇaya kereti.|default
sin_01_01008|sparśaya sukhavēdanīya no vanuyē duḥkhavēdanīya no vanuyē.|default
sin_01_00154|pavatnā tattvaya gæna sākacchā koṭa samānacchandayen sudussaku pālaka dhūrayaṭa pat karannaṭa tīndu kæræ gatha.|default
sin_01_02219|nītigna sunil vaṭagala mahatā dahaaṭa. samanmalī guṇasiṁha mahatmiya dahanavaya. ec. pī. dhammika mahatā vissa. candika adhikāri mahatā visi eka.|default
sin_01_02963|anitya lakşaṇaya, duḥkha lakşaṇaya, anātma lakşaṇaya yana mē tunen duḥkha lakşaṇaya sampūrṇayen tērum gænīmaṭa duşkara lakşaṇaya ya.|default
sin_01_00607|eheyin dharmayehi hæsiremi yana mē adahasa maṭa æti veyi.|default
sin_01_00435|meyin ekanūvana kapehi yam puşpapūjāvak keḷem da, ē hetuven dugatiyak no danimi.|default
sin_01_00842|mahaṇeni meheṇahu mesēt mē śikşāpadaya udesatvā,|default
sin_01_00664|kāyasaṁskāra da cittasaṁskāra da tabā sessa kāyasaṁskāra da no vūyē ma cittasaṁskāra da no vē.|default
sin_01_01939|vivāha vī māsa kīpayen biriya athæra giya dukaṭa sæmiyā siyadivi nasāgena.|default
sin_01_00404|dharmaya yana kalpanā æti, vinaya yana kalpanā æti, ohu varga vūvāhu samagi ya yana kalpanā ætiva pavarat.|default
sin_01_00753|nudun dæya gannahuṭa pas ayurakin thulæsiævæt vē.|default
sin_01_01242|ohugē gāyana pauruşaya haṉdunāgena eya citrapaṭa pasubim gāyanaya saṉdahā yodā ganna hækivīma mā lada bhāgyayak.|default
sin_01_02283|mē aya dedahas dāhatara varşayē baṉdavā gatte rupiyal hayadahasaka væṭupak matayi. pasuva dedahas dahahata varşayē siṭa movunṭa dasadahasaka væṭupak labā dunnā.|default
sin_01_01505|ema kāntāva santakayē tibī kasippu mililīṭar tundahas hatsiya panahakda polis bhārayaṭa gena tibiṇi.|default
sin_01_00155|ovun aturehi vū ārōha pariṇāha sampanna, penumen śōbhana vū ehet tedavan śuravīra puruşayaku tōrā gena ohu tamangē pālakayā kæræ gatha.|default
sin_01_00750|nivanaṭa næmuṇu nivanaṭa næmburu vū nivanaṭa bara vū sammāsamādhiya vaḍayi.|default
sin_01_03244|ē kāraṇayen apa tathāgatayan vahansē 'mahaṇeni, arhat samyaksambuddha vū tathāgata tema nūpan mārgaya upadavana sēkæ' yi kiyā vadāḷasēka.|default
sin_01_00563|e kalhi e mahaṇahu sævæt nuvara saṁghayā gē adhikaraṇa sanhiṉduvīmen no satuṭu vūvāhu ya.|default
sin_01_01369|mahattayā, kaḷet mahinda mahattayā saha gōṭhābhaya mahattayā karannet ē dēma tamayi.|default
sin_01_00218|yahapat karmayan gē dāyādaya da eya ma vē.|default
sin_01_00794|dṛşṭigatasamprayukta sparśaya akuśala vē da?|default
sin_01_02742|(paha) vampasaṭa hærī manahara prāsādaya dakī. æṉdehi hiṉdagena idiriyehi tibena, rahatanṭa vāsasthāna vū mirisavæṭiya dakī.|default
sin_01_01015|sivupiḷisimbiyāvō da aşṭavimokşayō da şaḍabhignāvō da sākşāt karaṇa ladaha.|default
sin_01_00163|janagahanaya væḍi vat ma poḷovē noyek ataṭa vihida pætirī giya janatāva samaga ma mē raja parapurē pālakayō da vena vena pedes pālanaya karana rajun vaśayen bedī giyaha.|default
sin_01_02395|paḷamuvænna mē sabaragamuvaṭa chandayak kaḍā væṭuṇē æyi kiyana eka. mēka svabhāvika chandayak nemeyi. mē chande genat tiyenne apiṭa væḍak karanna nemeyi.|default
sin_01_00211|sambudu dahamē karmaya yanu cētanāva vē.|default
sin_01_01957|rupiyal lakşayak vaṭina mat peti ḷaṉga tabāgat ayekuṭa væḍa varadiyi.|default
sin_01_01864|pæḷa siṭuvīma ārambha kaḷē parisaraya ārakşā karagannayi.|default
sin_01_00917|yam heyekin hē melova paṇivā ætiyē vē da, ayinādan gattē vē da.|default
sin_01_02872|pīḍā nisā karagena yannā vū da, matu karannaṭa balāporottu vannā vū da ātmārtha parārtha sādhaka puṇya kriyā hæra damayi.|default
sin_01_01019|suva vēdanā ya, dukvēdanā ya, mædahat vēdanā yi.|default
sin_01_02722|ēvāyē dvēşa mūla sit no læbennē nīvaraṇayak vana dvēşaya dhyānavalaṭa bādhaka heyini. lōbhayat dhyānavalaṭa bādhakayeki.|default
sin_01_01218|emenma mehidī pudgalayin dedeneku jīvitakşayaṭa patviya.|default
sin_01_01240|mē vayirasaya bhayānakatvaya vannē sapā kǣmaṭa lakvana pudgalayan jīvitakşayaṭa patvīmayi.|default
sin_01_01343|sohon bimē ayitiyat ahimiva maha maṉgaṭa væṭuṇa jīvita.|default
sin_01_01307|demasakaṭa āsanna kālayak nivasē ræṉdī siṭīma nisā siyalu denāgēma jīvana raṭāva venaskamvalaṭa bhājanaya viya.|default
sin_01_02445|īṭa pasuva ohuṭa varin vara fiṭ eka hædenavā. ē saṉdahā ohu dīrghakālīnava behet gannavā. aṭa vænidā savasa mama væḍakarana vāhanayen hayar ekak giyā.|default
sin_01_02092|kalāva vanāhi hudek pratimā, pintūra, navakatā, keṭikatā hō kavi pamaṇakma novē.|default
sin_01_00149|'un vahansē mahat aśūci parvatayak matuyehi ē aśūci yen no tævarī sakman kaḷa sēka.' (meya sivupasa bohō sē læbetat ehi no ælena bavaṭa pera nimitta ya.)|default
sin_01_02992|vyavasthāpanaya niruddha vū pasu eyin viniścaya kaḷa paridi rūpārammaṇayē sæṭi hoṉdin ganimin javana cittaya sat varak ma upadī. aramuṇa hoṉdin ma gannā sita javanaya ya.|default
sin_01_00216|esē ma yahapat karma hētuven sæpa dāyaka sænasum phalavana yahapat vipāka da, ayahapat karma hētuven denet kaṉdulin tet karavana duk vipāka da gena denu læbē.|default
sin_01_01444|lēkhavus mihintalā ālōka pūjāva mevarat panas haya væni varaṭa jūni visi hata hā visi aṭa dinavaladī utsavaśrīyen pævætvimaṭa siyalu kaṭayutu yodā æta.|default
sin_01_00660|kāmāvacarayehi pirinivenavunaṭa da rūpāvacarayehi arūpāvacarayehi paścimabhavikayanaṭa dæ yi ovunaṭa jīvitindriya da nūpadane yæ, ghānindriya da nūpadī.|default
sin_01_02715|eya sthavira navaka madhyama siyalu ma pæviddan visin kaḷa yuttaki. eya sthavira navaka madhyama siyalu ma pæviddan visin kaḷa yuttaki.|default
sin_01_00059|eya væḍidura vimasā bæluvahot ehi kelin tæbū lī kæbali satarak da, ēvā ekinekaṭa sambandha kirīmaṭa yedū lī kæbeli satarak da, ēvā mata atuḷa lǣli kæbali kīpayak da, æṇa ṭikak da, dækiya hækiya.|default
sin_01_02898|mahaṇeni! samatha vidarśanā bhāvanāvehi yeduṇu bhikşu visin nimiti tunek menehi kaḷa yutuya.|default
sin_01_02051|ehema næti avasthā valadī nītimaya kriyāmārga gannavā. kohoma vuṇat siyayaṭa siyayak niyāmanaya karanna bǣ. koṭuvaṭa saṁcāraka sælæsmak hadalā tiyenavā.|default
sin_01_00755|nudun dæya pæhæra gannahuṭa ākāra sayekin parijiævæt vē.|default
sin_01_00691|gen nikma anagāriya sasnehi pævidi vūyem sædæhæyen vemi.|default
sin_01_03277|bāla vū upādhyāyanṭa paṇḍita saddhivihārikayō vūha. avyakta upādhyāyayanṭa vyakta saddhivihārikayō vūha. alpaśruta upādhyāyanṭa bahuśruta saddhivihārikayō vūha.|default
sin_01_00027|maranu saṉdahā gæsīm, kæpīm, ænīm ādi siyatin ma karannā vū vyāyāma svāhastika prayōga nam vē.|default
sin_01_02588|desiya tis haya vænnehi upabudu mihiṉdu maharahat māhimiyan pradhāna saṁghayā visin sammata kaḷa sīmāva tuḷa prathama khaṇḍa sīmāva sammata karana laddēt æsaḷa punu pohō dinayaka ya.|default
sin_01_01880|distrik kihipayaka nāya yǣmē avadānam matuveyi.|default
sin_01_02768|minis lova gihiyō da sōvān - sakṛdāgāmi - anāgāmi - arhat yana maga phalavalaṭa pæmiṇeti. rahat vū gihiyō pævidivīma hō pirinivīma hō kereti.|default
sin_01_01057|ē vagēma janatāva nitara yanena mut eḷi peheḷi kara nogat mārga bohomayak tibenavā.|default
sin_01_02190|ṭī. bī. subasiṁha, dostara æm. ē. jī. pīris, nevil kanakaratna, ācārya niśśaṁka vijēratna,|default
sin_01_02904|rāja kulupaga teranama rajageyi valaṉdā ek namakaṭa piṇḍapātaya rægena yannē asunhalaṭa pivisa lǣllak mata nidāhun viḍāvaṭa pat heraṇa dæka nægiṭuvā āhāra anubhavakaravayi kīya.|default
sin_01_01699|ē kuḍā daruvangē menma væḍihiṭiyangē da ādaraya dinu nattal sīyā ya.|default
sin_01_00526|ānanda nam tera kenek ē budunṭa upasthāna karannāha.|default
sin_01_01862|pahaḷova hæviridi bāla vayaskāra dæriyak, asalvæsi pudgalayaku mavupiya bhārakāratvayen bæhæraṭa genagos barapataḷa liṁgika apayōjanayakaṭa lakkara æta.|default
sin_01_00331|āśvāsapraśvāsayangē utpādakşaṇayehi hā āśvāsapraśvāsayangē bhaṅgakşaṇayehi|default
sin_01_01091|oba, oba gæna ma duk venu; satuṭu venu; paścāttāpa venu; puduma venu æta.|default
sin_01_00816|maṭa tela dahama ættē da, nætahot nættē dæ yi.|default
sin_01_01800|sirikota idiripiṭa gæṭumak - kihipa denekuṭa tuvālayi - (chāyā rū sahitayi)|default
sin_01_00910|yat, asō tæna mebaṉdu nam ættem, mebaṉdu gōtra ættem, mebaṉdu pæhæ ættem, mebaṉdu āhāra ættem, mebaṉdu suvaduk viṉdinnem, mebaṉdu āyu keḷavara koṭa ættem vīmi.|default
sin_01_02119|ḍī. sæmsan saha putrayō (pudgalika) samāgama akhaṇḍava hāra vana varaṭat ḍī.es.ayi. megā şopiṁ fiyesṭā dedahas dahanavaya ārambha kaḷa bava nila vaśayen nivēdanaya kaḷēya.|default
sin_01_02522|tarjanaya karalat næhæ. hāmuduruvanṭa nama kiyamin saṁgha samājayaṭa ma apahāsa karana dēśapālanagnayan saha en.jī.ō pirisak innavā.|default
sin_01_02548|ovungē saṁskṛtiyaṭa anuva jīvat vennat, ē venaskamaṭa gaurava karannat uganvanna ōnǣ. etakoṭa apē ākalpa vardhanaya vanavā.|default
sin_01_02124|visi pan vænidā koḍikāmam, kaccāyi hi pudgalayeku ghātanaya kirīmayi.ema cōdanāvaṭa pudgalayin dedenekuṭa maraṇa daṇḍuvama niyama kara tibē.|default
sin_01_02988|śrōtra prasādayehi gæṭena, śrōtra prasādaya karaṇa koṭa gena dænena deya śabdaya ya.|default
sin_01_00609|eḷamba āyuşmat særiyut teraṇuvan samaga satuṭu vūha.|default
sin_01_01420|kuṇu kanna susāna bhūmiyaṭa ena ali gamaṭa ætuḷu venavā.|default
sin_01_02714|kal yǣmen śarīraya dirannē hisakē pæsīma æṉga ræli væṭīma ādiya sidu vannē ē tējō dhātuven karana tævīma nisāya. śarīraya davannā vū tējō dhātuva 'paridahana tējō dhātuva' nami.|default
sin_01_01804|doḍanduva hæṭa hatara kaṇuva āsannayē dī mā pædavū bas rathayaṭa idiriyen yaturupædiyak āvā. māpalagama - rasika seneviratna.|default
sin_01_03170|'brāhmaṇaya, numba vahansēgē neḷum ala yam tænættiyak pæhæra gattī da, ō tomō ek ræs vū tāpasavarun mæda hiṉda, kisi pækiḷīmak nætiva utum rasaya anubhava karāvā'|default
sin_01_02167|'aluten patvelā āpu upuldeṇiya bandhanāgāra komasārisvarayāṭa niladhārīn udavu kaḷa yutuyi.|default
sin_01_00539|ævætni, mesē puḷuvusnā lada tepi ævætni, apagē śāstṝn vahansē chandarāgaya næsīma pavasana sēkæ yi mesē prakāśa karavu.|default
sin_01_03187|sahajāta niḥśraya, purējāta niḥśraya pratyaya dekin sahajāta niḥśrayē trirāśiya sahajāta pratyayē meni.|default
sin_01_03213|virūpa veti, aviśvāsa karanu labannō veti. amihiri kaṭahaṇḍa ættō veti. ambudaruvan pavā ovungē kīma no piḷiganiti.|default
sin_01_00345|ekkaleka bhāgyavatun vahansē rajagahanuvara samīpayehi kalandakanivāpa nam vū vēḷuvanārāmayehi vasana sēka.|default
sin_01_01586|balana balana davasē æya innē garā væṭuṇu pāsalaka hō aḍupāḍu sahita rōhalakayi. bīmaṭa pirisidu diya biṉdak illā haṇḍana vakugaḍu rōgayen bæṭakana minissu asalayi.|default
sin_01_02767|budun vahansēṭa da uttama vū saṁghayā haṭa da kuḍa pudā māgē karmayaṭa sudusu vū ānisaṁsa aṭak anubhava karami.|default
sin_01_01196|loku putayi poḍi putayi ætuḷuva okkōma aṭa denek ratnapura gamanaṭa sahabhāgi vuṇā.|default
sin_01_00829|mama mē karuṇa dækæ nuvaṇættē mæ utum vannē ya.|default
sin_01_02483|sarasaviya kartṛ maṇḍalayē sēvayaṭa pæmiṇi sunil pasuva ehi kartṛ dhūrayaṭa patviya. mama taruṇī kartṛ dhūrayaṭa patvana viṭa sunil ayiyā siṭiyē siḷumiṇa sama kartṛ varayā lesaya.|default
sin_01_02141|kāṭavat leḍē nam hoṉda karanna bæri vuṇā. maṁ vatupiṭivala ispiritāle ḷaṉga āyatanayaka væḍa karanavā parigaṇaka niladhāriniyak hæṭiyaṭa.|default
sin_01_02706|pudgalayan gē vaśayen :- samāpattiya no samavannahu gē vēdanāva samavannahu gē vēdanāvaṭa vaḍā audārika yæ.|default
sin_01_00338|ema lokottarakuśaladhyānaya kaḷa bævin væḍu bævin kāmayangen ven va ma.|default
sin_01_02658|pāpaya piḷikul karana pāpayaṭa lajjā vana svabhāvaya hiri nam vē. pavaṭa biya vana svabhāvaya ottappa nam vē.|default
sin_01_00723|topagē sirurupæhæya da siyalu digun babuḷuvā dæyi.|default
sin_01_01952|enam, polis āgnā panatē panas haya væni vagantiya yaṭatē raṭa purāma ōnǣma sthānayaka mahajana ārakşāva venuven kriyākirīmē balaya polisiyaṭa tibenavā.|default
sin_01_02241|kohoma namut apē ācci āgam viśvāsa keruve nǣ. āgam viśvāsa nokarana gæhæniyak indiyāven hoyā ganḍa bæri gāṇayi.|default
sin_01_02428|mē hā anurūpa væ siṁhalayehi 'sæṇḍa' yanna yedē. ehi du saññaka 'ṇḍa'ya. 'caṇḍi' yanna da yedē.|default
sin_01_00806|buduhu mesē vadāḷō, putun ætiyē putun hētu koṭagena śōka kereyi.|default
sin_01_02998|āpatti viniścaya duşkara karuṇeki. prātimōkşaya pāḍam kara æti pamaṇin hō eyaṭa artha asvā æti pamaṇin hō āpatti viniścayaṭa no yā yutu ya.|default
sin_01_00416|bhaṅgakşaṇayehi da arūpayehi mārgayāgē hā phalayāgē utpādakşaṇayehi da,|default
sin_01_02652|ē bhāgyavatun vahansē visin no dannā laddak, no daknā laddak, gnānayen no pæmiṇena laddak, pratyakşa no karana laddak, gnānayen sparşa no karana laddak næta.|default
sin_01_02014|kavadāvat mama sammāna balāgena raṉgapāla nǣ. ē kiyanne sammānayak balāporottuven nemeyi uleḷaṭa sahabhāgi vuṇē.|default
sin_01_00062|esē no vannē ē siyalla mēsaya novana bævini.|default
sin_01_03161|puruşayaku visin śōbhana striyaka duṭu kalhi mē striya lassanaya hoṉdaya kiyā taṇhāva æti vē.|default
sin_01_02234|samaharu ē assē bora diyē māḷu bānna hadanavā. janatāva āṇḍuvaṭa viruddha bava lōkayaṭa penvanna boru udghōşaṇa mavā penvanavā.|default
sin_01_01973|vināḍi kihipayak gatavatma raḷu suḷaṁ samagin muhuda viyaru vannaṭa viya.|default
sin_01_00057|ætæm vacanayak æsuṇu kalhi ehi arthaya vaśayen dænena deya itā siyum aprakaṭa deyak vuvada eya satyaya vaśayen æti deyak viya hækiya.|default
sin_01_00855|mahaṇeni, meheṇahu mesēt mē śikşāpadaya udesatvā,|default
sin_01_00427|mahaṇeni, topa visin mesē ma hikmiya yutuyi.|default
sin_01_00056|ætæm vacanayak æsuṇu kalhi ehi arthaya vaśayen sitaṭa dænena deya itā mahat deyak hæṭiyaṭa dænuṇat ē dænuṇu deya satyaya vaśayen næti deyak viya hækiya.|default
sin_01_01840|api mē distrikkaya saṁvardhanaya karamu. koḷamba gihin gēnna vuṇu baḍu muṭṭu mē pradēśayenma ganna puḷuvan nava veḷeṉda sælæsmak hadamu. goviyā śaktimat karamu.|default
sin_01_02982|duḥkha nirōdhaya vū nivanaṭa no varadavā pamuṇuvana pratipattiya vū ārya aşṭāṁgika mārgaya sæbǣ sæpaya læbīmē sæbǣ mārgayayi.|default
sin_01_02784|mava ayat deya sambandhayen piyā hā kōlāhala karayi. māpiyan ayat dē sambandhayen sahōdara sahōdariyan hā kōlāhala karayi.|default
sin_01_00063|lī kæbeli ṭika hæra mēsaya kiyā deyak da næta.|default
sin_01_01232|citrapaṭa, sinamāva, itihāsaya gæna gæmburu dænumak ohu satuyi.|default
sin_01_01137|esē vuvat kaṇḍāyam tuḷat krikaṭ paripālanaya tuḷat gæṭalu kihipayakma matu vī tibuṇi.|default
sin_01_00986|sandhayeni, meseyin puruşa khaluṅkadhyādhitaya veyi.|default
sin_01_00105|samahara viṭa dænīmaya yana vacanaya no gena gaṉdayayi ma kiyati.|default
sin_01_02882|rūpa kalāpayan gē dækvīma ehi kṛtyaya yæ. rūpayangē paricchēda mātraya (sīmāva) væṭahena ākāra yæ.|default
sin_01_02512|maṭa āsāvak āvā vṛttimaya pætten idiriyaṭa paṭan ganna ōna kiyalā. raṁganaya hæmadāma eka. devaniyaṭa mēka. magē hitē tibuṇā maṁgala chāyārūpa śilpiyek venna.|default
sin_01_00501|sammāvācā cittānuparivartī no vannī vē da?|default
sin_01_02138|næṉgenahira paḷātē alutin yuda hamudā kaṉdavuru hā anukhaṇḍa ræsak sthāpita kara ætæyi næṉgenahira ārakşaka sēnā āgnāpati mējar janarāl aruṇa jayasēkara mahatā pavasayi.|default
sin_01_02644|sævæt nuvara siṭa saṁkassa nagarayaṭa dura yodun ræsak vuvat ē sævæt pura ræsva siṭi pirisaṭa ehi yǣma samīpa vihārayakaṭa yana gamanak men itā ikman da pahasu da viya.|default
sin_01_02143|ēken haṉdunkūru hæduvat ikmanin nivilā yanavā. ekkō vēgayen pattu velā ivara venavā.|default
sin_01_01541|mama tāttāt ekka ævit mē kælē kapalā hēn karagena metæna jīvat vuṇē.|default
sin_01_00973|śuddhāvāsayehi upadavunaṭa da asaṁgnasatvayanaṭa dæyi ovunaṭa ehi kāyasaṁskāraya da nūpannē ya, cittasaṁskāraya da nūpannē yi.|default
sin_01_00916|yam heyekin hē melova paṇivā ætiyē vē da ayinādan gattē vē da.|default
sin_01_03172|nirōdha satyaya śānti lakşaṇaya yæ. cuta novīma ehi kṛtyaya yæ.|default
sin_01_01845|ada dina sākacchāvēdī mūlika vaśayenma avadhānaya yomu karana laddē pārlimēntuvē tērīm kāraka sabhāva pat kara gænīma pilibaṉdavaya.|default
sin_01_01424|vimal giyē avalaṁgu pāspōṭ ekakin - vides gamanaṭa agamætigen sahaya.|default
sin_01_00630|ē raja da budurajun kerehi pahan da dahamhi pahan da saṉgun kerehi pahan da sil purana sulu da viya.|default
sin_01_00776|pratisambhidāvō da aşṭavimokşayō da şaḍabhignāvō da sākşāt karaṇa ladaha.|default
sin_01_02104|tē koḷa hæruṇu koṭa kuḷubaḍu siyalla miladī gannē anurādhapura , poḷonnaruva, æmbilipiṭiya saha taṇamalvila væni ǣta paḷātvalini.|default
sin_01_03016|'svāmīni, nāgasenayan vahansa, kesē nam dvāra bævin yam tæneka cakşurvignānaya upadī nam etæna ma manovignānayat upadī da? īṭa upamāvak kara vadāḷa mænævæ' yi kīha.|default
sin_01_00834|mala mū paha kirīmehi nuvaṇin dæna ma karanuyē veyi.|default
sin_01_00236|mesē ē æduru atævæsi dedenā ekek anekāṭa iṉdurā ma viruddhavāda ættō væ veset.|default
sin_01_02810|mātalī! mē vicitra vū phalaya balanna. svalpa satkārayak vū svalpa dānayak vū pina mahatphalaya.|default
sin_01_01887|mona abhiyōga āvat mama mē paṭan gatta væḍē ata harinnē næhæ. mē vidiyaṭa vasarak pāsā mama situvam uleḷaval saṁvidhānaya karanavā.|default
sin_01_01694|ē vitarak nemeyi ārthikaya, viśēşayenma kṛşi ārthikaya naṁvanna væḍapiḷiveḷa ræsakma gannavā.|default
sin_01_01001|skandhayō vēdanāskandha yæ yat, vēdanāskandhaya skandha da vēdanāskandha da veyi.|default
sin_01_02532|īṭa adhikaraṇayen aparādha parīkşaṇa depārtamēntuvaṭa iḍak nolæbennē agatiyaṭa pat pārśvayan venuven penī siṭi nītīgnavarun īṭa virōdhaya dækvīma nisāya.|default
sin_01_00448|yam puruşa kenekut tela puruşabhāvayen mæ kihipa bhavayak dakvā|default
sin_01_00181|yasasin diliset.|default
sin_01_01774|ehidī ema gamvāsīn trirōda rathayē miyagos siṭi ayagē mṛta dēhaya mārgayaṭa genævit tibiyadī movun eya dæka haṉdunāgena æti atara tuvālakaruvan rōhalaṭa gena gos æta.|default
sin_01_00167|ē mohotē tama bhāryāva kerehi kōpa vuni nam maṭa no bæna budurajāṇan vahansēlāṭa vaira kirīma (doskīma) væradi bava kī viṭa rankaru saṁvēgayaṭa patvī terun vahansēgen samāva illī ya.|default
sin_01_02921|yǣmak pāsā piḷiveḷa nokaḍavā kramānukūla væ bhāvanā menehi karaṇa yōgī pudgalayā vanāhi yanu, kæmæti sitada rūpaya hā miśra no koṭa ven vaśayen dænaganī.|default
sin_01_00761|pañcendriyayan vaḍayi, pañcendriyayan punapunā vaḍayi.|default
sin_01_01688|ataḍaṁguvaṭa gat sigaræṭ togaya saha sækakaru adhikaraṇayaṭa idiripat kirīmaṭa niyamitaya.|default
sin_01_02095|ehema bælū viṭa nāmal mahindagē dēśapālanayaṭa da 'mataka vastra' pūjā kaḷē ya. rājapakşa pavulē bala aragalaya ugra ekaki.|default
sin_01_01621|rōgīn pahak hayak ekavara āvot antimaṭa ena rōgiyā anivāryayenma mærenavā mē sthānayē.|default
sin_01_02515|kompaññavīdiyēdī heroyin samaga dekak māṭṭu.|default
sin_01_00527|āyatana novūvāhu dhammāyatana no vē da yat, esē yi.|default
sin_01_00568|ekalhi aṭaḷos siyavana kapehi yam karmayak keḷem da ē hētuven dugatiyak no danimi.|default
sin_01_02815|sōvān mārgaya æti vū kalhi ehi ānubhāvayen satkāyadṛşṭiya da, de sæṭa vædǣrum mithyā dṛşṭiya da soḷos vædǣrum vicikitsā da prahāṇaya vē.|default
sin_01_01664|mevæni siduvīm bahulava æmerikāven vārtā vana atara lova purā vividha raṭavalinda vārtā vē.|default
sin_01_00143|devena sīnaya|default
sin_01_01116|keheḷiya rambukvælla kivvē paḷāt sabhā kramayē sidukarannaṭa yana venaskam piḷibaṉdava indiyāva dænuvat karanna yanavā kiyalayi.|default
sin_01_02687|vī æṭayak rōpaṇaya kaḷa kalhi eyin goyam gasak pahaḷa vē. vī æṭaya kramayen dirā abhāvayaṭa pæmiṇeyi.|default
sin_01_01628|mē puran vuṇu kumburu yāyaval avurudu doḷaha kaṭa pera koḷa pāṭin pīdilā tibuṇu hæṭi matak veddi hari dukayi.|default
sin_01_01780|akkā kavadāvat salli podi bænda kenek nemeyi. eyā pavulē ayaṭa ē gollangē anāgataya hadāganna udav kaḷā. akkaṭa hoṉda væṭupak læbuṇā.|default
sin_01_00605|ehi mē monovaṭa pævætma yi, upasapan no kaṭayutu.|default
sin_01_00982|sat pænayaki, sat udesumeki, sat visaṉdumeki.|default
sin_01_01817|menna mē pahaḷos denā apa mē vana viṭa venat bandhanāgārayakaṭa yavā tibenavā. gālla bandhanāgārayē hadalā tiyena sel vala apa mē aya raṉdavā siṭinavā. ek sel kāmarayaka ekkenayi siṭinnē.|default
sin_01_02354|'saukhya tattvaya yahapat vū vahāma naitika bādhāvak nomætinam hæki ikmaṇin mætivaraṇaya pavatvanavā'|default
sin_01_00336|indriya novūvāhu cakkhundriya novūye veyi yat, esē yæ.|default
sin_01_00475|suva vū hō duk vū hō noduk nosuva vū hō yam mē viṉdumek upadī nam:|default
sin_01_01617|ekdahas navasiya anū eka dī mulinma mekī taragāvaliyaṭa ekva æti śrī laṁkāva etek metek nava vatāvakadī taragāvaliya niyōjanaya kara tibē.|default
sin_01_00592|eviṭa tuṭusit raja temē taṭa varayak da dennē ya.|default
sin_01_01851|gītaya saṁyōjanaya karalā nirmāṇaya vuṇāṭa passē mama balāporottu vuṇu nævum bava ehi tibuṇā. mesē paṭigata vuṇu gītaya eḷiyaṭa ennē apūru rūpa racanāvak da samagin.|default
sin_01_00118|niværadiva ma sitā gænīmaṭa adhikārtha haḷa yutuya.|default
sin_01_00736|dækum kalu vū saṉda hiru dedena babaḷamin ahasē gaman karati.|default
sin_01_01113|ek āsanayakaṭa rækiyā ekadahasa k labādīmaṭa sæḷasum kara tibenavā. svayaṁ rækiyā ādhārat labādenavā.|default
sin_01_01418|mannārama grāma niladhārīvarayāgē ghātanayaṭa pudgalayeku ataḍaṁguvaṭa: ghātanayaṭa hētuva aniyam pemak lu.|default
sin_01_01181|pasugiya rajayē ranmāvat væḍasaṭahanin biliyana hataḷis hatak gevā nǣ!|default
sin_01_03183|'buduradun divaman kalhi da pirinivīmen pasu da unvahansēṭa væṉdum pidum karannavunṭa sita samāna nam samāna phala læbennē ya'|default
sin_01_02578|'pṛthivi' yannehi tēruma 'pasa' yanuyi. 'pṛthivi dhātuva' yannehi tēruma satvayaku pudgalayaku novana 'pasa' yanuyi.|default
sin_01_01452|kōṭi navayaka iḍamakaṭa vyāja oppu sakasā paudgalika bæṁku dekakaṭa ukas kara ṇaya aragena.|default
sin_01_01464|anaturin tuvāla læbu tidenā ratnapura śikşaṇa rōhalē pratikāra labayi.|default
sin_01_00408|pihiṭā siṭinī mehi pihiṭā siṭī.|default
sin_01_02206|sabhāpati candima, æmætivarun vana ramēş, mohān, āṇḍu pakşayē niśānta menma vipakşayē vajira hā vijēpāla da mē saṉdahā ekva siṭiyaha.|default
sin_01_01544|emenma janatāvagē ayitīn venuven udghōşaṇa, aragala mālāvak diyat kaḷayutu venavā.|default
sin_01_00975|saṁgnā ættek vannemi yi yana yana meya maññanāveki.|default
sin_01_00873|mā visin mesē asana ladī, ek kaleka bhāgyavatun vahansē sævætnuvara jetavana nam vū anēpiṇḍu siṭuhugē ārāmayehi væḍa vasana sēka.|default
sin_01_02732|kalpa pansiyayak asaṁgna bhūmiyehi væsa cyuta vannā vū pudgalayā haṭa cyuti cittayak næta.|default
sin_01_01277|ānaviḷundāva ræmsā tet bim vināśaya bælīmaṭa samagi jana balavēgayē pirisak yati.|default
sin_01_03163|anungē guṇa daknaṭa no kæmati vū nuguṇa daknaṭa kæmati tænættāhaṭa kenakugē kinam guṇayak vuvat aguṇayak koṭa gata hækiya.|default
sin_01_02618|nivan soyana tænættā visin sil rækīmen ma no nævatiya yutuya. pṛthagjanayāgē śīlaya sthira vūvak no vē.|default
sin_01_02108|padiṁciyaṭa vyāpārika itāma sudusuyi. manaram parisaraya. ayitikaru raṭayāmaṭa ikmaṇin vikiṇē.|default
sin_01_00401|dṛşṭiya anekaka, vastuva anekeki.|default
sin_01_01125|ada siduvī tibennē janādhipativarayā maha daval mætivaraṇa nīti ullaṁghaṇaya kirīmayi.|default
sin_01_03218|skandhayanṭa ayat bævin eya audārika sukhayak da vē. vimuktiya sæṇekin aturudahan vana deyak nova kal pavatnā deyaki.|default
sin_01_02007|sahōdarayan dedeneku atara siduvū gæṭumak ataraturadī mallī visin porovakin paharadīma nisā ayiyā miyagos tibē.|default
sin_01_02466|minissu pohosat vuṇāma samṛddhiyak ōni næhænē. kavuruhari dugī duppatkama næti karanavā nam samṛddhi dīmat ahōsiyi.|default
sin_01_02883|mesē mē yōgīhaṭa utpatti vaśayen hā kşaṇa vaśayen udaya - vaya dækīma vū me laukika sammādiṭṭhiya mārgaya yi, mārgasatyaya da prakaṭa vē.|default
sin_01_03048|bhavāṅga cittaya calanaya vaśayen pævæti kalhi āvarjanaya pavatnā heyin da novū kala nopavatnā heyin da mesē kīyē vē.|default
sin_01_00848|mahaṇeni, nanvædǣrum tirisan kathā no kiyavu.|default
sin_01_00542|æsa da rūpa da, kana da haṇḍa da, næhæya da gaṉda da, diva da rasa da, kaya da hæpena dǣ da, manasa da daham da yana mohuya.|default
sin_01_01140|yāpanaya bandhanāgārayē raṉdavā siṭi indīya jātikayā paḷā gihin.|default
sin_01_00344|ek skandhayak hā dasa āyatanayan hā soḷos dhātūn hā viprayukta|default
sin_01_02938|utkṛşṭa gnānaviprayukta kuśalayen hā hīna gnānasamprayukta kuśalayen da madhyama pramāṇayaṭa ālōkavat vū gnānaviprayukta sahētuka bhavāṁgayak upadavanu læbē.|default
sin_01_02449|ayagama koṭṭhāsaya tuḷa rōga avadānamak pavatina atara ē gæna vaḍāt sælakilimat vannæyi saukhya aṁśa anaturu aṉgavayi.|default
sin_01_03128|sunīdha vassakāra dedena budurajāṇanvahansē karā eḷamba taman gē dānaya bhikşu saṁghayā sahita va piḷigannā lesa ayædūha.|default
sin_01_02094|svēcchā sēvayē upādhidhāriyaku vana ohugē anāgata balāporottuva ayarlantayē polis sēvayaṭa bæṉdīmaṭaya.|default
sin_01_01784|ḍī.en.ē. parīkşaṇa kumakaṭa da? ali ætun vināśa kirīma tavamat nævatī næta.|default
sin_01_00076|'sitaṭa sæma deya ma dænē ya' yi kiyanuyē sita 'dænīma' karana kartṛ kenaku vaśayen gænīmeni.|default
sin_01_02736|esamayehi ek bhikşuvak 'ævætni, apagē upādhyānyan vahansēgē siyalu ma saddhivihārikayō rahathu vetæ' yi an bhikşuvakaṭa kīya.|default
sin_01_00945|vahansa, ē mahaṇa pirinivennē dō hō nohot no pirinivennē dæ yi.|default
sin_01_02503|sattva nişpādana hā saukhya depārtamēntu nava goḍanæṉgilla vivṛta kerē.|default
sin_01_00403|dvitīyadhyānayaṭa tṛtīyadhyānayaṭa samavannavun|default
sin_01_02163|svakīya rasika rasikāviyanṭa pamaṇak nova, kisiyam avaśyatāvaka dī ōnǣma kenakuṭa kisiyam asvæsillak gena dun mānava hitavādiyek.|default
sin_01_00084|data yutta hā gæṭīma; dænīma namæti pradhāna kriyāva sidu vīmehi dī eya hā bæṉdī sidu vannā vū an kriyāveki. apradhāna kriyāvak vū eya sparśa caitasikaya ya.|default
sin_01_02033|dēśīya næṭum sampradāya hā kathakali ekkaramin antarjātika talayē jayagrahaṇa labalā tiyanavā.|default
sin_01_02291|tāma rassāvak næhæ. nagarayen rassāvak hoyāganna ōna.|default
sin_01_03216|næṭum gæyum væyum hā saddharmayaṭa paṭahæṇi heyin visūka nam vū noyek krīḍā da kirīmen karavīmen æsīmen bælīmen væḷakiya yutuya.|default
sin_01_02879|eka. brāhmaṇaya! mē lōkayehi ætæm mahaṇa bamuṇu kenek tumū samyak brahmacāri yayi pratignā karannō māgam (strīn) hā samaṉga mevundam sēvanaya no karati.|default
sin_01_02595|hetema nitara vanayehi vasayi. dinū iṉduran æti ē phussadēva teranama mesē ananta guṇa ættēya.|default
sin_01_00608|eheyin no lamu nam æti gautama śāstṛn vahansē dakumha.|default
sin_01_01582|diyuṇu tākşaṇika mevalam tibuṇa kivvaṭa ēvāṭa yomu venna hækiyāva tiyennē avama pramāṇayakaṭa.|default
sin_01_01622|æbǣrtu - vividha ardha kālīna sēvayaṭa uvamanāyi.|default
sin_01_00514|aşṭamārgāṅgayō apacayagāmī da vannāha, no ma ācayagāmī no da apacayagāmī da vannāhu ya.|default
sin_01_00894|mē kāraṇaya mesē no vetæ yit maṭa adahas no vē.|default
sin_01_01696|vēgaya pālanaya karagata nohækiva yaturupædikaru maruṭa.|default
sin_01_00805|bæhæra sīmāvakaṭa giyā vū ē mahaṇa temē ē sivuru læbīmē āsāva æsuru kereyi.|default
sin_01_01361|ḍabliv ḍabliv ḍabliv ḍoṭ tipiṭaka ḍoṭ el kē veb aḍaviyaṭa pivisīmen mē piḷibaṉda væḍi vistara dænagata hækivē.|default
sin_01_01831|apē kāryabhāraya api niværadiva işṭa kaḷē nætinam mē raṭa geniyanna hamba vennē næhæ.|default
sin_01_02155|mē dēvalvalaṭa amatarava tavat viśēşa væḍak kaḷā. ægē alutma balāporottuva 'amuttā' yi.|default
sin_01_02068|kasippu ḷaṉga tabāgat tidenāṭa ek ayakuṭa rupiyal pandahasa bægin rupiyal pahaḷosdahasakda gōḍā ḷaṉga tabāgat pudgalayāṭa rupiyal dahaaṭa dahasak da vaśayeni.|default
sin_01_02674|unvahansēṭa pirivara vū bohō śrāvakayō vūha. noyek viṭa unvahansē cārikāvehi yeduṇē da pansiyayak pamaṇa bhikşūn pirivarā gena ya.|default
sin_01_00023|arhat mārgaya, mē bhavayen matu ipadīmen læbiya hæki duḥkhaskandhayen eyaṭa pæmiṇi pudgalayā etara koṭa nivanaṭa pamuṇuvayi.|default
sin_01_00376|kisi skandha kenakun visin kisi āyatana kenakun visin kisi dhātu kenakun visin asaṅgṛhīta|default
sin_01_00533|æṉdili bæṉda ke mudun, terun yī vat dasayaki,|default
sin_01_02261|vyāpārika avasthāvan saṁcāraka maṇḍalaya anumata dænaṭa pavatvāgena yana saṁcāraka samāgama badu dīmaṭa hō havul vyāpārayak lesaṭa havulkaruveku hō uvamanāyi.|default
sin_01_02310|nişpādanayēdī itā paressamin vişa marā auşadha saṁskaraṇaya kaḷa yutuyi. auşadha vişa mærīmē hā saṁskaraṇayē apaṭa āvēṇika pāramparika kramavēda apa satuyi.|default
sin_01_01517|anekut vidēśa raṭavalvaladī nam apē raṭē puravæsiyekuṭa aḍuma taramē kaḍayak dānna puḷuvankamak næhæ.|default
sin_01_00984|satuṭu viya yutu sihi kaṭayutu kathāva koṭa nimavā ekatpas va hunha.|default
sin_01_00680|kudumahat bhavayehi særisaramin apamaṇa dhanaya labami.|default
sin_01_01499|āṇḍuva ē ayitiya piḷigannē nætnam ēka itā barapataḷa tatvayak.|default
sin_01_00033|bohō seyin ebaṉdu ṛddhi ættō amanuşyayō ya.|default
sin_01_02574|kosol raju maḷa puvata kiyā haṇḍana sēvikāva gē kathāva æsū minissu ajāsat rajuṭa epavat sæḷa kaḷaha.|default
sin_01_00478|hastiyaku men bæṉdum siṉda āsrava rahitava vesemi.|default
sin_01_02633|nævata terun rātriyehi ē maṉgaṭa bæssa viṭa dēvaputrayā terunṭa væṉda idiriyehi æṉdili bæṉdagena siṭiyēya. tera nama ohu dæka mesē vicāḷēya.|default
sin_01_01183|pahu giya kālayē aluten citrapaṭa śālā kīyak hadalā tiyenava da?|default
sin_01_01251|labu kabal yaṭa yamin kaḷu gal diyehi pā vena mē avadiyē pāskaraliṁgam piḷibaṉda pæræṇi mataka kihipayak sihipat kirīmaṭa avaśya vē.|default
sin_01_01534|athæra dæmū satva govipoḷakin minis asthi koṭas hamuveyi.|default
sin_01_02799|mē upamāven utpādakşaṇayehi prakaṭa vū pratya bhāvayen sthiti kşaṇayehi da pratya bhāvaya vē.|default
sin_01_02455|ḍansinan vattē desiya hæṭakaṭa tavama samṛddhi sahanādhāra læbilā næhæ. ḍansinan vattē koṭṭhāsa pahē hārasīyakaṭa labādiya hæki bavaṭa lēkhanayak evā tibenavā.|default
sin_01_00512|avaśēşadharmayō samyakpradhānasamprayuktayō yi.|default
sin_01_02144|varşa dedahas dahahat vana viṭat gālu koṭuva tæpæl kāryālaya pavatvāgena yanu læbuvē mē goḍanægillē ya.|default
sin_01_01685|ē sæmiyāgē gamaṭa yǣmen uturu dakuṇu sabaṉdatā tavat tahavuru vana nisayi.|default
sin_01_00472|sikapada pæṇavīmehi karuṇu daknā vū ē bhāgyavat arhat samyak sambuddhayan vahansē visin paḷamuvana sikapadaya kotænhi paṇavana lada yæ yat:|default
sin_01_02651|rūpa vēdanā ādī skandha pañcakayaṭa upādānaskandha ya yi kiyanu labannē eya taṇhā diṭṭhi dekin allā ganu labana bævini.|default
sin_01_02056|amatara igænvīm (ṭiyuşan) deka vasara gæhænu ḷamayakuṭa siyaluma vişayayan nivasaṭa pæmiṇa igænvīmaṭa guruvariyak ōnǣ.|default
sin_01_01662|pradēśayaka hamudā kaṉdavurak tibuṇā kiyalā in kāṭavat hāniyak siduvannē næhæ.|default
sin_01_00946|vahansa, næmuṇu digaṭa næmburu vū digaṭa bara vū digaṭa ya.|default
sin_01_01713|kāntāvak guda mārgayē ran saṉgavāgena raṭin piṭavenna hadalā.|default
sin_01_01531|govi janatāvagē, dhīvara janatāvagē, vatu kamkaruvāgē mē siyalu grāmīya janatāvagē gæṭalu samaga kaṭayutu karanavā.|default
sin_01_02901|bhavāgrayehi siṭinnā vū satvayā ē arūpa bhavayen cuta va devana ātmayē ma nam apāyaṭa nopæmiṇē. eyin cuta va kāmasugatiyehi ipada inpasu apāyaṭa pæmiṇē.|default
sin_01_03247|esē vastraya pidū ō sohoyuran tarjanaya karanavā æta yana biyen taman visū pælpaten piṭavī gos vanayaṭa ætulva visī.|default
sin_01_02990|upādāna satarak æti bava satvana paricchēdayē kiyā æta. dharma vaśayen gannā kalhi tṛşṇāvaya dṛşṭiya yi upādāna dekaki.|default
sin_01_02623|mahaḷu strīya avut 'duva, numbē sohoyuru āyē dæ' yi æsuvā ya. dæriya siyaḷu puvat mavaṭa kīvā ya.|default
sin_01_01749|iridā poḷa hā basnævatumē væsikiḷi alutvæḍiyā karanna.|default
sin_01_02085|etanadī chandayen passē ē pættaṭa mē pættaṭa panina niyōjitayan pārlimēntuvaṭa pat karala yavana ekē tērumak næhæ.|default
sin_01_03251|mē da utkṛşṭaya, madhyamaya, mṛdukaya yi trividha vē.|default
sin_01_00882|meramā da kāmayehi misahasarehi lā samādan karavayi.|default
sin_01_00586|ema karmayāgē balayen siyalu tanhi sukhita vūyemi.|default
sin_01_01998|hiṭapu janādhipati jē.ār. jayavardhana mahatāgē eksiya aṭa veni janma dina sæmaruma heṭaṭa yedī tibē. koḷamba hata anagārika dharmapāla māvatē pævætvē.|default
sin_01_00958|vignānaskandha yæ yana mē dharmayō nīvaraṇīya da no da nīvaraṇa da vet.|default
sin_01_00332|ætrajaku men bæṉdum siṉda āsrava rahitava vesemi.|default
sin_01_00048|samahara viṭa vipākayak sarvākārayen ma nodī abhāvayaṭa yeti.|default
sin_01_02698|pragnā æsa næti tænættō andhayō ya. pragnā æsa æti tænættō ma æs ættō ya.|default
sin_01_01314|aturu kamiṭu vārtāva mē paḷamu yōjanāva sælakillaṭa nogat bava vivēcakayō amataka karati.|default
sin_01_00297|dik kalak ikmīmen yam kisi samayeka melova nævata haṭagannē nam esē vū kālayek veyi.|default
sin_01_00989|sammāājīva cittānuparivartī no vannē vē da?|default
sin_01_03146|særiyut mahaterun vahansē kī mē kāraṇaya budun kerehi prītiyen kaḷa prasādaya prakāśa kirīm nam vannē ya.|default
sin_01_00784|pæsuḷu bhavaya pæmiṇi kalhi dedena ma vena vena upat ættō vūmha.|default
sin_01_03261|anik kisivek hō avut ōhaṭa no ma kiyannē ya. hudek ē nimitilakşaṇaya ma cittayaṭa āpāgata vannē ya.|default
sin_01_00957|vignānaskandha ya, tatsamutthita vū kāyakarma ya vākkarma ya manaḥkarma yi.|default
sin_01_02713|ovun esē kiyannē ovungē no dænīma nisāya. anēka prakāra vandanā kramavalin samaharak samaharunṭa ruciya.|default
sin_01_01169|pātāla kalli nāyakayan aṭa deneku raṭin pæna giyet ē tatvayaṭa muhuṇa denna bæriva.|default
sin_01_03255|kuhaka bhikşuva ævætvalaṭa asu novana paridi tamā uttarīmanuşya dharma ættaku sē gihiyanṭa hæṉgena paridi vaṭin piṭin katā karayi.|default
sin_01_01827|mava siliyā jǣnsya. taṁgallē dī upata læbū spiṭl taṁgalla puttalama pāsalvala igenuma labā vayasin væḍetma væḍidura igenuma læbīma saṉdahā koḷamba rājakīya vidyālayaṭa ætuḷat kerē.|default
sin_01_00207|eyama satyaya yi tīraṇaya kara gænīma.|default
sin_01_01620|ahasē aṉduru væsi vaḷākuḷu penennaṭa tibuṇa da væsi no væṭena avasthā sulabha ya.|default
sin_01_03047|sika pada kiyannaṭa pāḍam nætinam mama budunvahansē visin panavana lada menam śīlaya samādan vemiyi adhişṭhāna kara gata yutu ya.|default
sin_01_03208|'numba vahansēṭa paḷamu va mama no vaḷaṉdimi' yi kiyā, tal geḍi kapā mada upuṭā ācāryayan vahansēṭa piḷiganvā pasuva sāmaṇērayō væḷaṉdūha.|default
sin_01_01188|mē gedara tamayi eyāge daru pavula jīvat venne.|default
sin_01_01189|ebævin mē sambandhayen adāḷa baladhārīn pudgalika vāsi labāgænīma hō venat pārśvayaka balapǣmak mata sidu vī æti bava sādhāraṇa sækayak pæna næṉgē.|default
sin_01_02728|esē bedīmen kusal sit satarak vē. ē satarin eka ekak nævata saṁskāra bhēdayen dekaṭa dekaṭa bedē.|default
sin_01_00410|pehesun eḷavā nam tepulehi tepulehi paciti ævæt vē.|default
sin_01_02899|dænuma æti vannē vignāna paramparāva pavatnā nisāya. vignāna paramparāva sarvākārayen matu nūpadinā paridden siṉdī giya hot eyin ma duka da keḷavara vannē ya.|default
sin_01_00129|sil rækiya hæki vē, bhāvanā kaḷa hæki vē, tavat pin kam kaḷa hæki vē.|default
sin_01_02214|mǣta yugayē anivāryayenma śrī laṁkāva niyōjanaya kaḷa viśişṭatama dælpandu (neṭbōl) krīḍikāva vanuyē tarjini śivaliṁgamya.|default
sin_01_01304|mokada ema sthānavalaṭa gini nivana ratha hā gini nivana bhaṭa pirisvalaṭa ḷaṉgā vīmē apahasutā tiyenavā.|default
sin_01_02336|ratiññā śabdayaṭa adhika biyak dakvana sunakhayan dedenā samaṉgaya. 'mun hari bayayi ē hariyaṭa væḍiya ratiññā pupuraṇa śabdaya æhennē næhæ'|default
sin_01_01605|gē dora iḍakaḍam moṇarāgala distrikkaya - vikiṇīmaṭa kataragama pūjā nagarayē nivasak sahita parcas hatak.|default
sin_01_03001|min pasu topa gē væḍimahalu bāla sohovuru bhikşu saṁghayāṭa topa væni bhikşu namaka gē darśanaya no læbennē ya.|default
sin_01_02829|dahara bhikşūn hō sāmaṇērayan hō yavā piḷiyam karavati. tavada sohon bhūmiya nam nisæka tænekæ yi sitā sorakam kaḷā vū da nokaḷā vū da soru ehi ræs veti.|default
sin_01_00101|kanehi śabdayak gæṭuṇu kalhi, ē haṇḍa dæna gannā sitak upadī.|default
sin_01_00732|dahamhi adakşa vū ē mṛgayō ḷaṉga vū da ē dahama no danit.|default
sin_01_00452|rahathu rahat bævin pirihet da?|default
sin_01_02016|dharmasiri gamagē mahatā visin gāmiṇi fonsēkā mahatmayāṭa māva haṉdunvā dunnē 'mē magē daruvek oyāṭa goḍāk ādareyi' kiyalā.|default
sin_01_00051|janakakarma bohō gaṇanakaṭa ekavara vipāka dīmaṭa avakāśayak næta.|default
sin_01_03292|lā bāla viyehi siṭa ma siduhat kumarāṇangē jīvitayehi karuṇāva maitriya kşāntiya (ivasīma) parōpakāraya.|default
sin_01_01453|laṁgama sēvakayan ḍipō veta genvā gænīmaṭada bas ratha yodavana bavada laṁgama sabhāpativarayā pævæsīya.|default
sin_01_00716|tī vænnō asun hā jalaya pamaṇakudu læbīmaṭa no sudusu veti.|default
sin_01_00455|lamu koṭa sitana nuguṇa pavasana dos paturuvana|default
sin_01_01936|gāmiṇī senarat naḍuvē vittiyē sākşi saṭahan kara gænīma avasan.|default
sin_01_03011|mama sōvān vemiya, sakṛdāgāmī vemiya, anāgāmī vemiya yi ætæm pṛthagjanayanṭa ætivana mōhaya adhimāna nam vē.|default
sin_01_02970|mē bhāvanā vākyaya mænavin praguṇa karagena ārambhayē dī dinakaṭa siya vara bægin daśa dinak bhāvanā karanu.|default
sin_01_00743|deviyangē jīvitaya nisā minisungē jīvitaya lāmaka ya.|default
sin_01_01579|karannāgoḍaṭa saha dasanāyakaṭa erehi tripudgala mahādhikaraṇa naḍu vibhāgaya athiṭuvīmaṭa niyōga.|default
sin_01_02888|kanehi śabdaya gæṭena, śabdaya piḷibimbu vana tænak ættē ya. eyaṭa śrōtra prasādaya yi da kiyanu læbē.|default
sin_01_00357|eḷamba bhāgyavatun vahansē væṉda ekatpaseka siṭiyē ya.|default
sin_01_01762|avatæn janatāvagē saukhya pahasukam næṁvīmaṭa heda niladhārīngen uparima sahayōgayak.|default
sin_01_00264|ætta kiyannē ya.|default
sin_01_01983|edinedā diviyē supurudu siduvīm hæruṇu viṭa vividhākāra vū aruma puduma puvat nirantarayenma lōkayē siv desin æsennaṭa læbenavā.|default
sin_01_02267|ehidī vaidyavarun kivve gālla karāpiṭiya rōhalen hṛda sætkama karagannā lesayi. ē anuva hṛda sætkama karāpiṭiya rōhalēdī sidu kaḷā.|default
sin_01_01099|ē anuva mē vana viṭa kaṭuvāpiṭiya, maḍakalapuva hā koccikaḍē prahāravalin miyagiya ekasiya deka denā hā tuvāla læbū hataḷis deka denā venuven mūlika vandi mudal gevīma mē vana viṭa avasan kara tibenavā.|default
sin_01_00253|bahā tæbū āyudha ættē ya (āyudha no darannē ya)|default
sin_01_01083|laṁkāvē maha bæṁkuva maha daval eḷipiṭa horakam kalā.|default
sin_01_00532|ætrajaku men bæṉdum siṉda anāsrava va vesemi.|default
sin_01_01037|hē æsin rū aramuṇu dæka nimiti gannāsulu no vē.|default
sin_01_01526|apē raṭē kāntāvanṭa dinā gatu yutu ayitivāsikam ræsak tibenavā.|default
sin_01_00456|vadāḷa sutrāntayek ættē mæ|default
sin_01_02680|pāpaya piḷikul karana svabhāvaya hevat pāpayaṭa lajjā vana svabhāvaya hiriya ya. pāpayaṭa biya vana pāpaya keren tæti gannā svabhāvaya ottappa ya.|default
sin_01_00877|minissu śākyaputra vū mē śramaṇayō bambasara nættō ya.|default
sin_01_02240|guru vṛttiya hæra kisima vṛttiyaka yedīma tahanam. dēpala ræskirīma tahanam.|default
sin_01_01332|ema iḍamē taksēru vārtāvak labāgænīma saṉdahā dedahas doḷaha varşayē taksēru depārtamēntuven illīmak kaḷā.|default
sin_01_02585|sema mē śarīrayehi ek āpō dhātu koṭṭhāsayeki. āpō kalāpa samūhaya hæra sema ya kiyā deyak næta.|default
sin_01_01542|pṛthivi gōlayē pavatina ælaya hētu koṭagena pṛthivi samakayaṭa sāpēkşava sūrya gamana nirīkşaṇaya kaḷa hæka.|default
sin_01_03000|putā da piyā hā kalaha karayi. sahōdarayō sahōdarayan hā kalaha karati. sahōdariyō sahōdariyan hā kalaha karati.|default
sin_01_03140|bhāgyavatun vahansēṭa vinaya sikapada panavā avasan kirīmaṭa dīrgha kālayak gata vannaṭa æta. mē vinaya sikapada panavannaṭa pera bohō bhikşūhu vūha.|default
sin_01_01114|vayamba - sabaragamuva paḷāt yā karana bujjomuva tulhiriya pālamē væḍa ataramaṉga nævatilā.|default
sin_01_01638|hayalakşayaka uparimayakaṭa yaṭat va tama tænpatu āvaraṇaya kara gænīmē hækiyāvak pavatina bavada śrī laṁkā maha bæṁku nikut kaḷa nivēdanayē væḍiduraṭat saṉdahanya.|default
sin_01_00840|mahaṇa, mamat bhadraikarātra mahaṇahugē uddesa hā vibhāga hā no dharami.|default
sin_01_02665|ikbiti ohu bojun saṉdahā hun kalhi ek bhikşuvak piṇḍu piṇisa hæsiremin etænaṭa pæmiṇiyēya.|default
sin_01_01360|mālanī liyū gītaya gayannē nava parapurē gāyana śilpiniyaka vana nilakşi hælapiṭiya visini.|default
sin_01_00157|dāna, priya vacana, arthacaryā, samānātmatā yana satara saṁgraha vastuyen janaraṁjanaya karana bævin rāja nam da viya.|default
sin_01_02414|mama tamunnānsēlāgen ahannē api balanna ōna pavulada raṭada kiyalayi pavulvādaya ōnanam pohoṭṭuvaṭa chande denna puḷuvan.|default
sin_01_00764|paralova gaman saṉdahā ārakşāva salasā gannaṭa rissemi.|default
sin_01_01192|amerikānu eksat janapada ḍolaraya, yurō, japāna yen, kænaḍā ḍolaraya, ōsṭrēliyā ḍolaraya dṛḍha mudal vē.|default
sin_01_00278|balasen gaṇina tæn daknaṭa yǣma, balasen bedana tænaṭa yǣma, atæni asæniǣ balaæni daknaṭa yǣma yana visuḷudasnehi yedī veset da,|default
sin_01_01262|sati gaṇan ē gamē gevalvala nævatilā eka peḷaṭa pæduru eḷāgena bima nidā gattā.|default
sin_01_03259|maḷaminī nagaraya samīpayē ma dæmīma nisā nagarayē kuṇapa gandhaya pætiriṇa. ē hētuven bohō amanuşyayō nagarayaṭa ætuḷu vūha.|default
sin_01_03230|mē kathāven dakvannē duśśīlayāṭa dan dimē kuśalaya dubala bævin ē prētayāṭa dukin midīmaṭa ē pina pramāṇavat no vū bavaya. duśśīlayāṭa dīmen pin nættē no vē.|default
sin_01_03040|ebævin mul avurudu vissa tuḷa śrāvakayanaṭa ōvāda prātimōkşaya hikmīma piṇisa vadāḷa ha. āṇā prātimōkşaya dēśanā kirīmak næta.|default
sin_01_03283|āraṇyaka bhikşūhu araṇya saṁgnāva menehi karannē no lat samādhi læbæ gannaṭa da, lat samādhi ræka gannaṭa da samartha ya.|default
sin_01_03158|anun lavā tamāgē puruşa nimitta ganvā upakrama karavīmen mōcanaya vuva da saṁghādisēsāpatti vē.|default
sin_01_01744|pramitiyen tora nītiyaṭa paṭahæni ārakşita his væsum bhāvitaya tahanam.|default
sin_01_02624|dāsiyaka etaram mahat sivurak kirīmaṭa sǣhena vastrayak poravā tibuṇēya yi sitīmaṭa da nupuḷuvana.|default
sin_01_00065|apa bhāvita karana vacanavalin bohōvak ma æsuṇu kalhi ēvāyin sitaṭa dænena artha, mēsaya yana vacanayen dænena arthaya sēma satyaya vaśayen no læbennā vū arthayōya.|default
sin_01_02166|anivāryenma salli vitarayi. mama salli venuven ōnǣma kæpa kirīmak karanavā.|default
sin_01_01430|huvāvē samāgama pasugiyadā dedahas vissa vasarē tevana kārtuvē vyāpārika pratiphala nivēdanaya kaḷēya.|default
sin_01_01728|rambukkana podujana eksat peramuṇu mætivaraṇa meheyum kāryālaya vivṛta kerē.|default
sin_01_02719|śīlaya ibē ma rækena, ihata kī guṇayan nættā vū tænættā haṭa sil rækīma maha dukeki. ohuṭa śīla samādānaya sira geyakaṭa hasu vīmak væniya.|default
sin_01_02521|ratiññā karalak kaṭē tiyāgatta vidēśikayā rōhalaṭa.|default
sin_01_01473|viṭeka yuga diviyē dī anapēkşita lesa avul sahagata tattvayak udā kaḷa hækiya.|default
sin_01_02837|evā mæḍa pævætvīma hā sitin bæhæra kirīma smṛti samādhīn gē indriya kṛtyaya ya. mōhaya pragnāvaṭa pratipakşa dharmaya ya.|default
sin_01_00172|pahan pūjāvē ānisaṁsa|default
sin_01_03008|ætæm kuśalākuśala karmayak tavat karmayaka vipākaya sampurṇayen ma vaḷakvayi.|default
sin_01_01859|gālla nagara sabhā goḍanæṉgilla pratisaṁskaraṇayaṭa rupiyal kōṭi hārasīyaka pratipādana.|default
sin_01_03220|'anyayanṭa kisivaku visin gauravayak sælakillak dakvannē næta. mā haṭa vanāhi duṭu duṭu sæma dena ma garu karati'|default
sin_01_01901|śrī jayavardhanapura kōṭṭē rajamahā vihārayē pāvaḍa perahara vīdi saṁcārayē.|default
sin_01_01816|mehema ādarśa dīlā kohomada mēvā navatvannē. yōjanāva mama dakinnē suraṁganā katāvak vidiyaṭayi.|default
sin_01_02779|yana pāṭhayen dakvannē abhidharma piṭakayat saṁgāyanā kaḷa bava ya. abhidharma piṭakaya nikāya pasin khuddaka nikāyaṭa ayat ya.|default
sin_01_02059|baḷangoḍa - piyasēna en. hēvagē. imbulpē saukhya vaidya niladhāri koṭṭhāsaya tuḷa ḍeṁgu rōgīn hættǣ hatarak mē vanaviṭa vārtā vī tibenavā.|default
sin_01_03240|me baṉdu avasthāvala dī vadhaka cittaya ætivanuyē karuṇā muhuṇuvara ættā vū manda dvēşayen hā balavat mōhayen da yuktava ya.|default
sin_01_03257|aṅga dahayak æti śīlaya dasa śīlaya yi. eya pohō dinayanhi raknā śīlayak sæṭiyaṭa hā nitya śīlayak vaśayen da rækiya hæki ya.|default
sin_01_01021|suvaduk da ātmaya da lōkaya da śāśvatat noma vē.|default
sin_01_01641|ē sǣma avasthāvakama rajayē gāstuva rupiyal ekdahas pansīyaki.|default
sin_01_03221|esē ma atīta kalpa paramparāvehi satvayanṭa anişṭa vipākayan ati kaḷa karmayan sarvagnatāgnānayen hariyaṭa ma dæna vadārā 'mē mē dharmayō akuśalayō ya' yi akuśalayan panavā vadāḷaha.|default
sin_01_02770|dakşiṇāva yanu kumak da? anāgatayē dī laukika vū da lōkōttara vu da usas phala balāporottuven sædæhætiyan visin pudana cīvarādi pratyaya dakşiṇā nam vē.|default
sin_01_01684|edina savas varuvē neḷum pokuṇē raṭaval kihipayaka sahabhāgitvayen saṁskṛtika saṁdarśanayak pævætvenavā.|default
sin_01_01350|val ali eḷavanna sivil ārakşakayanṭa pattu novana tuvakku.|default
sin_01_01078|poḷonnaruvē laṁgama paudgalika bas ratha sēvaka gæṭuma dura diga gihin laṁgama bas varjanayaka.|default
sin_01_02544|kavuru balayē hiṭiyat kavuru chandaya illuvat sækayakin torava tamungē chandaya dānna puḷuvan venna ōnǣ.|default
sin_01_00550|itiri vū dekek hō tunek hō vū diyabiṉdu itā maṉda ya.|default
sin_01_01801|janapati ada vivṛta rājya havulkārītva samuḷuva amatayi.|default
sin_01_01669|jayamānna samaṉga pævætvū saṁvādayen mē puvat heḷivī æta. mē citrapaṭayē yuga gīta dekak varṇayen rū ganvā æti bava pævasē.|default
sin_01_02625|mahabōsatāṇan vahansē devanu va āhāra no pisa, prīti suvayen ē dina gata kara, pasu dinayehi da kara koḷa tambā tabā pansal dorakaḍa væḍa siṭiyaha.|default
sin_01_00170|devæni putāt kæṉdavā kī namut yahapat praticārayak no vīya. ohu da pera sēma kīvē ya.|default
sin_01_00134|pratipakşa dharmayan visin no selviya hæki bævin balayeki.|default
sin_01_00936|rūpaya anātma visin anātmānudarśanayen dannālada yæ.|default
sin_01_00070|satya vaśayen no læbena arthaya pahatya.|default
sin_01_00906|maitrī vākkarmaya hamuvehi da no hamuvehi da no eḷavayi.|default
sin_01_00773|pragraha karanalada vana bævin aramuṇehi eḷavanalada, aramuṇehi eḷavanalada vana bævin pragraha karanalada,|default
sin_01_00851|mahaṇeni, me seyin ma samyaktvayaṭa pæmiṇīmen ārādhanā vē.|default
sin_01_02863|ē vyāpādaya sahamulin paha va yannē anāgāmi mārgayeni.|default
sin_01_03239|'nikati' yanu noyek kramavalin ridī no vana deya ridī lesa, ran no vana deya ran lesa, mæṇik no vana deya mæṇik lesa dīm ādiyen vañcā kirīmaya.|default
sin_01_01603|binduvayi navayayi aṭayi hatarayi navayayi paha. æbǣrtu veḷaṉda alevikaraṇa kæşiyar tanatura hā veḷaṉda sahāyaka gæhæṇu sāmānyapeḷa dakvā igenuma avurudu visi dekaṭa aḍu rækiyāvak saṉdahā vimasanna.|default
sin_01_01449|ema janatāvaṭa visaṉdum labā nodena bava pavasannē ēkābaddha vipakşayē ayayi.|default
sin_01_00583|ena tek sivura no bedannē yæyi dæhæmi sivuru bedīma væḷækvū yæ.|default
sin_01_01393|mehema saṁvidhānaya karapu ræsvīma mula iṉdalama avul karanna pirisak balāgena hiṭiyā.|default
sin_01_00494|cātummahārājika deviyanaṭa pansiyak havurudu āyupramāṇa veyi.|default
sin_01_00447|yam da strī kenek tela strībhāvayen mæ kihipa bhavayak|default
sin_01_00180|tīkşaṇa nuvaṇa læbē.|default
sin_01_01725|kērala gaṁjā genā udaviya gæna ræṉdavum niyōga mata vimarśana kriyātmakayi.|default
sin_01_01930|praṁśa rajaya illīmaṭa avanata vemin siruru koṭas bāra dunnē dedahas deka vasarēdīya.|default
sin_01_00307|'yam ē bhavat brahmayek mahābrahma da, anun mæḍa pavatvannē da, īśvara da, kāraka da, nirmāpaka da, uttama da, lova sakas karannē da,|default
sin_01_01219|śrīlanipaya dekaṭa bedilā mæyi ræli dekak pavatvanna yanavā.|default
sin_01_00112|ebaṉdu avasthāvala dī ē vacanavalin kiyævennē da spraşṭavyaya dannā sitaya.|default
sin_01_02730|maṁgaṇavæsi bujjatissa terungē kathāva mehi antænaka dækvē. mē kiyavena buddatissa yannat ē saṉdahāma yodana ladæyi sitiya hæka.|default
sin_01_00506|anungē sitehi hō cittānupassī va vāsaya karayi.|default
sin_01_00497|bhavarāgaya anekek vē da, bhavarāgaparyyutthāna anekek vē da?|default
sin_01_00740|dṛşṭisampanna pudgala āpāyika rūpayehi no ælennē vē da?|default
sin_01_01815|minuvangoḍa bænḍriks āyatanayē sēvakayinṭa saha pavulvala sāmājikayinṭa rajayen dænumdīmak.|default
sin_01_01564|dæn itin mē śarīraya atahæra piṭa velā yanna sūdānam veyan. 'bæhæ...'|default
sin_01_02082|amerikānu nāvika hamudāvaṭa ayat naukāvak heṭa(visi navaya) dinayē divayinaṭa pæmiṇīmaṭa niyamitava tibē. meraṭa amerikānu tānāpati kāryālaya nivēdanaya kaḷēya.|default
sin_01_00021|sakṛdāgāmī mārgaya ek varakin matu kāma lōkayē ipada labannaṭa vana duḥkha skandhayen ē mārgaya læbū pudgalayā etara koṭa nivanaṭa pamuṇuvayi.|default
sin_01_03189|nivan soyana pinvatun visin prārambha kriyāvak vaśayen kaḷa yuttē satipaṭṭhāna bhāvanāvaṭa paṭan gænīma ya.|default
sin_01_01341|nāyaka hāmuduruvō apaṭa upades dīla davas kihipayakaṭa piṭa paḷātakaṭa væḍama kaḷā.|default
sin_01_02180|sobā dahamē venasa kuriru lesin apat cāmaragē biriṉda, daruvā saha demāpiyanda sadākālika vēdanāvaka gilvā sobā dahamē venasakaṭa apa nositū lesama rægena giyēya.|default
sin_01_02447|avurudu ekasiya hata matakaya āvarjanaya kaḷa appu siññō.|default
sin_01_00405|dharmayehi guṇa dæna pæhædīmen yukta vūyē mē nirvāṇadharmayaṭa pæmiṇiyē veyi.|default
sin_01_00523|ānandaya, ē mama pasukālayehi nevasaññānāsaññāyatanayehi dōsa dæka eya bahula keḷemi.|default
sin_01_00436|mesē bhāgyavatun vahansē visin|default
sin_01_02564|vṛttīya śilpiyekuṭa mevæni ākārayē śailīya lakşaṇayen venasva hō tani akhaṇḍa rēkhāvakin situvamak aṉdinna amāru næhæ.|default
sin_01_01111|devæni piyavara vannē hæki taram kṛşikārmika, kārmika saha sēvā aṁśa diyuṇu koṭa apanayana veḷeṉdapoḷa vardhanaya kirīmaṭa piyavara gænīmayi.|default
sin_01_03288|mē pudgalayan bhēdayaṭa pæmiṇennē pratisandhi cittayeni. akusala vipāka upēkşā sahagata santīraṇa cittayen pratisandhiya læbuvō durgati ahētukayō ya.|default
sin_01_01324|parīkşaṇa saṉdahā bhājanaya karana bavat in baṇḍāranāyaka antarjātika guvantoṭupaḷē kaṭayutuvalaṭa bādhāvak nomæti bavat ē mahatā saṉdahan kaḷēya.|default
sin_01_03232|ē tatvayaṭa pæmiṇi krōdhaya upanāha nam vē. vairaya yanu da eyaṭa nameki. vairaya lehesiyen no sansiṉdena dīrgha kālayak pavatina klēśayeki.|default
sin_01_00287|ehi da me nam ætiyem vīmi, me nam gōtra ætiyem vīmi, mebaṉdu pæhæ ætiyem vīmi,|default
sin_01_01823|rūpalāvaṇya śilpinī muvāven genvāgena katun gaṇikā vṛttiyē yedavū sthānayak vaṭalayi.|default
sin_01_02360|mahava saukhya vaidya nila nivesē val bihivelā.|default
sin_01_02417|īṭa passē dēśapālanagnayan kivvē apiṭa chande dunnot āpahu metenṭa kuṇu dānavā. ē nisā ē ayaṭa chande denna kiyalā.|default
sin_01_00569|ekalhi anaṉda terunaṭa bhavatni, āścaryya ya, bhavatni, adbhūta ya.|default
sin_01_01482|prahārayen nivasaṭa alābha siduvī æta. moṇarāgala madurukæṭiya javipe apēkşaka palliyagurugē vijēsiri gē nivasaṭa sæptæmbar devæni dā prahārayak.|default
sin_01_00484|adharmakarmayehi vimati ætiyā nam dukuḷā ævæt veyi.|default
sin_01_01916|gata savimat nætat hita savimat apē raṇaviruvek.|default
sin_01_00572|ekalhi bhāgyavatun vahansē nihaṇḍa biksaṉgana desa balā bhikşūn æmatū sēka,|default
sin_01_00728|daru sampatin hā rūpayen da yasasin da samanvita da,|default
sin_01_01561|bhāra dunnama apiṭa maha bæṁkuvē horakamen meccara hamba vuṇā kiyalā risiṭ ekak denavā.|default
sin_01_01518|puran kumburu kiyana vacanaya apē raṭē bhāvita vuṇu davasē iṉdalā parisarayaṭa tibuṇa ādaraya nætivuṇā.|default
sin_01_00883|meramā da samphapralāpaviratiyehi samādan karavayi.|default
sin_01_01246|mē kesel koḷa padam kirīma piḷibaṉda væḍi vistara durakathana aṁka binduvayi hatayi ekayi dekayi binduvayi navayayi dekayi binduvayi binduvayi eka magin dænagata hæki bava kivayutu ya.|default
sin_01_01388|ē vagēma daruvanṭa saha kāntāvanṭa sidukarana atavaravalaṭa mē dēśapālana bala adhikāriya sampūrṇayenma vagakiyanna ōnǣ.|default
sin_01_01136|eyāgē niyōjya nāyaka sajit prēmadāsa bava kāṭavat amataka nǣ.|default
sin_01_01702|kanna bæri dēval vikuṇalā - pāribhōgika adhikāriyen kilō gaṇan allayi.|default
sin_01_03150|ē tunaṭa da itiri eka niḥśraya vē. dekakaṭa itiri deka niḥśraya vē. ē dekaṭa itiri deka niḥśraya vē.|default
sin_01_00770|pas sārayi hō ræs karayi hō nagayi hō dukuḷāævæt vē.|default
sin_01_00317|anupasapanakhu kerehi vimati ætiyē nam dukuḷā ævæt veyi.|default
sin_01_00795|mātṛkukşigatayāhaṭa pasu væ kes lom niya dat æṭa upadanē vē da.|default
sin_01_01781|āṇḍuvē nohækiyāva nisā upādhidhārīn pirisakaṭa asādhāraṇayak siduvelā. dedahas dahaya saha dedahas ekoḷaha vasaravala upādhidhārīn pirisakaṭa āṇḍuva mē venakoṭat rækiyā dīlā.|default
sin_01_02235|satiyē væḍa karana dinavala peravaru aṭa navaya atara lēkhavus āyatanayē kartṛ maṇḍala doraṭuva asala oba siṭiyot amutuma dasunak balannaṭa puḷuvana.|default
sin_01_03076|svāmi puruşayā āgantukayanṭa vī dunnēya. ekoḷaha. rajatema sorungē kaḍu gattēya.|default
sin_01_02645|ehi hētuva jātiya ya. jātiya vuvahot jarāmaraṇaya no vannē novē. jātiyen ma misa anekakin jarāmaraṇa vannē da no vē.|default
sin_01_00893|mē ē adhyātmika cakşurvignānayaṭa vastu vū rūpa yi.|default
sin_01_00491|abdhātu æt nu yi abdhātu piḷibaṉda karannek karavannek daknā læbē da?|default
sin_01_00949|vahansa, mama bhikşūngē da hæma diṭu no danmi yi.|default
sin_01_01456|mæyi vissa dā vanaturu rūgata kirīmvalaṭa æya sahabhāgi vūvat pasudina æya yaḷi rōgātura vuṇā.|default
sin_01_02550|mē auşadhīya kæṉda ekak vitarak bīlā. maṭa dæn vayasa hættǣ dekak. biriyagen daruvangen ǣt velā, vī goḍakut badāgena mē gevana jīvitē ættaṭama hari mahansiyi.|default
sin_01_00305|ohu da ehi dhyānamanasin upannō prītiya ma āhāra koṭa ættō vet, svayamprabha vet, ākāśacārī vet, sitkaḷu uyan viman ādiyehi siṭinnō (nohot sitkaḷu vastrābharaṇa hæṉda pælæṉda siṭinnō) vet.|default
sin_01_03226|'svāmīni, nāgasēnayan vahansa, viññāṇaya kavara lakşaṇa dæ'yi kīha. 'maharajāneni, vignānaya dæna gannā lakşaṇaya'yi kīsēka.|default
sin_01_03271|maha bōsatāṇan vahansē buduvana dina rātriyehi bōruk mulahi væḍa hiṉda keḷē da vidarśanā væḍīmaya.|default
sin_01_03199|ekalhi tathāgatayan vahansē upasthāyakayanṭa hā bhikşu saṁghayāṭa no danvā pirinivīma nusudusu bava salakā samāpatti balayen rōgaya yaṭapat kaḷaha.|default
sin_01_01756|æmerikāva meraṭaṭa pænavū ārakşaka upakaraṇa apanayana sīmā lihil karayi.|default
sin_01_02554|un gedara yanavā. īḷaṉga māset ōkama venavā. īṭa passet ōkama venavā. ēriyā ekē loku mahattayā eddī polisiyē ō.ayi.sī. væḍḍā. hæma māsema kasippu allanavā.|default
sin_01_03056|ek ek caitasikayan kavara kavara sitvala yedenavā da kiyā dæn oba dannehi ya. min idiriyaṭa kaḷa yuttē sitak pāsā ma ē ē sitē yedena caitasika gaṇana soyā gænīma ya.|default
sin_01_02075|ēt mūda hæmadāma pavatinavā.. hah hā... eka eka alut nivs... alut alakalaṁci ævit..|default
sin_01_01591|ēkaṭa avasara ganna ōnē kivvā. mē tarkaya venuven sisun aragala kaḷā.|default
sin_01_00379|ketekin asaṅgṛhīta vet da yat, ek skandhayekin dasa āyatanayekin soḷos dhātuyekin asaṅgṛhīta vet.|default
sin_01_00698|jīvitindriya cittasaṁṛşṭasamutthāna da vannē ya, cittasaṁṛşṭasamutthāna no da vannē yi.|default
sin_01_02545|vaidya saṁgamayē kihipadenek tamayi mehema hæsirennē. mema vaidya saṁgamayē kihipa denek vipakşa nāyakavarayā īyē hamuvelā tibunā.|default
sin_01_02991|upāsakayā geṭa gos mē pravṛttiya tamāgē duvaṭa kīya. ǣ eyasā satuṭaṭa patviya.|default
sin_01_01642|minissun gē hæma praśnayama koḷamba enavaṭa vaḍā ē praśnavalaṭa ē pradēśavaladīma visaṉdum labāgata hæki kramayak tibenna ōnē.|default
sin_01_02616|mānaya tamā gē tatvaya mæna gænīmē lakşaṇayen sāmānyayen ekak vuva da, seyamānaya, sadisa mānaya, hīna mānaya yi trividha vē.|default
sin_01_02151|ē anuva aya-væya yōjanāvaṭa viruddhava chanda aṭak læbī tibiṇi. hadisi rōgī tattvayak hētuven dina kihipayaka siṭa rōhal gatakara siṭīma hētuven podujana peramuṇē sabhikayaku chandaya dunnē næta.|default
sin_01_00907|monovaṭa vadārana lada daham vinaya æti kalhi gihigen nikma sasun vanimi.|default
sin_01_00751|nīvaraṇa da vū mæ nīvaraṇīya yi da nīvaraṇīya da vū mæ no da nīvaraṇa yi da no kiyayutu vē.|default
sin_01_02481|rāmañña nikāyē maha nāhimi bæhædækīmaṭa janapati yayi.|default
sin_01_01404|mē anuva mē svābhāvika gǣs nidhiya upayōgi karagena megā voṭ ekdahas desīyaka svābhāvika vāyu balāgārayak idikirīmaṭa hækiya.|default
sin_01_01826|riya anaturakin pāsal sisuvā miyayayi tavat sisuvekuṭa barapatalayi, gamvāsīn ævisseyi.|default
sin_01_01274|appacci væḍiyen ma tṛptimat vuṇē śabda kōşa kāryālayē væḍa kirīmen.|default
sin_01_02165|mē vidiyaṭa giyot mē āṇḍuvaṭa pārlimēntu mætivaraṇaya tiyanna koccara kal yayida danne nǣ.|default
sin_01_03290|buduvarungē jīvitaya kisivakuṭa næsiya nohena bævin buddhaghāta karmayak næta. buduvarungē śarīraya siduru kaḷa hækkē da no vē.|default
sin_01_01943|novæmbar māsaya kitunuvan salakannē maḷavungē māsaya lesaya. novæmbar deka maḷavungē dinaya lesa namkara tibē.|default
sin_01_01539|væṭuṇu horā ḷagaṭa kiṭṭu kara baladdī horāgē hæḍaruva rajuṭa samānayi.|default
sin_01_02864|ek davasak ǣ væsikiḷi vaḷeka paṇu ræsak dæka puḷavaka saṁgnāva vaḍā prathamadhyānaya labā ē pinen eyin cyuta va brahmalōkayehi upannā ya.|default
sin_01_02997|mehi dī bhāgyavatun vahansē ē dev putu sākşya sthānayehi tabā bamuṇā sahita pirisaṭa dharmāvavāda kaḷa sēka.|default
sin_01_02566|sæbǣma bauddhayaku bavaṭa pat vanna nam apa ārya aşṭāṁgika mārgaya piḷipadinna ōnǣ. mē aşṭāṁgika mārgayē paḷamuvana piyavara tamayi sammādiṭṭhiya.|default
sin_01_01928|kamānḍō rejimēntu adhipati lesa mējar jenarāl śavēndra silvā væḍa arambayi.|default
sin_01_01441|ē nisā lāṁkika tāruṇyaya gænat ovungē gæṭalu gænat niværædi kiyævīmak oba satuva æti.|default
sin_01_01413|karāpiṭiya rōhala paḷāt sabhāvaṭa ayat nomæti vunat, pratikāra nomætiva miya yamin siṭinnē dakuṇu paḷātē minissun.|default
sin_01_03094|ætæm śramaṇayek hō brāhmaṇayek mē satvayā æti vūyē kesēdæyi kalpanā karayi. ohu satvayā yamkisi hētuvakin tora va ibēma æti viya no hena bava væṭahē.|default
sin_01_01565|apa vaḍavaḍāt kiyavannē nam apaṭa bhāşāvē vana nava dænum, nava vadan ekatu vē.|default
sin_01_00612|eḷæmba āyuşmat anaṉda teraṇuvan sakasā væṉda ekatpas væ siṭiyē yi.|default
sin_01_01852|parcas dahatunayi daśama paha ka iḍama hā nivasa kāmara haya væḍima illumaṭa vikiṇīmaṭa. binduvayi hatayi ekayi aṭayi ekayi hayayi ekayi aṭayi navayayi deka amatanna.|default
sin_01_00026|paryyāpti saṁkhyāta piṭakatraya dharmaya vanāhi siyalu duk næti kara gænīmē hā siyalu sampat labā gænīmē da mārgaya dækvīm vaśayen sattvayanṭa pihiṭa vē.|default
sin_01_01929|dēvānampiya tissa raju amatamin mihiṉdu maha rahatan vahansē pavasā siṭiyē pālakayā sobā dahama rakina bhārakārayā misa ehi pālakayā novana bava yi.|default
sin_01_01152|mīṭa pera avasthāvala dī golf samāja samaga ekva kaṭayutu kirīmaṭa eṭisalāṭ samāgamaṭa hækiyāva læbuṇat mevara atvæl bæṉdaganu labannē paḷamu varaṭayi.|default
sin_01_00417|bhaṅgakşaṇayehi da yam sitakaṭa anaturu væ agramārgaya piḷilabannāhu nam ē cittayāgē bhaṅgakşaṇayehi|default
sin_01_01206|koḷamba koṭuva dumriya sthāna adhikāri sarat patiraṇa viśrāma labayi.|default
sin_01_02479|us asunaṭa kanassalla paḷa kara rāmañña nikāyen janapatiṭa lipiyak.|default
sin_01_00541|ævætni, vēdanāvehi no ælena, vēdanāvehi no æluṇu, vēdanāvehi satuṭu no vū.|default
sin_01_02756|vas kālayen pasu særi sarā vaḍanā bhāgyavatun vahansē peraḷā væḍa buddhatvayen ekun visi vana vasehi væsi samayehi cāliya parvatayehi ma vusū sēka.|default
sin_01_02463|vivṛta karapu fækṭari āyē vivṛta karalā pennalā mē vagē boruven piruṇu rajayak jīvita kālayaṭama dækkē næhæ.|default
sin_01_02795|maraṇayaṭa pæmiṇīm vaśayen vartamāna śarīrayen pahavū ātmaya karmānurūpava ipadīmaṭa tænak soyamin ektarā kālayak pavatnē ya.|default
sin_01_01355|itāliyē siṭa ā tavat yuvaḷak da anurādhapura rōhalaṭa korōnā yæyi sæka piṭa ætuḷat kara æta.|default
sin_01_00184|ēkadīpiya himi siddhārtha budurajun gē citakayaṭa ek pahanak pudā ek tis varak sak deviṉdu viya.|default
sin_01_02009|mannāramin paṭan aragena yāpanaya dakvāt, yāpanaya siṭa mulativ dakvāt kalapu rāśiyak tiyenavā.|default
sin_01_02010|gāllē nāvika hamudā kaṉdavura hambantoṭa gēnna. ē anuva ekaṉga velā, givisum dekak sākacchā karagena yanavā.|default
sin_01_00782|bhavata, yathācitta kāyakarma no vē yayi no kiyæyutu mæ yæ.|default
sin_01_02688|meyaṭa pasu bhāgyavatun vahansē ē bhikşūn gē caritayaṭa anukūla dharmayak dēśanā kaḷa sēka. særiyut mugalan de nama hæra sesu siyallō ehi nuvaṇa yavā rahat vūha.|default
sin_01_01068|pērādeṇiya sarasavi sisu akhaṇḍa panti varjanayak.|default
sin_01_00951|vahansa, sattva yæ sattva yæ yi kiyanu læbeyi.|default
sin_01_01937|sahakāriya bæṁku niladhāriniyak, piḷigat paudgalika āyatanayaka guruvariyak nam ucitayi. vayasa visi haya siṭa visi navaya dakvā sudusuyi.|default
sin_01_03062|iṉduran pinavīmen læbena satuṭēt iṉduran hikmīmen læbena satuṭēt viśāla venasak æti bava buduhu dēśanā kaḷa ha.|default
sin_01_01882|ema tatvayaṭa ādarśayak api memagin labādīlā tibenavā. esēma mē raṭē abhiyōgayak hæṭiyaṭa tibū viduli bala maṇḍalaya, tel saṁsthāva ē hæma āyatanayakma api goḍanagalā dunnā.|default
sin_01_00324|avaśēşadharmayō maitriya hā samprayuktayō yi.|default
sin_01_02105|āpahu enaviṭa kār eka anaturakaṭa lakvuṇā. e velehi æti vu biya adaṭat dænenavā.|default
sin_01_02200|anaturin kisivakuṭat tuvāla vī nomæta. bas rathayē gæṭī kæb rathaya natara vīma nisā viśāla anaturak væḷakī tibē. anaturat samaṉga vælimaḍa - nuvaraeḷiya mārgayē dæḍi ratha vāhana tadabadayak ætiva tibiṇi.|default
sin_01_01323|avasāna phalaya bhukti viṉdinnē matpæn nişpādana samāgam pamaṇi.|default
sin_01_02371|ē anaturu saṁgnāva kana væketma valas mava uguren keṭi haṇḍak naṁvamin puṁci vun taman ḷaṉgaṭa aṇḍa gaha gena uḍu suḷaṉga iva karanna vuṇā.|default
sin_01_00421|bhāgyavatun vahansēṭa tela sæla keḷēya.|default
sin_01_01630|ekdahas navasiya anū navaya varşayēdī mama sēvayaṭa ek vuṇē sahakāra polis adhikārī varayaku lesayi.|default
sin_01_01131|tāttaṭa mona praśna - apahasutā tibuṇat salli næti davas ōna taram.|default
sin_01_02224|dæn mē supiri gī taruva rasika parapura haṉdunāgena ættē 'ḍiḍi' yana keṭi nāmayen. ḍiḍi ada supiri gāyakayaku pamaṇak noveyi, kōṭipati vyāpārikayek.|default
sin_01_00656|kāmayehi varadavā hæsirīmen vaḷakivu ya yi da kiyat.|default
sin_01_00222|tuna, aparāpariyavēdanīya|default
sin_01_02726|(navaya) yam kisi saṉgasatu baḍuvak sulu deyakæyi sitā avaman nokaḷa mænavi. vipāka denaviṭa eya mahat vannēyayi prētayā kīya.|default
sin_01_00778|bhavata ekaruṇin saṅghayā dakşiṇā piḷigannē vē.|default
sin_01_02388|tama jātika læyistu mantrī dhura deka saṉdahā hakīm nam kaḷē tama sahōdarayā vana vaidya ē. ār. ē. hafīs hā mahanuvara nītignayaku vana mælē jātikayaku vana guṇadāsa piyasīli yana ayayi.|default
sin_01_03027|ālōkaya æti tænvala samīpayē siṭina minisāṭa samīpayē æti vastuva hæṉdina gata hæki sē penē.|default
sin_01_00355|eheyin kiyanu læbeyi viharati'yi.|default
sin_01_01607|vaidya sisunṭa amatara igænvīm nomilē labā denna tīraṇayak.|default
sin_01_02169|ēvā maraṇaya penī penī siṭi dedenakugē śarīraya tuḷa nonævatī gæhemin ovunṭa jīvit vannaṭa varam labādī tibē.|default
sin_01_00350|eyin kiyanu læbeyi ēvamētassa kēvalassa dukkhakkhandhassa samudayō hōti yi.|default
sin_01_01511|sēvaka ayavæya panatē ætæm vidhividhāna piḷigata nohækiyi.|default
sin_01_02383|kaviyā heḷidarav karana mē utkṛşṭha yathārthaya pāṭhakayā visin ekatpasva siṭa sādara gauravayen yuktava samādan viya yutu ya.|default
sin_01_00619|ē devi tema svakiya divyāsanayehi no æleyi.|default
sin_01_03138|vaṭinākama maṉda vastuvak sorakam kirīma alpa sāvadya vē. vaṭinā kama væḍi vastuvak gænīmen mahā sāvadya vē.|default
sin_01_01028|he tema pas dinak piḷisan vū ataræ avan ek sañcētanaka sukkavisaṭṭhi ævætaṭa mūlāyapaṭikassanāva saṅghayā yadī.|default
sin_01_00783|pæn hā piribōdiya no mæ eḷavā tæbūhu dæ yi.|default
sin_01_00548|ikbiti rajagahanuvara væsi keḷembi gaṇayā magadheśvara vū seniya bimbisāra raju veta giyē ya.|default
sin_01_02760|eyin pirihīmaṭa patva siṭina aya lōkayehi bohō ya. sōvacassatā nam vū piḷiganna svabhāvaya diyuṇuvaṭa imahat hētuvaki.|default
sin_01_02755|ikbiti sunakkhatta bhikşuva 'śramaṇa gautamayan kī dēvalin koṭasak hari giyēya. maḷa ekatu næṉgiṭa anikaku hā kathā kirīma nam sidu no vannaki.|default
sin_01_01047|hē rūpaya pirisiṉda dannē vēdanāva saṁgnāva saṁskāra vignānaya pirisiṉda dannē rūpayen mideyi.|default
sin_01_01742|mokakda mē siduvī tibennē.mē pāsalvala dura ada daruvangē jīvitayaṭa balapǣm ætikara tibenavā.|default
sin_01_02979|anulōma gnānaya ætikara gat yōgāvacarayā haṭa mārgagnānaya læbīma saṉdahā kaḷa yutu tavat deyak næta.|default
sin_01_02078|īmēl lipinaya, bodu govi, vayasa panas tuna, usa paha' hatara', vaṭinā nava nivasak æta. amatara tisdahasak ādāyamæti vyāpārayaka niratava siṭī.|default
sin_01_02707|buddhānusmṛti bhāvanāva karana tænættā visin budu guṇa vaganti navaya at no hæra ma buddha vandanāva saṉdahā bhāvita kaḷa yutuya.|default
sin_01_02478|ōpanāyaka - nimal baṉdagiriya 'hædena raṭaṭa væḍena gahak' jātika ruk rōpaṇa væḍasaṭahanaṭa samagāmīva ōpanāyaka koṭṭhāsayē malmīkanda vasamvala pæḷa sīyak rōpaṇaya sidu kaḷaha.|default
sin_01_00074|ē aramuṇu piḷibaṉda dænuma sitaya. eya kriyāveki.|default
sin_01_02216|lōka ṭesṭ śūratā taragāvaliyaṭa adāḷava eya itā vædagat taragāvaliyak.|default
sin_01_01589|vænīsiyē padika vēdikāvē puṭuvak mata hiṉda ovuhu siyum lesa telituḍa hasuruvamin siṭiti.|default
sin_01_00993|samudayasatyaya nīvaraṇa da vūyē ma nīvaraṇiya da veyi.|default
sin_01_02114|kobeyiganē poḷa apē ṭenḍar mudalaṭa vyāpārika mahatek aragena tiyenavā.|default
sin_01_00096|dækīmaya, penīmaya, æsīmaya yanādi vaśayen ē ē ākārayen upadanā sit hæṉdinvīmaṭa pāvicci karana vacana vyavahāra bhāşāvē bohō gaṇanaki.|default
sin_01_00130|puṇya kriyā vişayehi idiriyen gaman karana bava da śraddhāvē lakşaṇayaki.|default
sin_01_02003|vimasanna. binduvayi hatayi hatayi hatayi pahayi hatayi pahayi hayayi hatayi navaya. iṉdum hiṭum moraṭuva sarasaviyē sisuviyan dedenekuṭa navātæn pahasukam æta.|default
sin_01_02191|ismatu vī penennē kāvya rasayaṭa vaḍā viyaraṇa rasayayi. heḷa havulē kavīn.|default
sin_01_01849|pramitiyen tora kirum minum upakaraṇa bhāvita kaḷa gāllē hōṭalvalaṭa daḍa.|default
sin_01_02070|ada poson pohoya dinayayi. poson pohoya apē raṭaṭa atiśaya vædagat dinayak.|default
sin_01_00554|idin piḷikul dæyehit nopiḷikul dæyehit piḷikul saṁgnāva æti væ vesem vā yi kæmæti vē da ehi piḷikul saṁgnāva ætivæ veseyi.|default
sin_01_02054|mahēndra perērā raṁgana śilpiyā tamayi magē raṁgana diviyē guruvarayā.|default
sin_01_01281|raṭē ārthikaya goḍa næṉgīmaṭa koviḍ vasaṁgataya avasan vana turu balā siṭīmaṭa hækiyāvak næhæ.|default
sin_01_02116|sunil aruṇa vīrasiri mulinma sinamā nişpādanayaṭa yomu vī pasuva adhyakşaṇayaṭa da pivisiyēya.|default
sin_01_00942|lōkaya næsennē yæ yi hō hædennē yæ yi hō anāgata kālaya da mam danimi.|default
sin_01_00195|manāva sihiya pihiṭat.|default
sin_01_00212|ē bava mesē dækvē|default
sin_01_01425|piḷikā auşadha labādīma sadahā liyāpadiṁci kara tibunē eka samāgamak pamaṇayi.|default
sin_01_02950|tathāgatayan vahanasē 'aggikkhandhōpama sūtraya' dēśanaya karana laduyē cārikāvehi hæsirena samayaka ya.|default
sin_01_02780|jātiya bhavaya pratyaya koṭa ættē ya. duḥkhaya jātiya pratyaya koṭa ættē ya.|default
sin_01_01334|vidhāyaka janādhipati dhūraya ahōsi karanna janamata vicāraṇayak ōnē.|default
sin_01_02079|oṭō ḍīsal līṭarayak rupiyal ekasiya haya siṭa rupiyal ekasiya eka dakvā rupiyal paha kinda, supar ḍīsal līṭarayak rupiyal dahaya kinda aḍukara æta.|default
sin_01_01063|ema vistara patrikāvē vam pasa ihaḷin pæhædilivama dakvā ættē 'karuṇākara iṁgrīsiyen puravanna' yanuveni.|default
sin_01_00760|no venas vana sulu ya, anparidi novana sulu ya.|default
sin_01_00956|vignānayayen bæhæra anekak mama vemi yi kiyavu da.|default
sin_01_02203|esē tōrā gat ḷamungē lipi gonu parīkşā kirīmen sviṭsarlanta tānāpati kāryālayē sēvaya karana mavak siṭina dæriyan dedenaku hamuviya.|default
sin_01_00693|godhāveni, sivudahamakin yut āryyaśrāvikā tomō vivasa va no hena sulu niyata vū sambodhiya pihiṭa koṭa æti sōvan vūvā vē.|default
sin_01_02747|edina maha bōsatāṇō veḷeṉda baḍu sapayanu piṇisa ē gamaṭa pæmiṇa ē geyi navātæn gena siṭiyaha.|default
sin_01_02843|'mohu no mærennaṭa siṭina kenaka, mohu paralova yana viṭa da vastuva gena yannaṭa siṭina kenaka' yanādīn minisunṭa nindā kereti.|default
sin_01_01885|dēvahuva govi janapadayē vī milaṭa gænīma saṉdahā vī alevi maṇḍalaya yodāgena tibena tunē æḷē pihiṭi gabaḍāva tavamat vivṛta nokirīma nisā govīhu dæḍi apahasutāvaṭa patvī siṭiti.|default
sin_01_00642|kaṇa tāgē ma ya, śabda tāgē ma ya, sōtasamphassa hā viññāṇāyatanaya tāgē ma ya.|default
sin_01_01701|ehet dedahas dāhatara yala kannaya, dedahas dahasaya dedahas dahahata maha kannaya, dedahas dahahata yala kannayē dī govingen vī miladī gena notibu bava vigaṇana vārtāvē sadahan vē.|default
sin_01_02953|rāgayat maitrīyē muhuṇuvara æti klēśa dharmayeki. maitrī pāramitāva purana tænættā visin maitriya hoṉdin hæṉdina gata yutuya.|default
sin_01_01850|ēvāṭa havul velāt næhæ. bæṉdumkara siddhiyaṭa hadisiyē ma æyi janādhipatitumā komisamak dæmmē? niværadi dē ma eḷiyaṭa enna ōnē. janādhipatitumā komisamak dæmmē ēkayi. etænin hari ætta heḷi veyi.|default
sin_01_01190|ē vagēma tamayi korōnā āvama kīvā 'desiya visi pahaṭama korōnā hædenna ōnǣ' kiyalā.|default
sin_01_02662|mærena avasthāvē dī sugatiyaṭa yǣmaṭa upakāra vana tænættā kenakugē parama kalyāṇa mitrayā ya.|default
sin_01_00734|dæka ē mahaṇahaṭa meya vadāḷa sēka, mahaṇa, tepi mē dahamnaya æsuvahu dæ.|default
sin_01_03122|kumburu tibiya dī tavat kumburu ganī. vāhana tibiya dī tavat vāhana ganī. lakşayak æti kalhi tava lakşayak sevīmaṭa vǣyam karayi.|default
sin_01_00086|adhika masuru bava ættē tamāṭa prayōjanayak næti nisā at haḷa deyak vuva da anekaku visin gænīma no ivasayi.|default
sin_01_00929|rajatumani, mehi yambaṉdu namak vē da mē māgē nama vē.|default
sin_01_01667|āpadā tattvayen balapǣmaṭa lakvū rajayē sēvakayinṭa nivāḍu dīmaṭa cakralēkhayak.|default
sin_01_02530|vanasattva hā vṛkşa latā āgnā panatē hat væni vagantiyaṭa anuva vana jīvī saraṇāgata kaṉdavuraka mē satun raṉdavalā kælǣvaṭa huru vuṇāmayi ataharinna ōnā.|default
sin_01_00739|dṛşṭisampanna pudgala āpāyika rūpayehi ælē da?|default
sin_01_02299|kālayak tissē puvat mavamin tibū kæbinaṭ saṁśōdhanaya pasugiyadā siduvuṇā.|default
sin_01_00044|tavat kramayakin kiyatot anāgata bhavayehi pratisandhiya gena dennā vū karmaya janaka karma nam vē.|default
sin_01_02729|klēśayan aturen diṭṭhi - vicikicchā dedena prathama mārga gnāna vadhyayaha. dvēşaya tṛtīya mārgagnāna vadhyayæ.|default
sin_01_00624|ē bhikşūhu da sikapada panavana lada bava no dannō hō vetæ yi.|default
sin_01_00381|ketek skandhādīn hā viprayukta vet da yat, ek skandhayak hā dasa āyatanayan hā soḷos dhātūn hā viprayukta veti.|default
sin_01_00817|maṭa hita kæmæti ovunaṭa tamahaṭa væḍa kæmæti mam mesē kīmi.|default
sin_01_00915|yam tæneka nāmarūpayē bæsa gænma nættē nam ehi saṁskārayangē væḍīma nættē ya.|default
sin_01_02746|ekala gini nivī yannē ya. kimek da, maharajāneni, nævæta ē pæn geṇavut ghaṭa kṛtyaya karamha yi kiyā ē manuşyayanṭa mebaṉdu vū sitek vē dæ?' yi kīsēka.|default
sin_01_02097|menna mē ṭika karanavā kiyalā. anit ekā āvahama marana ēvā, koṭana ēvā, kapana ēvā kiya kiya yanne.|default
sin_01_00487|anaṉdayeni, kaluriya kaḷāvū da mahasudasun raja bambalovæ upani.|default
sin_01_00138|vesak masa pura tudusvak viya|default
sin_01_00346|ekkaleka bhāgyavatun vahansē sævætnuvara samīpayehi jētavana nam vū anēpiṇḍu siṭuhugē aramhi vasana sēka.|default
sin_01_02429|æmætivarungē liyumvalaṭa, namut gōṭhābhaya janādhipatitumā dennē ehema novē. anna ē saṁskṛtiya mulin upuṭā dānna ōna.|default
sin_01_00675|kisivak no atuḷa bima pātraya no tæbiya yutu ya.|default
sin_01_01782|ælōsiyasgē durakatanayaṭa æmatum labāgat ayagē nāmalēkhanaya anāvaraṇaya karanna.|default
sin_01_01079|lōka kusalāna taragāvaliyaka nuvan sahabhāgī vū mulma taragaya meya vīmada viśēşatvayaki.|default
sin_01_02954|pæn pūjā gilanpasa pūjā suvaṉda dum pūjā dæhæt pūjā saṉdahā da gāthā aḷuten ma sādana ladī.|default
sin_01_00121|pæhædīmaya yanu piḷigannā svabhāvaya ya.|default
sin_01_03116|viśēşa:- vitarka- vicāra- prīti- sukha- rūpa saṁgnādiya dvitīya dhyānādiyaṭa pratipakşa yæ.|default
sin_01_01512|venat kisiṉdu rajayakaṭa vaḍā mema rajaya govi janatāvaṭa sahana labādunnā.|default
sin_01_00303|ehi ohu hudakalā væ bohō kalak vusū heyin 'an sathu da mē atbavaṭa ennāhu nam yehekæ' yi prārthanāvek tṛşṇāvek ohuṭa pahaḷa veyi.|default
sin_01_00162|accimantu raju gē parapurehi samaharu mithilā nuvara da, bohō denek bārāṇasī (baraṇæs) nuvara da, samaharu ayōdhyā ādi kalin kalæ næṁvuṇa nagara da rājadhāni kærægatha.|default
sin_01_02071|mē nisā nava parapura saṁgīta viyamana hā haṇḍa viyamana aviyak karagena kærali gahanavā.|default
sin_01_00752|nīvaraṇiya da vūvāhu ma no da nīvaraṇaha yi no kiyayutu vannāhu yi.|default
sin_01_00199|eyaṭa hētuva nam ihata kī sivuru pidīma piṇḍapāta dāna senasun idikirīm ādī puṇya karma karanuyē dharmaya asā dæna gat bævini.|default
sin_01_02320|ehet ē aṇa sīmāvē siravī siṭimin ma maṉda sinā pǣ ǣ dakinnaṭa nomæta. kiviṉdiya ǣ soyannīya.|default
sin_01_00777|pratisambhidāvō, pe, budurajānan vahansēgē sasuna karaṇaladi.|default
sin_01_02731|cakşur vignānayaṭa niḥśraya vannē da cyuti cittayen sataḷos vana cittaya hā upan cakşur vastuva ya.|default
sin_01_01184|sidukaḷa paścāt maraṇa parīkşaṇavaladī vasa kǣmaṭa dī æti bavaṭa anāvaraṇaya noviṇi.|default
sin_01_01502|namut raṭē taruṇa piris viśēşayenma avurudu dahaaṭa siṭa visi paha dakvā atara siṭina ayat, buddhimatungē hā pāvena chandat suḷu jātika chandat meccara kal chandaya nodunna ayat apa ilakka kara gata yutu venavā.|default
sin_01_02682|māpiya guṇaya sē ācārya guṇaya da anantaya. ebævin satpuruşayō taman kotaram usas tatvayakaṭa pæmiṇa siṭiyat deviyanṭa rajunṭa men guruvarunṭa garu karannāha.|default
sin_01_01746|iḍam miladī gannē lāṁkika pudgalayaku vuvat iḍam miladī gænīmvalaṭa mudal viyadam karannē vidēśīya samāgamak bavaṭa gam væsiyanṭa toraturu læbī tibenavā.|default
sin_01_01236|emenma anuśūratāvaya dinā gænmaṭa samat vūyē koḷamba nālandā mahā viduhalayi.|default
sin_01_00715|tāgē sirura pæhæya da siyalu digun babuḷuvayi.|default
sin_01_02824|māpiyangē balāporottuva ætat nætat gihi daruvan visin māpiya upasthānaya kaḷa yutu ma ya.|default
sin_01_00820|manōviññāṇadhātu savitarkasavicāra viyaheyi, avitarkavicāramātra viyaheyi, avitarkaavicāra viyaheyi.|default
sin_01_01172|ē vagēma dedahas pahaḷova siṭama mē āṇḍuva karapu kiyapu dē nisi paridi janatāvaṭa pracāraṇaya koṭa mætivaraṇavalaṭa śaktimatva muhuṇa denavā.|default
sin_01_01697|guṇātmaka nindak labāgænīma yanu nidāgannā vēlāvak niyama kara ganimin ema vēlāvaṭa nindaṭa yǣmayi.|default
sin_01_01287|ē kāleṭa eḷavaḷu mila huṉgak aḍuyi. anek eḷavaḷu vavana yala kannaya paṭan gannē jūni māsayē.|default
sin_01_00705|tathāgatayan visin no purudu karaṇa ladda tathāgatayan visin no purudu karaṇa ladæ yi dakvannē biyen agatiyaṭa no yeyi.|default
sin_01_02072|mesē miyagos ættē dasanāyaka mudiyansēlāgē saṁjīva udaya kumāra dasanāyaka yana ayayi.|default
sin_01_01026|hisa vasā perevi no gilanhaṭa daham no desiya yutu yi.|default
sin_01_01949|irākayē sēvayē niyutu śrī lāṁkika kamkaruvan tāmat mārāntika upavāsayē.|default
sin_01_02942|min ekak daknē pera pasu novī evakaṭa siyalla dakī. mē gnāna kṛtya vistaraya gnāna darśana viśuddhiyehi matu paḷa vē.|default
sin_01_01507|ema yōjanāvaṭa pakşava chanda ekasiya dahasaya k læbuṇu atara vipakşava læbuṇē chanda visi tunak pamaṇi.|default
sin_01_01102|mēka væradi væḍak kiyalā hitanavā nam oyālā nīti mārgayen kaṭayutu karanna.|default
sin_01_00420|bhāgyavatun vahansē visin mē sūtraya vadāraṇa laddē ya.|default
sin_01_02583|sævæt pura kisivakuṭa kisit nudun virū dhanavat masuru bamuṇek vī ya. he tema adinnapubbaka namin mahajanayā visin dannā laddē ya. ohuṭa putek viya.|default
sin_01_02050|etæna pālanaya karana eka amāru tænak. yam vidhiyakin væḍivelāvak etæna gēṭṭuva vahanna siddha vuṇot kilōmīṭar gāṇak duraṭa rathavāhana tadabadayak æti venavā.|default
sin_01_02927|nirōdhārya satya saṁkhyāta nirvāṇa dhātuva vanāhi karmādī yamkisi hētuvakin pratyayakin haṭagat dharmayak no vē.|default
sin_01_00994|savas vēlehi kāmarāgayen mæḍunu sitin gehi vesē.|default
sin_01_00227|mā visin mesē asana ladī: ek samayekhi bhāgyavatun vahansē pansiyak pamaṇa vū mahat biksaṉgana samaṉga rajagahanuvaraṭat nālandā nuvaraṭat atarehi dīrghamārgayaṭa piḷipansēk veti.|default
sin_01_01709|distrik kaḷamanākaru priyanta kāriyavasam, mūlasthāna kaḷamanākaru tilak nandasiri, samṛddhi bæṁku samiti kaḷamanākaru.|default
sin_01_01766|dænaṭa pavatnā sākşya anuva kav lækiyen kaḷa pæraṇitama lēkhana sē sælakiya hækkē 'heḷaṭuvā' yana namin hæṉdinvena lēkhana samūhaya yi.|default
sin_01_01322|ovuhu paudgalika vǣn rathayak kuliyaṭa gena savas varuvē siṭa balā siṭiyaha.|default
sin_01_01450|mokada asvanu neḷana kālaya nisā vana satungen mēvā ārakşā kara ganna ōne.|default
sin_01_02066|dumkoḷa bhāvitaya, kriyāśīlibhāvaya aḍuvīma, ahitakara āhāra saha matpæn bhāvitaya ema sādhaka veyi.|default
sin_01_02848|anyayaku hā hō avavāda dāyakayā hā hō dvēşayen siṭina tænættā da avavāda no piḷi ganī.|default
sin_01_02846|ekala maṭa æti ādaraya nisā ohugē jīvitaya da notakā noyek ayurin dhanaya ræskoṭa mā pōşya keḷē ya.|default
sin_01_02641|diyuṇu vī pævæti kālayehi mehi pramāṇaya vaṭin sat yodunak pamaṇa vī ya.|default
sin_01_03059|ætæmek mē sārambhaya nisā vacanayak gæna hō kos geḍiyak pol geḍiyak væni suḷu deyak gæna hō æna koṭā gena maraṇayaṭa da pæmiṇeti.|default
sin_01_01803|ræsvīm tunakaṭa nætnam kamiṭu sāmājikatvaya nǣ.|default
sin_01_01560|rūpayak pēnavā nam rūpayak kiyalā hitanna; nættam 'pēnavā pēnavā' hitanna.|default
sin_01_03190|sivuru dekakaṭa redi gata yuttē da tun sivuru ma næti vū bhikşuva visini. sivuru dekak næti vū bhikşuva visin ek sivurakaṭa pamaṇak redi gata yutu ya.|default
sin_01_03266|ē daśakayan gen cakşur daśakaya no læbūvō andhayō ya. śrōtra daśakaya no læbūvō bihirō ya. bhāva daśakaya no læbūvō napuṁsakayō ya.|default
sin_01_03238|'oba vahansē anāgataya piṇisa kisi pinkamak no karannāhu' yi kīvāya. ekalhi rajatumā 'dēviyani, kāhaṭa dan demi da silvathu nætæ'yi kīya.|default
sin_01_01614|eklakşa hættǣ pan dahasaka mudalin satipoḷa pustakālavala aḍupāḍu sakas kaḷa yutuya. nætinam ēkākārī taraga raṭāvaka tamayi taraga karannaṭa siduva tibennē.|default
sin_01_02818|ikbiti sitin buduradun nirmita karagena budunaṭa vaṉdimi yi pasaṉga pihiṭuvā parama gauravayen væṉdiya yutuya.|default
sin_01_00352|esamayehi bhāgyavat buduhu sævæt nuvara jetavana nam anēpiṇḍu siṭuhugē aramhi væḍæveseti.|default
sin_01_02432|ohugē lēkhana śailiya hariyaṭama allāganna nam mul rusiyan basinma kiyavanna ōna. namut mama rusiyan danne næhæ.|default
sin_01_02230|etæna pirisuduyi. mataṭa tita kivvaṭa ōnǣma tænaka baḍu tiyenavā.|default
sin_01_02249|anek aya gæna hitanna ara leḍa mē leḍa, preşar, diyavæḍiyāva, piḷikā hædilā. ekkō daruvāṭa leḍa.|default
sin_01_01403|pæya dekakaṭa vināḍiyak dekak pasuvuvat tavat gāṇak kapā gænīmaṭa māna balati.|default
sin_01_00774|pratyutpannaya anāgata koṭagena meseyin næta.|default
sin_01_01893|gaṁjā kilō ekdahas tunsīya k yāla abhaya bhūmiyen matuveyi.|default
sin_01_02811|vandanāmaya kuśalayen maraṇin matu læbena vipākaya nam dev lovat minis lovat ipida dev minis sæpa læbīma yi.|default
sin_01_00853|mahaṇeni, mesē arīaṭaṉgimaṉga vaḍana arīaṭaṉgimaṉga bahula karana mahaṇahugē saṁyōjanayō nidukin ma sanhiṉdet kşaya vūvāhu veti yī.|default
sin_01_00841|mahaṇeni nævata anekak da kiyami, kanin śabdayak asā mahaṇahaṭa.|default
sin_01_01168|baṭahira indīya kodev, baṁglādēśaya saha simbābvē piḷiveḷin hatvæni, aṭavæni saha navavæni sthānayanhi pasuvē.|default
sin_01_00017|eya metekæyi pramāṇa karannaṭa da nupuḷuvana.|default
sin_01_01093|ē saṉdahā ohuṭa tibena śuddha vu ayitiya kumakda yanna yahapālanaya venuven kæpavū samaharunṭada amataka vī tibē.|default
sin_01_00280|mahaṇeni, mehi kisi mahaṇek hō bamuṇek hō vīryaya pratyaya koṭa gena (væra vaḍā),|default
sin_01_03049|āśvāsa praśvāsa vāyuva sæpena tæna tērum gattā vū tænættā visin bhāvanāvaṭa yōgya tænakaṭa gos bhāvanāvaṭa paṭan gata yutu ya.|default
sin_01_02856|væḍi vēlāvak bhāvanāvehi yedenavā nam ek diśāvakaṭa ma vāra bohō gaṇanak met væḍīma yahapati.|default
sin_01_02945|pubba nam særava yi. eya jīvamāna śarīrayehi nam varṇa vaśayen iduṇu koḷayakaṭa baṉdu varṇa ya.|default
sin_01_00311|e bævin bamba lovin sæva mehi mē minisat bavaṭa āmha' yanu yi.|default
sin_01_01149|līsiṁ finǣns, lakşayakaṭa māsika vārikaya dedahas ekasiya anū navayē siṭa.|default
sin_01_02727|eda mahat dukaki. kopamaṇa pavitra kaḷat eya nævata apavitra vannēya. eda mahat dukaki. minis sirura śīta sṛtu, śīta pradēśavaladī śītayen peḷanu læbīma da dukaki.|default
sin_01_02474|ohu nītigna vṛttiyē niyæḷuṇa da venat nītignavarun men mudal pasupasa hambāgiya kenaku novannēya.|default
sin_01_01040|hē ē śraddhālābhayen samanvita vūyē, gihigeyi visīma sambādhayeki, rajaspathayeki.|default
sin_01_02620|rūpaya - śabdaya - gandhaya - rasaya - spraşṭavya kiyā gōcara rūpa paseki. mē rūpa pasa cakşurādi prasāda pasehi goduru ya.|default
sin_01_02269|namudu ē aṉduru yugaya nimā karamin ekdahas navasiya hæṭa gaṇanvala mul kālayē vesak pohō dinaṭa mihintalā pudabima ālōkavat vannaṭa vūyēya.|default
sin_01_00974|śuddhāvāsayehi pirinivenavunaṭa da asaṁgnasatvayanaṭa dæ yi ovunaṭa ehi manāyatanaya da nūpannē ya.|default
sin_01_02398|kǣgalla nagarayē janatāvagē saukhya tattvaya parīkşā kirīmē jaṁgama vaidya sāyanayak pahadā kǣgalla vǣvaladeṇiya vihārasthānayē bhūmiyēdī pævætviṇi.|default
sin_01_00884|melova sattvayāṭa śraddhāva śrēşṭha dhanaya vē.|default
sin_01_02475|agavinisuru nivasa idiripiṭa pārē aṭṭāla aṭavāgena kiribat uyā kā ratiññā pattu kirīmaṭa taram jaḍa dēśapālana saṁskṛtiyak nirmāṇaya kara tibiṇi.|default
sin_01_02018|elesa meraṭaṭa ā mohu padiṁciva siṭiyē mattegoḍa pradēśayēya. ohu dedaru piyeki.|default
sin_01_00547|ikbiti ē mahaṇahu bhāgyavatunvahansēṭa e pavat sæḷa kaḷaha.|default
sin_01_01440|ābādha sahita pudgalayangē diriya nişpādanavalaṭa viśēşa veḷeṉdapoḷak hadanna væḍasaṭahanak.|default
sin_01_01476|mevara yala kannayēdī hekṭayār hāradahas pansīyakaṭa adhika pramāṇayaka artāpal asvanu veḷeṉdapoḷaṭa pæmiṇīmaṭa niyamita bæv kṛşikarma aṁśa pavasayi.|default
sin_01_02884|putra māṁsōpamāva mesē ya: ambu sæmi yuvalak ovungē ata daruvā da gena kāntārayak mædin gaman kaḷō ya.|default
sin_01_01156|dedahas pahaḷova maha mætivaraṇayēdī evakaṭa liyāpadiṁci chandadāyakayin gaṇana vū hayalakşa visidahas hārasiya asū aṭa denāgen siyayaṭa asūvak chandaya bhāvitā kara tibiṇi.|default
sin_01_02253|dedahas hatara oskār uleḷehi dī sammāna dekakaṭama himikam kī paḷamuvænna tavat sammāna ræsakaṭama himikam kīya.|default
sin_01_01176|lihiṇi pot upadina viṭa siṁhala bhāşāva gæna etek asannaṭa læbuṇē mevæni katā ya. 'siṁhala bhāşāva bohōma duppat ya'|default
sin_01_01932|dænagena giyot kataragama nodæna giyot ataramaṁ vana koṭas veḷeṉdapoḷa.|default
sin_01_02763|jarā - maraṇa dekhi ñāṇaya arthapratisambhidā nama. jātiyehi ñāṇaya dharmapratisambhidā nama. karma bhavayen nipan jātiyehi ñāṇaya arthapratisambhidā nama.|default
sin_01_02520|api el.ṭī.ṭī.ī. sāmājikayan mæruva kiyalā sarat fonsēkā mahatā kiyanne næhæ. namut el.ṭī.ṭī.ī. nāyakayek kiyanavā mama hamudāve dedāhak, tundāhak mæruva kiyalā.|default
sin_01_01214|buttala siṭa yāla abhaya bhūmiya māyimen kataragama dakvā divena raja māvata ki.mī. visi pahak kāpaṭ kara næhæ.|default
sin_01_00636|ē hētuven maraṇayaṭa hō maraṇaya hā sama dukakaṭa hō no pæmiṇeti.|default
sin_01_00821|manōvignānadhātu laukika viyaheyi, lōkōttara viyahē.|default
sin_01_00792|arūpī dharmayangē āyu arūpa jīvitendriya vē da?|default
sin_01_00621|ē pinin tavtisā devlovaṭa giyem utum vimanak labami.|default
sin_01_00380|ketek skandhayan visin ketek āyatanayan visin ketek dhātūn visin saṅgṛhīta vēda?|default
sin_01_01693|nisi pālanayak nomæti mema ælla avaṭa pavā tæna tæna anavasara idikirīm ræsak mē vanaviṭat kara æta.|default
sin_01_02951|ē mesē yi:- mē sirurehi tada gatiya lakşaṇa koṭa æti raḷu ākāraya paṭhavi dhātu ya. diyāru gatiya lakşaṇa koṭa æti vægirena ākāraya āpō dhātu ya.|default
sin_01_01027|he ehi no sakas koṭa hæṉdi hō no sakas koṭa perevi hō māgamaka daknē ya.|default
sin_01_02287|ehema avaśyatāvak næhæ. kollek maṁ dihā balalā lassanayi kiyanavāṭa nam mama kæmætiyi.|default
sin_01_01946|obē sahōdariyagē sæmiyā vunat ohu idiriyē anārakşita bavak maṭa dænenavā. oba tāmat ē taramaṭa samāja āśrayak tiyena kenek bava maṭa dænenne næhæ.|default
sin_01_02895|iti vēdanā, iti vēdanāya samudayō, iti vēdanāya atthaṅgamō. iti saññā, iti saññāya samudayō, iti saññāya atthaṅgamō.|default
sin_01_03215|yamkisi vihārayakaṭa pæmiṇi āgantuka bhikşuvak hō śişyādīn næti bhikşuvak hō rōgātura vūyē nam ē rōgiyā saṁghayāhaṭa bhāraya.|default
sin_01_00082|dænīmak ætivīmaṭa sæma kalhi ma data yutu deyaka sambandhayak tibiya yutu ya.|default
sin_01_01278|maṉgul geval, maḷa geval saṉdahā nirmāṇavalaṭa maṭa gamē aya ē kālē ærayum keruvā.|default
sin_01_02908|sambudu dahamē karmaya yanu cētanāva vē. ē bava mesē dækvē. 'cētanāhaṁ bhikkhavē kammaṁ vadāmi' mahaṇeni mama cētanāva karmaya yæ yi vadārami kiyā ya.|default
sin_01_01266|dedahas dahanavaya sthira vaśayenma nava āṇḍuvak goḍanagana vasarak.|default
sin_01_02077|elesama parīkşaṇayaṭa lak kaḷa yutu pudgalayangē pæhædili pramukhatā kramavēdayak sahitava saṁśōdhanaya kaḷa yutuya.|default
sin_01_00209|dasa akusala karmayangen balavat ma akusala karmaya vanuyē mitya dṛşṭiya vana atara sesu siyaḷu akusal mē nisā sidu vē.|default
sin_01_02781|mala aturin dōsa malaya tṛtīya mārgagnāna vadhyayæ. sesu lōbha- mōha mala deka caturtha mārgagnāna vadhyayi.|default
sin_01_02309|tic ñātān nam vū viyaṭnām jātika dārśanika yativarayāṇan liyū kṛtiya 'saṁhiṉdī giya hadin' namin siṁhalayaṭa parivartanaya kaḷāhu maṇḍāvala paññāvaṁsa himipāṇōya.|default
sin_01_01400|ættenma mē āṇḍuva balayaṭa pat karanna ejāpayē udavu læbuṇā. oba kōp kamiṭuvē sabhāpativarayā nēda?|default
sin_01_00648|karmāyūhanaya duka yæ anāyūhanaya sukha yæ yi datayutu yæ.|default
sin_01_00319|arīaṭaṉgimaṉga vaḍannē arīaṭaṉgimaṉga bahula karannē nivanaṭa næmuṇē nivanaṭa næmburu vūyē veyi.|default
sin_01_02366|'sugat kiyanna balanna ōmār khayiyām gæna danna deyak.' ōmār khayiyām parsiyānu jātika kaviyek.|default
sin_01_02608|sāmaṇērayanṭa sika padayen padayaṭa vena vena ma ævæt næta. mul sika pada pasin ekakudu kaḍa kaḷa hot saraṇa gamanayē paṭan siyalu sāmaṇēra śīlaya biṉdē.|default
sin_01_00015|ehet budun vahansē apaṭa pihiṭavanu piṇisa buddhatvaya patā dhanaya da, ambudaruvan da, taman vahansēgē æs is lē mas da jīvitaya da siyadahas gaṇan jātivaladī parityāga kaḷa sēka.|default
sin_01_02833|varadavā mudraṇaya karavana lada, śikşāvan piḷibaṉda pāli pāṭhayak kaṭapāḍam kirīmaṭa sælæsvīma vinaya aparādhayaki. vinaya avinaya kirīmaki.|default
sin_01_02986|enam daval kālaya hā rātriyē prathama paścima yāma deka da no nidā sakmanin hā hiṉdīmen gata kirīma ya.|default
sin_01_00354|ehi dī bhāgyavatun vahansē mahaṇeni yi bhikşūn æmatū sēka.|default
sin_01_02603|pina mahatphala vīmaṭa nam kavadat pañca duścaritayen væḷakī silvatva siṭiya yutuya. dusil bavaya kiyanuyē prāṇaghātādī pavkam kirīma ya.|default
sin_01_02495|lōka śuratā moṭō jī.pī. sivvana adiyara spāññayēdī.|default
sin_01_02745|maharaja, mē tema kāśyapa budu sasunē pævidiva avurudu visidahasak mahaṇadam kaḷa keneki. ekala mohu tripiṭakadhārī bahuśruta dharma kathika bhikşuvak vī siṭiyē ya.|default
sin_01_00068|citta, phassa, vēdanā, lōbha, dōsa, mōha yanādi vacanavalin hæṉgennā vū arthayō mēsādiya sē mahatva no væṭahena ēvā vuvada satyaya vaśayen ættā vū arthayō ya.|default
sin_01_01550|mēvā tamayi apē idiri ilakka sahagata væḍapiḷiveḷa.|default
sin_01_01151|anurasiri vahāma idiripat vī bayisikalayē rōda dekē huḷaṁ arina lesa kīvēya.|default
sin_01_01261|allā ganu læbū asēla rajuṭa sidu vūyē kumakdæyi mahāvaṁsayē saṉdahan novē.|default
sin_01_00241|(topagē ma dhyānādīguṇalābhayaṭa eya bādhaka vē.)|default
sin_01_01381|mundalama polis sthānādhipati polis parīkşaka saman ēkanāyaka mahatāgē upades mata rathavāhana aṁśayē sthānādhipati polis parīkşaka mahatā ætuḷu niladhārīn mema væṭalīma sidukara æta.|default
sin_01_00861|mahaṇeni, yamkisi mahaṇakuṭa hō meheṇakaṭa hō kanin data yutu sadehi.|default
sin_01_00474|sivupiḷisimbiyāvō da aşṭavimokşayō da şaḍabhignāvō da sākşāt karaṇa ladī.|default
sin_01_03167|ehi satvayōya yi kiyā tibennē avidyādi dharma paramparāvaṭa ya. tavat kramayakin kiyatahot skandha paramparāvaṭa ya.|default
sin_01_02788|bojjhaṁga pirit esē dēśanaya kirīma nişphala no vetat rōgīnṭa dēśanaya kaḷa yutu vaḍā hoṉda kramaya eya no vē.|default
sin_01_01794|ema mudal piyavā gannaṭa kisiṉdu hækiyāvak mārgayak nǣ. mǣta kālayē siduva æti dē piḷibaṉda menma mē gænat puḷulva katā kaḷa yutuyi. janādhipativarayā satuva saṉgavā tæbīmaṭa kisiṉdu toraturak næhæ.|default
sin_01_02708|sǣma satvayakuṭama mamaya kiyā salakana tamā gē pañcaskandhaya pavatvā gænīmaṭa mahat āśāvak ættē ya.|default
sin_01_01421|etæna puṁci kaṭumæṭi pæl koṭayak da tani vū gas labu gasak da viya.|default
sin_01_02493|mudalālilā kaḍē kuliyaṭa dīlā salli ṭika sākkuvē dāgannavā. api lǣli gahalā puṭu dānna ōna; ṭikaṭ gahanna ōna; nagara sabhāvaṭa perahara bhārayaṭa ṭikaṭ valin salli denna ōna.|default
sin_01_01265|sæbævinma sidu vī ættē lāṁkika sinamāvehi guṇātmaka bava dinen dina pirihī yāmaya.|default
sin_01_01228|pāsal daruvanṭa eka nila æṉdum kaṭṭalayak nova nila æṉdum kaṭṭala dekakma labā denavā.magē piyāṭa sihinayak tibuṇā, eya iṭu kara ganna bærivuṇā.|default
sin_01_03103|kalpa tis dahasak devlova sæpa læbē. dahas vatāvak dedev lovaṭa adhipati sak deviṉdu vannē ya.|default
sin_01_00014|dæn apaṭa pihiṭa vannā vū apagē māpiyādi kisivek apaṭa dukak pæmiṇi kala in apa mudavā ganu piṇisa taman gē śarīravalin lē kaḷaṉdakudu mas kaḷaṉdakudu viyadam no karannāha.|default
sin_01_00107|rasayak mukhayaṭa pæmiṇi kalhi da samahara viṭa rasak dænēyayi kiyati.|default
sin_01_00327|ākāśadhātu ya abdhātu ya rūpayāgē upacaya ya rūpayāgē santati ya|default
sin_01_00388|cōdanā kerē nam tepulehi tepulehi saṉgavesesævæt vē.|default
sin_01_01076|ekdahas navasiya hættǣvē vagē ē eka karattayakin rupiyal dahayak tamayi ætuḷuvīmē gāstuva vidihaṭa gattē.|default
sin_01_02285|landēsīn væḍipura yeduvē 'seyilān' yana nāmaya yi. mē aturin avasānayaṭa ma asannaṭa læbuṇē britānya jātikayan visin yedū 'silōn' yana nāmaya yi.|default
sin_01_01306|vibhāgayaṭa avasara nǣ - japura sisuvek vatura ṭæṁkiya uḍa virōdhatāvayē.|default
sin_01_02517|gālla dakşiṇa nāvika hamudā kaṉdavurē niladhāriyeku ætuḷu nāvika bhaṭayan hatara denekuṭa korōnā vairasaya āsādanaya vi æti bava ada (paha) tahavuru vu bava saukhya aṁśa pævasiya.|default
sin_01_00921|yamsē samahara bhavat mahaṇabamuṇō sædæhæyen dun bojun vaḷaṉdā.|default
sin_01_01779|mē navakavadhaya nisāma tamangē jīvitayē itiri koṭasa vināśa vuṇa aya rāśiyak innavā. kisima deyak nætuva boru matavāda valin mē navakavadhaya kiyana dē yukti sahagata karagena tiyenavā.|default
sin_01_00505|anuttara vū catussatya buddha vū ē rahathu lōkayehi abhītanāda karannāha yi.|default
sin_01_01293|dakuṇu koriyāva samaṉga pævætvena sākacchā uturu koriyāva athiṭuvīmaṭa tīraṇaya karayi.|default
sin_01_02232|raṉgapānna puḷuvan. lassanaṭa aṉdinna puḷuvan. eyāgē tērīm harima lassanayi. ē vagēma eyāṭa hoṉdaṭa vihiḷu karannat puḷuvan.|default
sin_01_00826|mama budurajānan vahansēgē vacanaya asā sōhula duru keḷemi.|default
sin_01_02920|ek yakinnak 'mē puruşayā itā tada mantra kārayeka. koyi lesakin vuvat mohu da kannemi' yi bōsatāṇan luhubæṉda giyā ya.|default
sin_01_00433|me sasnehi vṛddhiyaṭa virūḍhiyaṭa vaipulyayaṭa pæmiṇennēya yana tela karuṇa vidyāmāna vē.|default
sin_01_01033|hetemē pirivesenuyē atara pamaṇa vū piḷisan vū.|default
sin_01_02076|mokō tārā..? maṁ oyāṭa varadak kivve nǣ ḷamayō....! maṁ kivve magē praśne..|default
sin_01_03186|gilanunṭa hā yācakayanṭa ahita vū dǣ no deti. pamaṇaṭa vaḍā da nodeti. gihiyanṭa sudusu dǣ gihiyanṭa deti.|default
sin_01_01533|eḷiyaṭa bæhælā balana koṭa val ali dennā midulaṭa ævit innavā.|default
sin_01_02981|utsāhaya dhanavat vīmē hētuvak lesa sæma denā ma piḷigannāha. samaharu dhanavat vīmaṭa bohō utsāha kereti. ehet ovunaṭa ē adahasa mudunpat karagata hæki no vē.|default
sin_01_00869|mahasināyen yutu væ ætuḷugamehi no yannemi yi hikmiyæ yutu yi.|default
sin_01_02996|metæn paṭan 'chaddhāturōyaṁ bhikkhu purisō' yanuven 'dhātu vibhaṁga' sūtrayehi vadārana lada sayak vū dhātūngē vaśayen dṛşṭi viśuddhi bhāvanā kramaya dakvanu læbē.|default
sin_01_01743|agalavattē saṁcaraṇa sīmā pænavū gammānavala janatāva hoṉdaṭama asaraṇa velā.|default
sin_01_00246|mahaṇeni, tathāgatayangē guṇa kiyana puhudun temē yamekin (ovun vahansē kerehi vū yam guṇayak karaṇa koṭa gena) kiyannē nam, ohu kiyana ē guṇaya alpamātra ekeka.|default
sin_01_02902|vistara:- udaya-vaya dænīm arthayen hā pratyakşa heyin dækīm arthayen da gnāna darśanaya yi.|default
sin_01_02510|nītignavarunṭa mē raṭē venama nirōdhāyana nītiyak nǣ. pī.sī.ār. kaḷā nam anivāryenma saukhya aṁśa labādena upadesvalaṭa anuva dina gaṇana nirōdhāyanaya venna ōna.|default
sin_01_00600|ehi æsin yam mæ rūpayak daknē da, anişṭa rūpayak svabhāvayak mæ daknē yæ.|default
sin_01_01348|battaramulla hōmāgama nugēgoḍa piḷiyandala koṭṭāva āsannava vimasanna.|default
sin_01_01423|pāvena avi gabaḍāva pavatvāgena yanna allas gænīma gæna sākşī vibhāgaya juni visi haya.|default
sin_01_00754|nudun dæya pæhæra gannahuṭa ayuru sayekin dukuḷāævæt vē.|default
sin_01_00088|dena anyayanṭa da garhā kereti.|default
sin_01_02717|depanas caitasikayan aturen, sarva citta sādhāraṇa caitasika sata viśēşayak næti va, siyalu ma sit hā samprayōga vana bava data yutu ya.|default
sin_01_00722|topa pahadavā ya yi topagē prasādaya patā ya yi kiya yutu yi.|default
sin_01_02529|'hari minihā haṇḍapaṭa gēnavā nam māt geniyanavā.' bæṉdumkara haṇḍa paṭa, em.sī.sī. givisum haṇḍapaṭa ætuḷu haṇḍapaṭa kihipayak udāna da ekatu kara gattēya.|default
sin_01_02401|śīta kālaguṇayen uturudiga spāññayaṭa balapǣm.|default
sin_01_01372|ē atara sirivardhana tama jīvana aragalaya gæna apaṭa toraturu heḷi karannaṭa vūyēya. 'maṭa dæn avurudu panahak venavā'|default
sin_01_00700|idin tatpratisaṁyukta prītisaumanasyaya æt nam,|default
sin_01_01386|gæbini samayēdī saha mavu kiri dena kālayēdī mava hækitaram aḍuven sīni bhāvitā kirīmen kusa tuḷa væḍena daruvā da pæṇi rasayaṭa lol vīma aḍuvē.|default
sin_01_00243|mē karuṇinut meya esē ma æti ekeka.|default
sin_01_02661|caitasika samprayōgaya pahasuven tērum gata hæki vīmaṭa, dhyāna bhēdayen hā vēdanā bhēdayen sit bedana hæṭi, nævatat sihi kara gata yutu ya.|default
sin_01_02568|ē saṉdahā kaḷayuttē śākayaṭa kṛmināśaka yedīma. eviṭa kṛmiyā pæmiṇa śākayē yuşa urā bona avasthāvē kṛmiyā miya yana kṛmināśaka varga goviyāṭa labādīmaṭa kaṭayutu kaḷa yutuyi.|default
sin_01_00896|mē chandaya upadavayi, niraturu upadavayi, naṉgāsiṭuvayi, monovaṭa naṉgāsiṭuvayi, nipadavayi, vesesin nipadavayi.|default
sin_01_00045|aṁga sampūrṇa vī balavat vū kuśalākuśalayō janaka karma veti.|default
sin_01_00428|mahaṇeni, mehi ektarā āvāsayeka edavasa pavāraṇadinayehi pas namak hō væḍi gaṇanak hō bohō āvāsikabhikşūhu ræs vet.|default
sin_01_01559|ē anuva 'sūriya araṇa' ek atakin viśişṭa nirmāṇayak vana atara 'siri pærakum' tavat aṁśayakin viśişṭa nirmāṇayak vē.|default
sin_01_00164|akusala karmavala asōbhana vipākat kusala karma vala sōbhana vipākat mē kathāven da manāvaṭa pennum karayi.|default
sin_01_00517|asamayavimukta rahathu rahat bævin pirihet da?|default
sin_01_00850|mahaṇeni, me seyin prēmahētuyen prēmaya upadanē ya.|default
sin_01_02525|ēkaṭa hētu vecca kāraṇā maṁ obaṭa kiyannam. jaina bhikşuvakaṭa jaina novana venat gedarakaṭa piṇḍu siṉgā vaḍinḍa bǣ.|default
sin_01_00799|puhudun tema rūpadhātuyehi da arūpadhātuyehi dæ yi ehi hē bhavarāgānusayen da mānānusayen da diṭṭhānusayen da vicikicchānusayen da anuśaya sahita veyi.|default
sin_01_02922|bhaṁgānudarśana gnānaya mænavin sampādanaya karagat yōgāvacarayā visin dæn bhayatupaṭṭhāna gnānaya labanu piṇisa piḷipædiya yutu ya.|default
sin_01_00749|nimitta saṁskārayaha animitta nivanæ yi datayutu yæ.|default
sin_01_03081|varşa dedahas gaṇanakaṭa pera rōpaṇaya kaḷa ē bōdhin aturen śrī mahā bōdhīn vahansēgen svalpayak ada dakvā pavatnēya.|default
sin_01_02965|maraṇin matu no næsī pavatnā saṁgnā æti antavat ātmayak æta. anta næti ātmayak æta. antavat vū da, antavat no vū da ātmayak æta.|default
sin_01_01629|ēt mohotakaṭa hitanna ē adbhūta dēvalvalin ehāṭa giyāma hari lassana lōkayak tiyenavā nēda kiyalā.|default
sin_01_00668|kiccādhikaraṇaya vū ek adhikaraṇayen sanhiṉdet.|default
sin_01_00779|bhavata cittasantati samādhi vē yayi no kiyæyutu mæ yæ.|default
sin_01_02876|mē pirita bhāşā rīti hevat vyākaraṇaya salakā prabandha karana laddak bava no penē.|default
sin_01_00914|yam tæneka nāmarūpayāgē bæsa gænma ættē da, ehi saṁskārayangē væḍīma ættē ya.|default
sin_01_02629|ē mesēyi:- ē yōgītemē ema avurudu siyaya prathama vayasa yæ, madhyama vayasa yæ, paścima vayasa yæ yi tun vayasin pirisiṉdī.|default
sin_01_00932|rādhaya, kimek kşaya vanasulu da yat, rādhaya, rūpaya kşaya vanasulu yæ.|default
sin_01_02964|'dharma dāyādaya, āmişa dāyādaya' yi budun vahansēgen læbena dāyāda dekaki. dharmadāyādaya da 'nişparyāya dharma dāyādaya, paryāya dharmadāyādaya' yi deparidi vē.|default
sin_01_01768|sabaragamuvē sisunṭa illīm dunnat væḍak nǣ - ācārya saṁgamaya mædihat bhūmikāven ivatveyi.|default
sin_01_01155|'miniha mæricca gǣniṭa naginḍa' ācci kivva. 'oyāge svāmipuruşayā nætivelā'|default
sin_01_02932|siṁhalayen tērum kirīmēdī pāḷi vacana anuva ma tērum kaḷa hot ēvāyē rasaya no læbē.|default
sin_01_02408|mamat nītignavarayek. hæma vṛttiyaka ma ēvā tiyenavā. maṭa tiyena gæṭaluva mē hæma ācāra dharmayak ma pahugiya kālaya purāvaṭa ma ullanghanaya velā tiyennē dēśapālanagnayo nisāne.|default
sin_01_02372|varada vannē ætæmun 'ō' kārayaṭa nohot binduvaṭa pasu væ yedena 'ga' ('ṉga' yæ yi) saññaka sahita koṭa livīma yi.|default
sin_01_03019|paramārtha dharma samūhaya āyatana nāmayen doḷosakaṭa bedā tibennē citta caitasikayangē kriyā kirīma anuva ya.|default
sin_01_01245|yuda hamudāpati, eksat jātīngē sāma sādhaka sahakāra lēkam hamuveyi.|default
sin_01_02628|maithuna pārājikāva viniścaya kirīma pahasu ya. siyum lesa adinnādāna pārājikāvaṭa hasu vē. siyum lesa ma eyaṭa hasu no vīma da vē.|default
sin_01_02352|insī simenti saha jātika vṛttīya ārakşaṇa saha saukhya piḷibaṉda āyatanaya atvæl bæṉdaganī.|default
sin_01_01672|poduvē pavatina mataya vannē evæni pot lāba upadavana kṛti novēya yannayi.|default
sin_01_02184|nōrvuḍ - nīṭā patma kumārikāsalri jalāśa rakşitayē perēdā (visi hataradā) peravaruvē haṭagat ginnakin rakşitayē akkara dahayaka pamaṇa koṭasak ginigena vināśa vī ætæyi nōrvuḍ polisiya pævæsīya.|default
sin_01_01974|namut niværadiva haṉdunāgattē dedahas ekē dī. mēkē yakaḍa ṭon miliyana anūvak tiyenavā.|default
sin_01_01376|kanna kihipayak vagā nokirīma nisā vagā bim āśrita kṛşi kārmika æḷa vēli hā amuṇu rāśiyak da mē vana viṭa akriya vī tibē.|default
sin_01_02386|vaidya upades nætiva mukha āvaraṇa palaṉdinna ōnǣ nǣ, tavekakugē biya an ayakugē sākku piraviya yutu nǣ - vaidya harita alutgē.|default
sin_01_02890|lovuturā budubavaṭa pæmiṇa taman vahansē sasarin etara vī tavat satvayan sasarin etara karaviya hækiya vīmen un vahansēgē balāporottuva da esēma sidu viya.|default
sin_01_02577|dhyāna vaḍannā vū tænættakuṭa dhana dhānyādi vastuva atahæra damannaṭa vīmat dukeki. ambu daruvan nǣyan mituran athæra damannaṭa vīmat dukeki.|default
sin_01_01389|kuliyāpiṭiya polisiyē naḍu pævarum aṁśayē polis særayan dharmasēna.|default
sin_01_00670|kinam pavkamaka vipākayen gaṉga diya tiṭa lē veyi da?|default
sin_01_01273|pavul lesa gatviṭa mahanuvara tunlakşa hataḷis aṭadahasakda, mātalē ekalakşa hataḷis hāradahasakda, nuvaraeḷiyē delakşa visi hatdahasakda lesa mema janasaṁkhyāva bedī yayi.|default
sin_01_01013|siya kayehi vænasum svabhāva anu va daknāsulu va.|default
sin_01_00429|mahaṇeni, mē pudgalayō satara denek lōkayehi vidyamānayaha.|default
sin_01_02999|apamaṇa śārīrika vēdanāvalin peḷennā vū satvayā haṭa mē avasthāvehi dī maraṇaya gæna mahat vū bhayak da haṭa gannēya.|default
sin_01_00412|prahīṇa vana tela tṛşṇāva mehi prahīṇa veyi, niruddha vannī mehi niruddha vē.|default
sin_01_02130|ema śişyāvaṭa karnāṭaka saṁgīta nāṭakaya ema viduhalē ācārya es. jīvarāṇi mahatmiya purudu puhuṇu karanu læbuvāya.|default
sin_01_00591|eviṭa ē pæviddō bhikşūnṭa ē kāraṇaya dænvūha.|default
sin_01_03222|vimukti suvaya yanu kelesun keren midīmē saṁsāra duḥkhayen midīmē suvaya ya.|default
sin_01_01031|he nyāyasaṅkhyātakuśala dharmaya ārādhanā karanu veyi.|default
sin_01_02020|tērīm sidu kirīmēdī nirantara bhāvayak nomæti vīmē aḍuva pasugiya simbābvē saṁcārayaṭa krīḍakayan tērīmēdī pavā manāva dækagata hæki viṇi.|default
sin_01_02656|'akusal bohō kavarakhaṭa dæ?' yi kīha. ekala terunvahansē 'maharajāneni, yamek tema no dæna akusal karannē vī nam, ōhaṭa akusal bohō ya' yi kīsēka.|default
sin_01_01163|bæṉdalā avuruddakaṭa kiṭṭu veddi galkissa maha hōṭalē væḍa karapu nōnagē ayiyā mārgayen rassāvak hoyāgena eheṭa āvā.|default
sin_01_02923|dukaṭa pat tamāgē hitavataku aramuṇu koṭa karuṇā bhāvanāva karana yōgāvacarayā gē santānayehi samaharaviṭa śōkaya karuṇā vēśayen pahaḷa viya hækiya.|default
sin_01_02630|'mē lōkayen pahava giya aya ya,' yana arthayen samahara tænvala maḷa ayaṭa da prēta yana nāmaya vyavahāra vē.|default
sin_01_02523|kakul māṭṭu damā gōṭhābhaya chandayen ivat karanna ōni nǣ.|default
sin_01_00824|mama kasīraṭa rajugē mehesiya vī satkāra, pūjā karana laduyem rājaputrayan pansiyayak no aḍu væ prasūta kaḷamu.|default
sin_01_02011|buduruvagala puda bimaṭa vināḍi visi pahakin ḷaṉgā vennaṭa hæki atara yudaganāva caitya rājayā pihiṭā tibennē da īṭa nudurinmayi.|default
sin_01_02572|lōbhaya nisā ætæmek sahōdarayan sahōdariyan nasati. ætæmek mavpiyan nasati.|default
sin_01_01498|cekof koḷamba vīthi digē ævidinna yannē nagarayē toraturu soyā dæna gænīmaṭaya.|default
sin_01_00810|bhavatni, ehet mam bambahu no dakimi, bambahu hā no da sākacchā karami.|default
sin_01_00230|ehet ohugē atævæsi taruṇa bambadat temē noyek karuṇin budurajāṇan vahansē pasasayi, dharmaya pasasayi, saṁghayā pasasayi.|default
sin_01_01682|vāyu dūşaṇaya nisā indiyāvaṭa vecca dē apaṭat veyida?|default
sin_01_00499|rahat rāga nætiyē dveşa nætiyē moha nætiyē māna nætiyē makubava nætiyē paḷāsa nætiyē upāyāsa nætiyē kleśa nætiyē no.|default
sin_01_01055|maṁ hitannē ēka værædi ādarśayak. maitrīyen karana viplavayen kāṭavat āyit hærenna bæhæ. maṁ nōnā ammāṭa katāvak kiyanna da?|default
sin_01_02154|ehema velāvaṭa mama kiyanne, 'oyā nogihin, mahattayava raṭa yavanna' kiyalā, ammalā daruvo dālā raṭa giyāma, muḷu pavula ma avul venavā.|default
sin_01_02089|puṁci borælla āsannayē peḷapāliya nirīkşaṇaya karaddī mā ē ratha duṭuvē savasa hatara ṭa pamaṇa. ē ratha piṭiyaṭa ḷaṉga vennē dænuyi.|default
sin_01_03127|hētuvak pratyayak nætiva ma satvayō śuddha vannāha. satvayanṭa ē ē kuḍā mahat jātivala ipada sæpaduk læbīmaṭa ektarā niyama kramayak ættē ya.|default
sin_01_01422|janavāri māsē viyaḷi salākaya ovunṭa tavama læbilā næhæ.|default
sin_01_02598|ohuṭa svalpa vū da dukak vū viṭa haṇḍannaṭa pavā sidu vē. madhyastha pudgalayā garu tanhi priya tanhi tabā gannaṭa yāmen da sita pīḍā vannē ya.|default
sin_01_03188|śīla pāramitāva ya, śīla upa pāramitāva ya, śīla paramārtha pāramitāva ya yi śīla pāramitāva trividha vē.|default
sin_01_02871|lōbhādi kelesunṭa no selviya hæki pamaṇaṭa, keles pīḍanaya ivasiya hæki pamaṇaṭa, kelesun pæradaviya hæki næsiya hæki pamaṇaṭa śaktimat vū śraddhāva ma śraddhā balaya ya.|default
sin_01_02118|īṭa passē itiri vana api kīpa denat 'vaṉda vī yana satva koṭṭhāsayak' sē salakalā hira karalā dālā tiyanna puḷuvan kiyalayi mē aya hituvē.|default
sin_01_00531|āhāra pāna da vastra hā senasun da lābhī vūmha.|default
sin_01_01460|gamvala dæn væḍipura inne śrīlanipa ayada nætnam pohoṭṭuvē ayada?|default
sin_01_03029|hata. lōvæsiyā sæpayen uḍaṉgu vannē ya. dukin bægǣpat vannē ya. māgē hāmuduruvaru sæpaduk dekhi sama va pavatinnō ya.|default
sin_01_02692|ē anuva mē pratipatti kramaya gihiyanṭa da sādhāraṇa bava kiya yutuya. gihiyan visin mē pratipatti gihi jivitayaṭa sudusu sē pævætviya hækiya.|default
sin_01_02295|baṇḍāranāyaka mahattayāgē, celvanāyagam mahattayāgē iṉdan dæn daśaka hayakaṭa væḍikālayak tissē tibena praśnayak.|default
sin_01_01280|pihinum taṭākaya sahita nivasak battaramulla, kōṭṭē, rājagiriya, nāvala pradēhavalin. brōkarvaru anavaśyayi.|default
sin_01_00046|durvala karmayō janaka karma bhāvayaṭa no pæmiṇeti.|default
sin_01_02176|mema karmāntaya niyāmanaya vana ākārayat meyin ætivana arbuda piḷibaṉdavat api pupuraṇa dravya pālakaṭa kivvā.|default
sin_01_03102|prativēdha dharma cakraya vana lōkōttara mārga gnānaya arūpī dharmayak bævin ehi saṭahanak næta.|default
sin_01_02761|ebævin maṭa anugraha koṭa me illīma piḷigata mænævæ' yi kī ya. bhāgyavatun vahansē eya tuşṇim bhāvayen piḷigat sēka.|default
sin_01_00269|'yam sē samahara pinvat mahaṇabamuṇō gihiyan sædæhæyen dun bojun vaḷaṉdā, næṭum gæyum væyum,|default
sin_01_00351|esamayehi ektarā mahaṇek gilan veyi.|default
sin_01_01185|māyi putayi diyē gilī maḷā. ēt maṭa putā ōnǣ.|default
sin_01_00676|kisivak no atuḷa bim pātraya bahā no tæbiya yutu ya.|default
sin_01_00988|sambudu rajun pudā dakuṇudigaṭa muhuṇa lā yemi.|default
sin_01_01337|hōmāgama riya anaturin kāntāvak maruṭa - tidenakuṭa tuvālayi.|default
sin_01_00927|yamekin saṁghayā satuṭu vē da eya karamī no kiyayi.|default
sin_01_02418|mē ākārayaṭa aḍi saṭahan kihipayak tibbā. foṭō gahanna puḷuvan fōn ekak hoyāgena ævit api ēvā foṭō gattā.|default
sin_01_00663|kāyakarma hō yæ vākkarma hō yæ manaḥkarma hō yæ yi.|default
sin_01_02135|nalin baṇḍāra anurādhapuren kuruṇǣgalin genāvā. candima gamagē anurādhapuren genāvā.|default
sin_01_00444|yam cittayek manasek mānasayek tadanurūpa vū manōvignānadhātuyek vē|default
sin_01_00978|saṅghayāṭa hō gaṇayāṭa hō pudgalayakuṭa hō nisajiya yutu.|default
sin_01_02975|muhuda goḍa paṭan kramayen gæmburu vē. muhudaṭa van tæna ma gæmburu novē.|default
sin_01_03066|'parasit dannā śramaṇabrāhmaṇayō da dannāha. obaṭa pihiṭak vīmaṭa apaṭa iḍak næta. obagē yahapata oba ma data yutu' yi kiya yutuya.|default
sin_01_01729|janatāvaṭa raṇaviruvan amataka vī tibīma pudumayak novē. manda ovungē nidahasa ovunṭa læbī tibīma nisāya.|default
sin_01_02391|sēvaya sthira karannæyi saukhya aniyam sēvakayō udghōşaṇayē.|default
sin_01_00955|vicikicchānusayen anuśaya rahita vē da yat, esē yi.|default
sin_01_01978|'tamuseṭa kavadāvat hoyāganna bǣ maṁ vagē kollek...' yi ohu kīvē nomanāpayeni. 'anē oyā hari hoṉdayi brayan..'|default
sin_01_01921|mē velāvē ayiyāgē atē tibuṇu fōn ekat visivelā. væv banṭ ekat vaturat atara parataraya daṇahisē usaṭa æti.|default
sin_01_02874|mē ōvāda prātimōkşaya budurajāṇan vahansē bhikşūnaṭa dēśanā koṭa vadāḷē navam punu pohō dinaka ya.|default
sin_01_01436|baṭahira nakşatra vidyāva saha baṭahira sāyana jyotişaya ekama gaṇita kramayak mata padanam vē.|default
sin_01_02769|dhātu vaśayen aṭaḷosakaṭa bedā tibennē da āyatana vaśayen doḷosakaṭa bedana lada dharma samūhaya ma ya.|default
sin_01_01984|niyōjya adhipati sirivardhana dēśīya ādāyam mul puṭuvaṭa.|default
sin_01_02511|ahiṁsaka daruvan sāhasika lesa ghātanaya vū ākāraya ē milēccha itihāsaya tuḷa tibē. īṭa amatarava koḷamba hā noyek sthānavala marāgena mærena bōmba tarjanayada tibuṇi.|default
sin_01_03106|maharajāneni, eparidden ma nirvāṇaya da bæbaḷīmen prayojana karannē ya. 'maharajāneni, māṇikyaratnayāgē mē tunvana guṇaya nirvāṇayaṭa pravişṭa vūyē ya'|default
sin_01_03085|meyin anya vū da avaśēşa koṭṭhāsayanhi pavatnā sahajāta vū vāyō dhātuvek vē da he da mehi ma saṁgraha vē.|default
sin_01_03204|arūpāvacara dhyānalābhīhu ēvāyē upaditi. kāmāvacara bhūmi ekoḷosa ya, rūpāvacara bhūmi soḷosa ya, arūpāvacara bhūmi sataraya yi satvayan upadanā bhūmi ektiseki.|default
sin_01_01342|ē anuva mema vǣn rathaya mīrigama nagarayaṭa pæmiṇemin siṭiyadī mīrigama polisiyē niladhārīn mīrigama ḍī.es. sēnānāyaka pārēdī ataḍaṁguvaṭa gena æta.|default
sin_01_01082|venama sthānayak sakasana turu mē sthānayē aḍupāḍu sapurāgena pavatvāgena yamu. sabhāpati mēnaka vimalaratna mahatā kaviratna mantritumāgē katāva ætta.|default
sin_01_01691|ē vagē ma janatāva tuḷa hikmīma, vinaya æti karana ekat raṭak hadanna vædagat.|default
sin_01_01992|nætinam śarīraya durvala vī rōgaya tava duraṭat utsanna vana bava baṭahira vaidyavarun tama paryēşaṇa maṉgin anāvaraṇaya kara æta.|default
sin_01_01738|ec kalāpayē yala kannayē atirēka bōga vagāvaṭa mahavæliyen diri dīmak.|default
sin_01_00931|rasa anitya yæ, peræḷenasulu yæ, anparidi vanasulu yæ.|default
sin_01_00880|menen daham dæna priya vū daham aramuṇehi ælē.|default
sin_01_01593|passara kalāpayē pāsal atarin væḍima sisun pirisak samat veddī kalāpayē væḍima lakuṇu labāgat sisuviyada mē pāsalen bihi vī æta.|default
sin_01_02370|dēśapālagnayō boru nokara væḍa karanna ōni. e saṉdahā avaṁka sāmūhika pirisak ōni.|default
sin_01_01869|pirimi ḷamunṭa meya etaram karadarayak novuṇat taruṇa gæhænu ḷamayinṭa gas uḍa hō vahala mata næṉgīma karadarayak.|default
sin_01_02579|'mahaṇeni, sēvanaya karana laddā vū vaḍanā laddā vū bohō koṭa karana laddā vū surā mēraya pānaya narakayehi ipadīma piṇisa pavatnē vē. tirisan yōniyehi ipadīma piṇisa pavatnē vē.|default
sin_01_01624|mē siyallaṭa amatara smārṭ jaṁgama durakathana 'læpṭop' saha parigaṇaka pahasukam piḷibaṉda sihina mavana daruvanda mē gammānavala ōnǣ taram dækiya hækiya.|default
sin_01_02397|sǣma lēkhakayakuṭa ma; poduvē gat kala nirmāṇakaruvakuṭa ma taman nirata ōnǣma kalāvakin amatannē; sparśa karannē pāṭhaka sahṛdayāgē hadavata ya.|default
sin_01_00685|gaṇayā kerehit samūhayā kerehit hæsireṇa mē śāstṛ temē tṛşṇāva sindē ya.|default
sin_01_00285|ē mesē yi: 'asō tænæ vīmi, ehi me nam ætiyem vīmi, me nam gōtra ætiyem vīmi,|default
sin_01_01972|gavaravila demaḷa viduhalē viduhalpati hā guruvarayakuṭa erehiva udghōşaṇayak.|default
sin_01_02860|'mahaṇeni, lābhasatkāra kīrti yana mēvā daruṇu ya. kaṭuka ya. raḷu ya. arhatvaya hā nivana læbīmaṭa antarākaraya'|default
sin_01_02983|meya dæka biya pat vū nimi maha rajatumā 'mātalī ya, movun kumana pav kaḷāhu dæ' yi vicāḷē ya.|default
sin_01_02777|gamvæsiyā vahā gos balā ran kāsi siyaya no dæka vahā avut ē bava bōsatāṇanṭa kīya. ekalhi bōsatāṇō 'obagē mudal gattē anikaku nova mē kūṭa tavusā ma ya'|default
sin_01_00757|nūpan kuśala dharmayangē ipædma piṇisa chandaya upadavayi.|default
sin_01_01649|hālmæssan togaya paribhōjanayaṭa nusudusu tattvayen dirāpat vī tibī æta. vāriyapoḷa mahajana saukhya niladhāri prakāśa karayi.|default
sin_01_02850|eya vitarkaya anuva pavatnā kriyāveki. mesē vitarka vicāra dedenāgē lakşaṇa kī kalhi vicāraya vitarkayaṭa pasuva ætivana dharmayak sē hæṉgennaṭa puḷuvana.|default
sin_01_01446|ebævin pavatina pānīya jala hiṉgayaṭa ikmanin emaṉgin visaṉdumak læbēvi. tissamahārāma - raṁjit mādalagē.|default
sin_01_00807|bohō minissu citrāgāraya dækīma piṇisa yeti.|default
sin_01_01087|aṉdura atarin geya desaṭa piyaman kaḷē tama sæmiyā bava jayalatā vahā aṉdunā gattā ya.|default
sin_01_01571|meya ætuḷin hā piṭatin ælayaṭa hæḍa kara jalayē baraṭa orottu dena sē nima viya.|default
sin_01_01665|viśvāsabhaṁga yōjanāva idiripat kaḷāṭa passē tērīm kāraka sabhāvak patkaralā tiyenavā.|default
sin_01_00034|ovunaṭa tamāgē śarīraya dækvīmen da, biya gena dena ves mavā dækvīmen da, biya ganvā manuşyādi sattvayan mæriya hækiya. ē ovungē ṛddhiya ya.|default
sin_01_01546|galēvela mātalē handiyē veḷeṉdasal piṭupasa ḍeṁgu tavān!|default
sin_01_02744|bohō abhidharma potvala maraṇāsanna vīthi hā arpaṇā vīthi sataravana paricchēdayē ma dakvā tibē. maraṇāsanna vīthi pasvana paricchēdayē maraṇōtpatti catuşkayē dī igenīma pahasu ya.|default
sin_01_02067|vælikaḍa bandhanāgārayē pasugiyadā siduvū paharadīma sambandhayen soyābælīmaṭa patkaḷa kamiṭuvē vārtāva tavaduraṭat pramāda vana bava bandhanagāra komasāris janarāl mējar jenarāl pavasayi.|default
sin_01_00874|māgamaka hā kāsasaṉgayaṭa pæmiṇena mahaṇa tun ævætakaṭa pæmiṇeyi.|default
sin_01_01096|kænaḍā rækiyā penvā kōṭi gaṇanakaṭa polu tibba taruṇiyaṭa ekoḷos lakşa panas dāhak daḍa.|default
sin_01_01706|uturu paḷāt sabhā mætivaraṇayē niværædi bhāvaya menma vinividha bhāvayat avaśyayi.|default
sin_01_01010|sæbǣda mahaṇeni, meheṇō vasak pāsā upasapan karavat dæ yi.|default
sin_01_03205|budun vahansē visin paribhōga kaḷa bōdhiya vanāhi unvahansē jīvamāna kalhi da pirinivīmen pasu da caitya vannē ya.|default
sin_01_03166|ipada cittakşaṇa sayak hō satak ikmīmen pasu manōdvārayē gæṭena aramuṇu dubala ya.|default
sin_01_02248|abibavā yǣmaṭa ē kisivaku kæmati novūyē ohu kerehi tibu asīmita gauravaya nisāveni.|default
sin_01_02994|sivupasa paribhōgayaṭa sudussaku vīmaṭa śīlaya ma pramāṇavat no vē. iṇaparibhōga bhāvayen midīmaṭa silvatun visin da pratyavēkşā koṭa sivupasaya paribhōga kaḷa yutu ya.|default
sin_01_02001|namut mē rajaya āvaṭa passē sahal piṭaraṭin gēnna siddha vuṇā. api goviyā jīvat karavīma saṉdahā pohora nomilē labādenavā.|default
sin_01_00702|idin sammāvācā sammāājīva sammākammanta tuna mārga vē nam,|default
sin_01_01645|āgamika saṁskṛtika samājīya paricaya æti kirīma magin kāntāvagē ayitiya surakşita kaḷa yutuyi.|default
sin_01_00258|dun dæya ma piḷigannāsulu ya.|default
sin_01_03086|samādhiya væḍennaṭa nam balavat vīryayen hā sihiyen sita anit aramuṇu karā yāma hækitāk vaḷakvāgena kramānukūla va bhāvanāvehi yediya yutu ya.|default
sin_01_00295|ohu ehi dhyānacitta balayen upannō veti, prītiya ma āhāra koṭa ættō veti, tumū ma bæbaḷennō veti, ahasehi hæsirennō veti, sitkaḷu vastrābharaṇa hæṉda pæḷaṉda siṭinnō veti.|default
sin_01_01690|eka værædi pōşaṇa krama; deka śārīrika kriyākāritvaya maṉdakama; tuna matpæn; hatara dumvæṭi.|default
sin_01_01979|mahavattē taruṇayāṭa paharadun siddhiyē tidenek ataḍaṁguvē.|default
sin_01_01613|uturu mæda guru hiṉgayaṭa visaṉdum nolæbuṇot idiriyēdī mavupiya virōdhatā ætivēvi.|default
sin_01_00316|anu va daknāsulu va keles tavana væra æti va manā dænum æti va sihi æti va|default
sin_01_03129|ikbiti ariyagāla tissa ran amuran ādiya gedara pamuṇuvā noyek dānādi pinkam koṭa ehima vasayi.|default
sin_01_01175|bas rathayak hā trīrōda rathayak ekineka gæṭīmen anatura siduva æti bava saṉdahanya.|default
sin_01_00464|śāstṝn vahansē|default
sin_01_01786|mē givisumaṭa kæbinaṭ anumætiyak aragena tibenavā. vṛttikayan, kārmika kşētrayan samaṉga sākacchā karalayi givisum atsan karannē. idikirīm, kompiyuṭar, nāvika kşētra samaṉga sākacchā kara upades labāgattā.|default
sin_01_01109|maha kannayēdī rupiyal miliyana desīyaka vitara ratu kækuḷu saha sudu kækuḷu vī asvænnak api miladī gannavā.|default
sin_01_00665|kāyasaṁskāraya sanhiṉduvamin praśvāsa kirīm vaśayen.|default
sin_01_02508|saukhya amātyāṁśayē liyāpadiṁciyakin torava alevikarana pānīya jala bōtalvala saukhya sampannabhāvaya piḷibaṉdava gæṭaḷu sahagata tattvayak pavatī.|default
sin_01_01230|mē avasthāvaṭa væḍama karavū sarva āgamika nāyakayan miyagiya aya venuven pin anumōdan kaḷēya.|default
sin_01_03117|atak payak kriyā karavīmaṭa vuvamanā vana avakāśaya sē viśāla avakāśayak paramārtha dhātumaya kriyāvakaṭa vuvamanā næta.|default
sin_01_02995|'svāmīni, numba vahansē jīvamāna kalhi caitya kaḷa hæki dæ'vi vicāḷa kalhi 'ānandaya, śārīrika caitya nokaḷa hæki ya'|default
sin_01_02231|mama ohu duṭuvē dedahasa vasarēdī sugatadāsa gṛhastha krīḍāṁgaṇayē dīya. ehi boksiṁ taragāvaliyak pævætuṇu atara evakaṭa boksiṁ saṁgamayē lēkam dhūraya hebavūyē brigēḍiyar jagat jayasūriyaya.|default
sin_01_01763|dhīvarayin tidenek rægat madhuşānṛna hata ambalangoḍa muhudēdī anaturaṭa.|default
sin_01_02329|nivesaka tibiya yutu auşadha pæḷǣṭi atara tavat vaṭinā auşadhayak vana kaha pæḷǣṭiya piḷibaṉda ada saṭahan tabamu. kaha śākaya kuḷu baḍuvak, auşadhayak menma varṇakayak da vē.|default
sin_01_02743|'pragnāva vanāhi ovunṭa nætæ' yi vadāḷasēka. 'svāmīni, nāgasena sthavirayan vahansa, visaṉdā vadāḷa niyāva itā manogna vī ya' yi kiyā praśaṁsā kaḷō ya.|default
sin_01_02194|in paḷamuvænna sambā vīvalaṭa niyamita uparima milak æti nokirīmayi.|default
sin_01_03039|upasampannayaku veta paressamaṭa tæbū deyak himiyā illū kalhi eya āpasu no denu piṇisa 'ebaṉdu baḍuvak oba mehi tæbuvē næta' kiyayi.|default
sin_01_00573|ekalhi bhāgyavatun vahansē mahaṇeni, yi bhikşūn æmatū sēka.|default
sin_01_01311|mē potvalaṭa kedinaka hō sammāna læbuṇā da? mama pot ekasiya gaṇanakaṭa vaḍā liyā tibenavā.|default
sin_01_00329|āyuşmat ānanda teraṇuvō bhāgyavatun vahansēṭa mesē sæla kaḷēya.|default
sin_01_00881|meramā kayehi vænasum svabhāva anu va daknāsulu va.|default
sin_01_00847|mahaṇeni, dæn nūpan mē satara vana anāgatabhaya matuyehi upadanē ya.|default
sin_01_01962|piḷikā rōgayen peḷena kāntāva kasippu vikuṇā polīsiyaṭa hasuveyi.|default
sin_01_02725|terun vahnasē vicāḷa vicāḷa praśna no pækila visaṉdu sēka. ekala 'svāmīn vahnasēgē ñāṇaya itā tiyuṇu yæ' ohu kīya.|default
sin_01_00276|asthidhāvanaya (maḷavungē æṭa suvaṉda kavā tabā nakatsemehi ī vaṭā siṭa utsava kæruma), æt yuda (ætun piṭa næga yuda kæruma), as yuda (asun næga yuda kæruma),|default
sin_01_03015|dælvena śarīra æti hetema ævidimin bōpiṭi pedesaṭa gos mædiyam ræyehi ektarā piṇḍapātika bhikşuvak samīpayaṭa gos væṉda æṉdili bæṉdagena durin siṭiyēya.|default
sin_01_00710|tava da tāgē pæmiṇīma no manā pæmiṇīmek no veyi.|default
sin_01_00290|jāti vissak da, jāti tisak da, jāti sataḷisak da, jāti panasak da, jāti siyayak da, jāti dahasak da,|default
sin_01_00962|virāgānudarśī vūyem praśvāsa keremi yi hikmeyi.|default
sin_01_00389|chandaya adhipati koṭa æti prathamadhyānayaṭa pæmiṇa vesē|default
sin_01_01627|dæn apē āṇḍuva yaṭatē ē sahana læbilā kaṭayutu karana koṭa ē ayaṭa amāruyi.|default
sin_01_00284|yam samādhiyekin sita manā væ pihiṭi kalhi anēkavidha vū peræ vusu kaṉda piḷiveḷa sihi kerē da, esē vū cittasamādhiyak labayi.|default
sin_01_01868|æsaṭa behet damana yantrayak hadā lovak dinū ānandīya putā.|default
sin_01_00729|dasa dina ikma giyehi no ikminæ yi san ætiyē nisaṉgipaciti vē.|default
sin_01_01187|siyambalā dalu hā mal vyaṁjanayak lesada āhārayaṭa ganiyi. akmāvē tænpat vana mēdaya diya kara hærīmaṭa siyambalā upakāri vē.|default
sin_01_00306|ohu ehi itā dik kalak siṭit.|default
sin_01_00644|karma vū paridi miya paralova giya sattvayan dænagannemi.|default
sin_01_02962|mē vapmaṉgul dinayē siddhiya mahāsaccaka sūtra aṭuvāvehi vistara kara æti ākāraya ya. mē puvata buddhavaṁśa aṭuvāvehi da mesē ma vistara kara tibē.|default
sin_01_00265|ætten ætta gaḷapā kiyannē ya.|default
sin_01_03142|'bhāgyavatun vahansēgē śrī śarīrayehi da bohō vareka ābādha upannē ya' kiyā dharmayehi daknā læbeyi.|default
sin_01_02456|ēka kaḷet nelligala pansalē maṁgala yuvaḷa budun vadina chāyārūpa saha sarasaviyē ovungē mataka ræṉduṇu sthāna kihipayakadī gat saundaryātmaka chāyārūpa ekatuvak vidihaṭayi.|default
sin_01_00292|mesē pæhæ saṭahan ādī ākāra sahita koṭa, nāmagōtra vaśayen uddēśa sahita koṭa noyek vædǣrum peræ vūsū kaṉda piḷiveḷa sihi kereyi.|default
sin_01_02160|puvatpat, saṉgarā ādiyehi kotaram keṭikatā paḷavuvat, kiyavā rasa viṉdiya hæki nirmāṇayak hamuvannē itāma kalāturakini.|default
sin_01_02168|mehidī ekinekā labana væṭupa mata hō sēvaka arthasādhaka aramudala saṉdahā masakaṭa venvana mudala mata māsika rakşaṇa vārika tīraṇaya kaḷa hækiyi.|default
sin_01_03269|daśaka kalāpa navayeki. avinirbhōga rūpa aṭaya, jīvita rūpaya ya, cakşuḥ prasādaya ya yana daśayen yukta vū rūpa piṇḍaya cakşur daśaka kalāpa nam vē.|default
sin_01_02405|api kartṛgen vimasuvā ma ǣ ē bava piḷigattā. ǣ kivvā pota taragayen ivat karanna kiyalā. mē siddhiya maha loku, amutu siddhiyak noveyi.|default
sin_01_01727|peraṭugāmī pakşayaṭa varada paṭavā āṇḍuva æṉga bērāganna hædīma vihiḷuvak.|default
sin_01_02819|meya prakaṭa novanu piṇisa 'numbē sahōdarayā maranna' yayi kīvāya. ē puruşayā 'matu mebandak nokiya va' yi tarjanaya koṭa eya pratikşēpa keḷēya.|default
sin_01_03090|'tavada, nævatat yam kaleka devadattayō mahāpratāpa nam raja vū da, ekala bodhisatvayō ē rajahaṭa putra vū dharmapāla nam kumāra vūsēka'|default
sin_01_02561|ǣ ambalangoḍa upan kāntāvaki. raṇāla sudævila gamaṭa ǣ pæmiṇiyē vivāhayat samaṉga ya.|default
sin_01_00136|sakala sampat labā dennā vū svabhāvayen dhanayak væniya.|default
sin_01_01484|'tunvæni yāmaya' citrapaṭayēdi vivāha saṁsthāva ætuḷē æti vana liṁgika gæṭalu vagē kāraṇā vigraha kaḷā.|default
sin_01_03131|āvāsa macchariya ya, kula macchariya ya, lābha macchariya ya, vaṇṇa macchariya ya, dhamma macchariya ya yi mātsaryaya pañca prakāra vē.|default
sin_01_00615|ē apratigha indriya no vū rūpaya kavarē yat,|default
sin_01_02448|sumanadāsa samarasiṁha kartṛ vuṇāṭa passe mama upakartṛ vuṇā. ekdahas navasiya hættǣva mā subaseta kartṛ vuṇā.|default
sin_01_02006|pol geḍiyak saṉdahā ræpiyal hættǣva ka uparima sillara milak kirimaṭa rajaya piyavara gena tibē.|default
sin_01_00029|gal gæsīma, polu damā gæsīma, āyudha damā gæsīma, veḍi tæbīma yanādi vaśayen yam kisivak tamā gē atin mudā sattvayakugē śarīrayaṭa yævīm vaśayen karannā vū utsāhaya nissargika prayōga nam vē.|default
sin_01_01017|sundarabhojanasaṅkhyāta uttama āhāraya vū piṇḍapātaya da dinimi.|default
sin_01_00158|mē lova æti vū paḷamu maharaju ya.|default
sin_01_02188|apē aya hiṉgannō neveyi anungē kǣma pārsal ganna. ēvā bedanna āvama gahalā pannanna.|default
sin_01_00603|ehi bhikşūhu sivuru bedanu kæmæti va ræs vūha.|default
sin_01_01406|etænaṭa koṭuva dumriya sthānayē siṭa dura kilōmīṭar dekayi mīṭar ekasīyaki.|default
sin_01_01034|hetemē saṅghayā gen ē ævætnaṭa samodhāna pirivesa yadiyi.|default
sin_01_01886|yēmanayē siravī siṭina lāṁkikayin mudavā ganna cīnaya sudānam.|default
sin_01_01634|mēvāṭa visaṉdum illā goviyō kī gamanak pāraṭa bæhælā tiyenavāda?|default
sin_01_02891|(navaya) maḷahu gē da, nirōdhasamāpattiyaṭa samavannahu gē da venasa kima - yannehi arthaya sūtrayehi mesē vadāḷaha.|default
sin_01_03193|budurajāṇan vahansē visin pæviddan saṉdahā panavā æti sikapada samūhaya prātimōkşa saṁvara śīlaya ya. eya laukika śīlayan aturen pradhāna śīlaya ya.|default
sin_01_03160|pāramitā - upapāramitā - paramārtha pāramitā vibhāgaya mehi dakvā ættē bohō ācāryavarayan piḷigannā vū uganvannā vū kramayaṭa ya.|default
sin_01_01830|ada vaḍā baḍu mila væḍiyi. tel mila māse gāne ihaḷa yanavā.|default
sin_01_00061|ē siyalla mēsaya nam, ē siyalla miṭiyak bæṉda tæbū kalhi da ē lī miṭiya mēsayak viya yutuya.|default
sin_01_01065|ohuma īḷaṉga pakşa nāyakayā hā vipakşa nāyakayā venavā nam īḷaṉga mætivaraṇayaṭa maṁ idiripat venne nǣ.|default
sin_01_00620|ē nuvaræ visi vasak rajaya karavu hē inpasu asū dahasak avurudu muḷullehi nirayehi pæsuṇē ya.|default
sin_01_01081|poḷonnaruva distrikkayen sahatika milaṭa vī kilō panas dahasak miladī gænīmē rajayē væḍapiḷiveḷak.|default
sin_01_00031|aṁgam pimbīma, sūniyam kirīma, pilli yævīma ādi vū vidyāvakin karannā vū utsāhaya vidyāmaya prayōga nam vē.|default
sin_01_01351|moragahakanda jalāśayen mædavacciyaṭa hā horovpotānaṭa jalaya labāganna idiriyēdī aragala kirīmaṭa sūdānam.|default
sin_01_01194|mætivaraṇa kālayaṭa vitarak janatāva ataraṭa ena bohomayak apēkşakayan janatāva suraṁganā lōkavalaṭa rægena yanavā.|default
sin_01_02855|anāgāmi yana vacanayē tēruma ipadīma vaśayen nævata kāmalōkayaṭa no ena pudgalayāya yanuyi. kāma lōkayē vesena devminissu kāmalōkayē dī anāgāmī phalayaṭa pæmiṇeti.|default
sin_01_00037|'devana bhājana pratikşēpa karami, pattapiṇḍikāṁgaya samādan vemiya' yanu ehi tēruma ya.|default
sin_01_00888|mesē ākāra sahita vū nāmagotrādī udesīm sahita vū nanvædǣrum vū pera vusū kaṉdapiḷiveḷa sihi karami.|default
sin_01_02440|saukhya æmætiniya chanda dāyakayanṭa tuti pudayi.|default
sin_01_01339|siddhiya sambandhava beliatta polisiya væḍidura vimarśana kaṭayutu pavatvayi.|default
sin_01_02798|sihiya upadavā gannemæ yi menehi kirīma hā paḷamu menehi kirīmē dī haṭagat sihiya da yoniso manasikāra ya yi.|default
sin_01_01626|emen ma in ǣ siyalu atdækīm samabarava taman tuḷaṭa avaśōşaṇaya kara gannā bavak dakvayi.|default
sin_01_03052|hē dinen dina ma anupādiśēşa nirvāṇa kşēma bhūmiyaṭa ḷaṁ vannē ya. pṛthagjanayan men nirvāṇa kşēma bhūmiyen ǣt novannē ya.|default
sin_01_02918|itiri rūpa sat vissa kanaṭa no dænē. nāsayaṭa dænena rūpa ekaki. enam gandha rūpaya ya. itiri rūpa sat vissa nāsayaṭa no dænē. divaṭa dænena rūpa ekaki.|default
sin_01_02969|pav karannaṭa siduvana noyek avasthā minisāṭa pæmiṇē. divya lōka brahma lōkavala pavin væḷakī siṭīma pahasuya.|default
sin_01_02896|madra dēśaya soḷos maha raṭavalin kumakaṭa ayat vī dæ yi aviniścita yi. sāgala puraya mehi aganuvara yi.|default
sin_01_02528|sǣma katāvakama katā nāyakayā (naḷuvā hō saṁgītagnayā) dakşa navaka yauvaniyaka hā senehasin bæṉdeyi. æyaṭa vṛttīya diviyē ihaḷaṭama yāmaṭa maṉga penvayi.|default
sin_01_01537|marāgena mærena bōmbakarugē hisa miṭar tihak durin pihiṭi nivasaka vahalaya mata tibiyadī hamuviya.|default
sin_01_01554|mahajanayā mata badu bara paṭavā nişpādana viyadama piyavā gata nohæki bævini.|default
sin_01_01585|namut balaya gattaṭa passē karamin innē janatāvagē sākku sudda karalā æmativarungē sākku puravana ekayi.|default
sin_01_01515|hamudāvaṭa bāra denna polīsiya aran giya sæmiyā gæna vasarak gata velat toraturak nǣ.|default
sin_01_02321|venadā nāma yōjanā labā dīmaṭa piris pirivarā ratiññā dalvamin riya perahara pavatvamin ena apēkşakayin mevara anugamanaya kaḷē dæḍi nihaṇḍatāvaki.|default
sin_01_01619|væya śīrşayaṭa viruddhava chandaya pāvicci karalā vipakşaya mudal kapā hæriyā - agamæti.|default
sin_01_00652|kavara pinekin mehi tīgē sucarita phalaya samṛddha vēda?|default
sin_01_03079|mahaṇeni, vaḍanā laddā vū nævata nævata purudu karana laddā vū mē ānāpāna sati samādhiya śānta da vē. praṇīta da vē.|default
sin_01_01146|lōkayē diyuṇu jātīn ē tatvayaṭa atpat karagattē minissunṭa gaurava kirīmeni.|default
sin_01_01310|dinēşā mevara usas peḷa vibhāgayaṭa penī siṭīmaṭa sūdānamin siṭi taruṇiyaki.|default
sin_01_02948|'e bævin pamā no vavu. nobō kalekin ma tepi rahat bava labannahu yæ' yi vadāḷa sēka.|default
sin_01_02776|pasē buduvarungē arhan mārgagnānaya pratyēka sambōdhi nam vē. lovuturā buduvarungē arhan mārgagnānaya mahā bōdhi nam vē.|default
sin_01_02935|tathāgatayan vahansē ægen ma praśna kara mahajanayāṭa æya haṉdunvā dī dharma dēśanā kaḷa sēka. devaṉgana daham asā sōvān phalayaṭa pæmiṇiyāya.|default
sin_01_01814|baṇḍāranāyaka agamæti ghātanayaṭa lakvū mohotē siṭama tiraya piṭupasa vividha katā pætira giyēya.|default
sin_01_03285|tiyuṇu klēśayō aṁgaṇa nam veti. rāga dvēşa mōha itā tiyuṇu klēśayō ya.|default
sin_01_01547|mānava himikam kāryālayē niladhāriniya kivvē mēkē sampūrṇa varada viduhalpatitumā atē kiyalayi.|default
sin_01_00147|'nānā varṇa lihiṇiyō sivudenek satara desin piyāmbā avut un vahansē gē pā mulæ hottō vahā sudu pæhæ vūha'.|default
sin_01_02259|koḷamba saha vattala pihiṭi apa āyatanayaṭa parigaṇaka sahayaka saha kāryāla kārya sahāyaka avaśyayi.|default
sin_01_00322|arhat vū sarvagnayan vahansē visin meya vadāraṇa laddē ya.|default
sin_01_00789|piḷigaṇī da, vimasā da, piḷituru geṇa ē da, saṉgavesesævæt vē.|default
sin_01_02423|bhikşu ghātakayin venuven penī siṭi nītignayāṭa paharadunnāṭa nītignayin virōdhatāvayē.|default
sin_01_00232|ikbiti bhāgyavatun vahansē ambalaṭṭhikā uyanehi rājāgārayehi (raja gehi) biksaṉgana samaṉga ek ræyak navātænaṭa eḷæmbisēka.|default
sin_01_02183|jinadāsa mahatā, mahavæli adhikāriya adaka īyē iṉdalā nemeyi mē vagē aparādha karannē.|default
sin_01_01900|dumvæṭi davaṭana rūpamaya avavāda tavaduraṭat sarala kirīmaṭa yayi.|default
sin_01_01298|'peradina suḷaṉga hā irabaṭu taruva' yanuven eya siṁhala kaviyaṭa peraḷā 'siḷumiṇa' patrayaṭa yævvā.|default
sin_01_02787|ikbiti atīta karmayen haṭagannā rūpayan gē tilakuṇu bæliya yutu ya. karmayen haṭagannā rūpayō dvāra vaśayen sælakiya yutu ya.|default
sin_01_00981|saṉganaṭa hō gaṇayāṭa hō ek meheṇakaṭa hō nisæjiya yutuyi.|default
sin_01_02705|nivan soyanu piṇisa bhāvanāvehi yedīmaṭa pævidi vetat viya yuttē ihata kī paridi siyallaṭa ma orottu dena nirōgī śakti sampanna śarīra ætiyavun visin pamaṇeki.|default
sin_01_01011|sitkalu vū rūpayō da śabdayō da rasayō da gandhayō da sparśayō da yana mē paskam kerehi pævæti māgē ālaya vesesin paha va giyē ya.|default
sin_01_01368|metek kal pansal satu kumburu ætuḷu vagābim badu dīlayi tibuṇē.|default
sin_01_00114|samahara viṭa dænuṇēya, kalpanā vuṇēya, ōnǣ vunēya, væṭahuṇē ya, tēruṇēya, hæṉguṇēya yanādi vacana kiyati.|default
sin_01_02880|lōkayehi vinīta śuddha pudgala koṭasak lesa sælakena pæviddan atara ē tirisan gati pahat gati æti venavā nam eya itā amanōgnaya.|default
sin_01_01378|magen passe mēka karanna kenekut næhæ. æyi obē daruvō....? maṭa inne eka putayi.|default
sin_01_01679|raṭa hadana væḍapiḷiveḷak venuvaṭa e.jā.pa.yayi samagi jana balavēgayayi iṭu kaḷa nohæki porondu denavā.|default
sin_01_02814|pasē buduvarayan ek sāḷis namaka gē carita kathā khaggavisāṇa sūtra aṭuvāvehi hā āpadāna aṭuvāvehi daknā læbē.|default
sin_01_01200|esēma mārgayaṭa væṭuṇu viśāla gal tavamat ivat nokara tibīmen vāhana gamanāgamanayaṭa da bādhā æti vī tibē.|default
sin_01_02499|ēvanaviṭa væssē haṇḍa aḍu vī tibuṇen asār gēṭṭuva vivara karana haṇḍat, anaturuva gēṭṭuvaṭa epiṭin natara kara tibū mōṭar rathayak piṭatva yana haṇḍat æya asā siṭiyāya.|default
sin_01_00500|laukika pragnā ædda? laukika pragnendriya ædda?|default
sin_01_00087|tamā ayat deyak dīma gæna kiyanu kima? ætamek taman satu deyak dīma tabā anekaku gē dīma pavā no ivasati.|default
sin_01_03171|ē mesēyi:- anitya vaśayen menehi karana yōgī temē saṁskārayan gē maraṇaya (bhaṅgaya) ma balayi. eheyin ē yōgīhaṭa saṁskāra nimitta bhaya vaśayen væṭahē.|default
sin_01_01770|mokada mama accu gahana hæma potak ma mama kiyavanavā. īṭa passeyi, anumata karannē. kuṇuharupa pot nam paḷāte ganne næhæ.|default
sin_01_03252|(siyalu aṭuvāvanhi kiyū bævin pratikşēpa kirīmaṭa nohækiya. mehi yuktiya seviya yutuya)|default
sin_01_02675|sāmaṇēra nama tamāgē māpiyan nisā da poronduva kaḍa no keḷē ya. satyayehi pihiṭā idiriyaṭa gaman keḷē ya.|default
sin_01_02701|tepi arhatvayaṭa pæmiṇīma saṉdahā vīrya karav. ānandaya! tathāgatayan vahansē kerehi prasanna vū kşatriya paṇḍitayō da, brāhmaṇa paṇḍitayō da, gṛhapati paṇḍitayō da ætaha.|default
sin_01_01717|budu dahama vartamānayē pahasuva hā vāsi vidihaṭa nirvacanaya karanavā.|default
sin_01_00159|mekī mahāsammata rajuhu ævǣmen ohu put rōja nam kumara raja viya.|default
sin_01_02306|ema auşadhaya rumaṭoyiḍ ātarayiṭis rōgayaṭa dīrghakālīnava labā dena pramitiyen yukta auşadhayaki. eya dīrghakālīnava pāvicci kirīmēdī akşi durvalatā æti viya hækiya.|default
sin_01_03212|væṉdum pidum kirīmaṭa tabā gata no hena budu guṇa sihi kirīm mātraya caityayak no viya hækiya.|default
sin_01_01914|enisā ēka bohoma pæhædiliva kiyanna ōnē. samaharu mādhya idiriyē bohoma vīra carita raṉgapǣvā. ēkaṭa kamak næhæ. ēka ēgollogē ayitiya.|default
sin_01_00681|kuśalākuśala karmayan gē phala vipāka ætæ yi sitek obaṭa vē vā.|default
sin_01_02889|'vyāghrapadya' nam vū kōliya rāja putrayā melova paralova dekaṭa yahapata piṇisa pavatnā karuṇu budun vahansēgen vicāḷēya.|default
sin_01_01095|mudalaṭa giju vī minis jīvita anaturē dæmu kāntāvak ukusu æsaṭa hasu veyi.|default
sin_01_01338|namut ehi mula aga tavama hariyaṭa gaḷapā gænīmaṭa bæriya.|default
sin_01_00094|æsaya, kanaya, nāsayaya, divaya, kayaya, hṛdayaya yana mē sthānayanhi sita pahaḷa vē.|default
sin_01_02409|raṭak hadanna nītiya sādhāraṇaya iṭuvenna ōnæ. vaṁcāven duşaṇayen tora pālanayak ōnæ. īlagaṭa mahajana ārakşāva saha jātika samagiya tiyenna ōnæ.|default
sin_01_00831|mama sǣhena pamaṇa dennaṭa pratibala no vem dæyi.|default
sin_01_02157|guṇasiṁha mahatāṭa puşpōpahāra dækvīmen pasu diriya mæyi jana hamuva pævætvē.|default
sin_01_01259|anurādhapura svarṇapāli bālikā viduhalē usas peḷaṭa varam læbū śişyāvō ægayeti.|default
sin_01_00365|ovungē hamuvehi pævariya yutu ya.|default
sin_01_02457|mē nahina dehina kālayē mona kasāda dæyi ovuhu kiyati. jana viññāṇayē adahasa vannē nāki visē kiyā ya.|default
sin_01_03235|ebævin nidā siṭina śarīraya nægiṭuvā hiṉda vīma, hiṉdinā śarīraya nægiṭuvā siṭa vīma, arpaṇā javanayen upadavana cittaja rūpavalin sidu karanu no læbē.|default
sin_01_01239|dambadeṇiya rajamaha vihārasthānayē kautukāgāraya goḍanæṉgīmaṭa kautuka bhāṇḍa labādenna.|default
sin_01_01825|maha væssen ōpanāyaka grāmīya mārgayak gilā basī nivāsa tunakaṭa hāni.|default
sin_01_03058|anikaku ehi væṭī maḷa da pariji ævata no vē. kavarek hō væṭī mærēvāyi kæpū vaḷehi kavara minisaku vuva væṭī mærē nam pariji vē.|default
sin_01_00368|kavara pinekin tīgē sucaritaphalaya mehi samṛddha vē da?|default
sin_01_01227|'mavbima' anugrahaya dækvū vatugedara śrī siddha sūniyam dēva mahā perahara.|default
sin_01_00655|kāmayehi misahasara hetuyenudu suvasomnas viṉdī.|default
sin_01_00836|mahaggata no vū hō sita mahaggata no vū sitæyi danī.|default
sin_01_00979|saṅghayāṭa hō gaṇayāṭa hō pudgalayāṭa hō nisajiya yutu yi.|default
sin_01_02480|lēkhikāvan sivu denaku hā lēkhakayan dedenaku visin racanā kaḷa kṛti mevara bukar sammāna keṭi nirdēśa ataraṭa ætuḷat va æta.|default
sin_01_01490|alut paḷātakaṭa āvama paḷāte inne kavuruda kohoma ayada kiyala dænaganna ōna.|default
sin_01_03211|cīna terun vahansē mē pravṛttiya potē liyāgena tibennē ē pradēśayehi visū aya piḷimaya piḷibaṉda vū mē puvata unvahansēṭa kī nisā viya yutu ya.|default
sin_01_03262|sesu vahansēṭa in piṭatin asun piḷiyela kaḷa mænava. ē pansiya namaṭa eka eka kuḍaya bægin sudu kuḍa pansiyak allā gena innaṭa ætun pansīyak yeduva mænava.|default
sin_01_01097|ē venuven mulin ma karanna ōna ē vidihaṭa yōdhayek bavaṭa patveyi kiyalā hitanna puḷuvan aya va samājayen haṉdunāganna eka.|default
sin_01_01897|dambulla rajamaha vihārayē bitu situvam saṁrakşaṇa kaṭayutu nævata arambayi.|default
sin_01_03275|kesēda pirisudu da? tevæni vara da vicārami. kesēda pirisudu da? mē sat adhikaraṇa samatha dharmayanhi lā āyuşmathu pirisudu|default
sin_01_02959|deviyan sahita lōkayā visin garu buhuman væṉdum pidum kirīmaṭa sudusu pudgalayek veyi.|default
sin_01_03274|satvayakuṭa sitaya kayaya kiyā koṭas dekak ættē ya. sita nisā kayat, kaya nisā sitat pavatī. kayaṭa dænumak næta.|default
sin_01_00318|an eka dharmayakudu mama nuvaṇæsin no nodakimi.|default
sin_01_01134|dikōviṭa dhīvara varāya tāvakālikava vasā dæmīmaṭa piyavara gat bava varāya kaḷamaṇākaru es.ē.ṭī. mutubaṇḍā kiyayi.|default
sin_01_02678|pratyēka bōdhisatvayan hā śrāvaka bōdhisatvayan visin dāna pāramitāva piriya yutu ākāraya da mahābōdhi satvayangē pratipattiya anuva salakā gata yutu ya.|default
sin_01_02265|ācci ammāt, ammāt magē sahōdariyanut eka gedaraka. ḍī.es. sīyalā, ḍaḍli māmalā tava gedaraka. kotalāvala pavula tava gedaraka.|default
sin_01_01045|hē niraturu mohayen haṭagannā dukdomnas noviṉdunē ya.|default
sin_01_01761|giriulla desa siṭa mārgayē gaman karamin tibū vǣn rathayakaṭa issara kirīmaṭa giya yaturupædikarugē vēgaya pālanaya kara gænīmaṭa nohæki vīmen mema anatura vī æti bava parīkşaṇa pavatvana alavva polisiya pavasayi.|default
sin_01_01463|sitīmē nidahasa mulinma ārakşā karagænīmaṭa sidu vannē an kāgenvat nova tamangenmaya.|default
sin_01_01910|janatā vimukti peramuṇaṭa gam maṭṭamin pavā tibuṇu jana sahabhāgītvaya sahayōgaya aḍuvelā tibena bava pæhædili vanavā.|default
sin_01_02017|anaturuva ohu vælikaḍa pirita gæna vistara kiyannaṭa paṭan gattēya. 'udē pāndara pahamāraṭa tamayi pirit paṭan gannē'|default
sin_01_02189|anuśūrayanṭa miliyana deka ki. emen ma avasan pūrva taragavaladī parājaya vana kaṇḍāyamvalaṭa himivana mudala hayalakşaya ki.|default
sin_01_03012|mē buddhajayanti kālayē dharmaya sevīmaṭa - nivan sevīmaṭa næmuṇu sit ætiyavungē saṁkhyāva taramak ihaḷa næga tibē.|default
sin_01_02875|dhyāna læbīmen pasut, dhyāna samāpattiyen nægiṭīmen pasut dhyānalābhīhu taman læbū, samavæduṇu dhyānayehi æti dhyānāṅgayan pratyavēkşā kereti.|default
sin_01_00479|hetemē ē āvāsayen da anya āvāsayakaṭa yayi.|default
sin_01_00733|dveşayen agatiyaṭa giyō yæ, mohayen agatiyaṭa giyō yæ, biyen agatiyaṭa giyō yæ yi mesē kivu yæ.|default
sin_01_01396|vipakşaya kivvē mānava himikam komisama demaḷa ḍayaspōrāva anuva naṭanavā, āṇḍuva ēkaṭa uḍageḍi denavā, kiyalayi.|default
sin_01_00148|(meya sivu kulayan hi ma janayā sasnehi pævidi væ pirisidu væ nivan pæmiṇena bavaṭa pera nimitta ya.)|default
sin_01_02045|śrī laṁkā siṁgappūru veḷaṉda givisuma atsan kaḷē vidhimat kramavēdayakin anaturuva bava vidulibala hā punarjananīya balaśakti rājya amātya ajit pī kiyayi.|default
sin_01_02272|dedahas dahaaṭa chanda himi nāma lēkhanayē saṉdahan pirisaṭa vaḍā mevara mætivaraṇayaṭa adāḷa dedahas dahanavaya chanda himi nāmalēkhanayē liyāpadiṁci chanda himiyan dasadahas hārasīyaka pirisak væḍivīma hētuveni.|default
sin_01_00939|lova næsena samayehi satvayō behevin ābhassara bamba lova upadanāhu vet.|default
sin_01_02609|saṁskārayan gē karmayan sakas karana bava ya. pūrva bhāgayehi dānādi vū vastūn piḷiyeḷa karana bava ya.|default
sin_01_02721|mesē saṁskāra anātma heyin daknahugē ātma dṛşṭiya samudghāṭanaya vē. anitya heyin daknahugē māna samudghāṭanaya vē.|default
sin_01_00595|esamayehi vanāhi saṅghayāgē sivuru bedanu læbeyi.|default
sin_01_00485|anaññātaññassāmītindriya kihi tæneka upadī da, aññindriya kihi tæneka upadī da, aññātāvindriya kihi tæneka upadī da yat,|default
sin_01_03078|sāmānyayen sǣma bhavāṁga sitaka ma ārammaṇa chāyāvan væṭīmaṭa sudusu vana pæhæpat bavak ālōkavat bavak æta da, ēvāyē venaskam nættē no vē.|default
sin_01_00610|eḷamba magadheśvara vū seniya bimbisāra rajuṭa me pavat dænvī ya.|default
sin_01_01405|baṇḍāranāyaka pavula mē raṭaṭa karapu sēvaya kiyalā nimakaranna bǣ.|default
sin_01_01139|pṛtugīsīn pavā ē dūpataṭa pæmiṇa tibuṇē landēsi kapitānvarayāṭa dænuṇu suvaṉda digē ma ya.|default
sin_01_02044|tē iḍamvala val neḷīmaṭa illuma tibuṇat, dænaṭa vasara kihipayaka siṭa tē iḍamvala val mardanayaṭa kṛmināśaka yodana nisā illuma aḍuvelā. vartamānayē bohō upakaraṇa vidēśavalin ānayanaya karanavā.|default
sin_01_00196|dharmaya darā gænīmaṭa nuvaṇa læbē.|default
sin_01_01846|pāramparikava upayana lada deyin ovun pindaham kirīmaṭa pasubaṭa vī næta. mevan suviśēşa pavulakaṭa duva vivāha kara dīmaṭa puḷuvankamak næta. mevan yōjanāvak gena ēma piḷibaṉda sækayak æta.|default
sin_01_00272|pāṇisvara (atin lohobera gæsīm hō attala gæsīm),|default
sin_01_01050|hō, ātmaya rūpa ættekæ yi hō, ātmayehi rupaya pavatī yæ yi hō, rūpayehi ātmaya pavatī yæ yi hō dakī.|default
sin_01_01568|upat pālana kopu tunaka bahā yurō ekalakşa pahaḷosdahasak hā svis frǣnk visi ekadahasak, śrī laṁkā mudalin rupiyal kōṭiyak vaṭinā mat kuḍu genævit.|default
sin_01_01514|āṇḍukāratumā, gālla, mātara tattvaya enna enna ugra venavā.|default
sin_01_01003|svāminī, mama bhāgyavat śramaṇagautamayan dækīmaṭa yami.|default
sin_01_02704|purisa dōsa yanu pudgalayangē dōşayō ya. pāḷiya diga bævin mehi no dakvanu læbē.|default
sin_01_01671|idum hiṭum tibē usāviyaṭa āsannayē epāṭmanṭ nivasaka yugala tani kāmarayak, kāntāvanṭa pamaṇayi.|default
sin_01_01321|dedahas tunē dī eṁgalantaya lakuṇu asū dekakin parājaya kirīmaṭa indiyāva samatviya.|default
sin_01_01985|pasugiya kālayē kānu hadana koṭa hitavatkam mata eka tænaka eka vidihak tava tænaka tava vidihakaṭayi hæduvē.|default
sin_01_00745|dharmayanhi no æleyi, manōvignānayehi no æleyi, manōsamphassayehi no æleyi.|default
sin_01_02615|sit ipadīma sampūrṇayen ma navatvā gena visīma nirōdha samāpattiya ya. nirōdha samāpattiyaṭa samavædiya hækkē aşṭa samāpattilābhī anāgāmīnṭa hā rahatunṭa pamaṇeki.|default
sin_01_02103|naḍattu, polī vārika saṉdahā viyadama rupiyal biliyana hayayi daśama pahayi. pāḍuva rupiyal miliyana navayayi.|default
sin_01_01056|trasta sabaṉdatā oppu kaḷot illā as venavā.|default
sin_01_01878|sabaragamuva sarasavi kaḷamanākaraṇa pīṭhayē sivuvæni antar śikşaṇa kaḷamanākaraṇa paryēşakayangē samuḷuva adat.|default
sin_01_02171|in hatalis aṭa denaku baḷangoḍa pradēśayenut, hatalis pan denaku æmbilipiṭiya pradēśayenut vārtā vuṇā. saukhya kārya sahāyakayan visi hat denaku nirantarayen ḍeṁgu mardana kaṭayutuvala niratava siṭinavā.|default
sin_01_01871|ada samājayē nitara ahanna dakinna læbena siduvīm ossē samājayaṭa paṇiviḍayak diya hæki nisā mama mē caritaya āsāven raṉgapǣvā. evæni taruṇayan ada samājayē siṭinavāda? anantavat.|default
sin_01_01428|dedaru piyaku anaturaṭa lakkara palāgiya trirōda ratha riyæduru māṭṭu.|default
sin_01_00689|gæhæviya, tepi maṭa ædura, satmasak uḍukuru va hovinṭa mama samat vemi yi piḷina keḷehi da no keḷehi da?|default
sin_01_02489|ratnapura mahajana pustakāla pāṭhakayan atarin jaṁgama durakathana chāyārūpa śilpīnṭa vivṛta taragayak.|default
sin_01_03077|mama lōkayaṭa agra vemi, mama lōkayaṭa jyeşṭha vemi, mama lōkayaṭa śrēşṭha vemi, mē antima ipadīmaya, dæn matu ipadīmak nættēya yana utum vacanaya kiyayi.|default
sin_01_00458|vahansa, mama bhāgyavatun vahansē gē mē āścaryaya adbhūta dharmaya da dharami.|default
sin_01_00646|karmaya vū paridi pæmiṇiyā vū sattvayan danimi.|default
sin_01_01639|agamæti indīya sāgara samuḷuvaṭa ekvīmaṭa sudānam.|default
sin_01_02670|ihata dækvū rūpiya śikşāpadayen ran ridī masu kahavaṇu piḷigænīma pratikşēpa karana ladī.|default
sin_01_01632|rōhal kaṇişṭha kāryaya maṇḍalayē varjanaya adat kriyātmakayi.|default
sin_01_03053|pratyēka bōdhi satvayanṭa pāramitā, upapāramitā de koṭasa sampūrṇa kirīma pramāṇaya. paramārtha pāramitā no piruyē da pratyēka bōdhiyaṭa pæmiṇiya hæki ya.|default
sin_01_00617|ē ādhyātmika rūpayāgē upacaya no vū rūpaya kavarē yat,|default
sin_01_02887|buduradun kerehi balavat prasādaya yamakuṭa æti vuvahot ohugē sita kaya dekama buduradun desaṭa næmennē ya.|default
sin_01_02684|haya. lōvæsiyā praśaṁsāven uḍaṉgu vannē ya. nindāven bægǣpat vannē ya. māgē hāmuduruvaru nindā praśaṁsā dekhi sama va pavatinnō ya.|default
sin_01_00296|ehi ohu itā bohō kalak siṭit.|default
sin_01_02507|hæma pahasukamakma sapayā ganna ōne cīne aya. ē nisā pāḍuvak vuṇot pāḍu venne ē ayaṭa. udghōşaṇaya karanna ōne harinam ē aya.|default
sin_01_02878|prahāṇa kramaya, satara upādāna aturin sotāpatti mārgayen prahīṇa vana heyin diṭṭhupādānādi tuna paḷamu prahīṇa vē.|default
sin_01_00637|ēkarāja namæti rajugē yāgaya piṇisa nævæta no ena paridi ven væ visīmaṭa yami.|default
sin_01_00564|e de pæviddō esē pasekæ siṭiyāhu ma ævæt goyumāṇani, kimek da?|default
sin_01_01822|nuvaraeḷiya grǣnḍ hōṭalaya āsiyāvē hoṉdama hōṭal ataraṭa.|default
sin_01_03054|buddha pūjāva saṉdahā anumata caityaya tun koṭasaki. bōdhiya ehi pāribhōgika caityayayi. bōdhiyaṭa karana pūjāva hudek bōdhi pūjāvak nova buddha pūjāvaki.|default
sin_01_02985|aruṇōdayē paṭan ira mudunaṭa pæmiṇīma dakvā kālaya buddhādīn visin ahara vaḷaṉdana kālaya ya.|default
sin_01_02547|ēkaṭa dasa dahas gaṇan janayā sahabhāgī vuṇā. maḍihē paññāsīha mahānāyaka svāmīn vahansē ætuḷuva.|default
sin_01_01244|alavatuvala, sujit saṁjaya perērā, mayanta disānāyaka ætuḷu mantrīvaru pirisak sahabhāgi vūha.|default
sin_01_01976|pravīṇa gāyana śilpinī viśārada mālanī bulatsiṁhala mahatmiyagē guṇa sæmaruma mārtu masa visi navaya vana dinaṭa yedī tibiṇi.|default
sin_01_00579|ek samayekhi bhāgyavatun vahansē rajagahanuvara samīpayē kalandakanivāpa nam vū vēḷuvanārāmayehi væḍa vasana sēka.|default
sin_01_00387|cittayan dedenakungē samavadhāna vē da.|default
sin_01_02562|mama etæna hiṉda gatimi. mā ǣ desat ǣ mā desat bæluvē ekavara ya. 'mage æṉga paṇa nætuva giyā'|default
sin_01_02172|ghātanaya da samaṉgin boruva, dūşaṇaya, vaṁcāva hā muḷāva da atvæl bæṉdagattē ya.|default
sin_01_02382|ōlkaṭ bauddha kanişṭhayē viśēşa taipoṁgal utsavayak.|default
sin_01_02686|movun aturin āhārādiya pæsavana tējō dhātuvehi eka mæ jīvita navaka kalāpayak vē. śuddhāşṭakaya hā jivitindriya da vaśayeni.|default
sin_01_01252|hæbæyi ṭika kālekin eya natara vuṇā. natara kaḷē æyi.|default
sin_01_01117|koṭagala veḷeṉdasalak biṉda eklakşa dasa dahasaka mudal hā jaṁgama durakathana kāḍpat sorāgena.|default
sin_01_00765|paralova giya aya dan dīmen lada ē vipākaya viṉdit.|default
sin_01_00892|mehi siṭina rajungen kavarek utum miṇiruvana dinā da?|default
sin_01_00168|budurajungen eyaṭa samāva ganna kī viṭa kumak koṭa samāva gata yutu dæyi asā, ranin mal pokuru tunak koṭa caityayē nidankoṭa tet vū kes ætiva samāva gata yutu bava matak koṭa unvahansē væḍi sēka.|default
sin_01_02223|æya tamanṭa vayasak kiyannaṭa taram nodannā ehet avurudu asūvak anūvak atara mædi vayasē pasuvana kāntāvaki. æya væḍiviya patvī ættēda metænadiya.|default
sin_01_02957|ekak ma vū rūpayangē utpādaya upacaya santati vaśayen rūpa dekak koṭa vadārana laduyē rūpa piṇḍayangē pavatnā avasthāvē æti utpattiya prakaṭa karanu piṇisa ya.|default
sin_01_00625|ē mama minis æsa ikma siṭi pirisidu divæsin mærena upadanā satun dakimi.|default
sin_01_02332|mēkhalā samaṉga ā parivāra dedenāt ǣtaṭa vī ǣtak balāgenaya. śrīmāl hemihiṭa... mēkhalā asalaṭa ḷaṁ veyi..|default
sin_01_00197|darāgat dharmaya amataka no vet.|default
sin_01_02697|pragnādhika bōsatnaṭa śraddhāva maṉdaya. vīryaya madhyama ya. śraddhādhika bōdhisatvayanaṭa pragnāva madhyama ya.|default
sin_01_02612|dinak tathāgatayan vahansē vædǣ raṭa hasti grāmayehi væḍa vesena sēk, ugga siṭu tumā āścarya karuṇu aṭak æti kenekæ yi vadāḷa sēka.|default
sin_01_02632|sæpa dekin kāma sæpaya, hoṉda yayi piḷigannā deyak aramuṇu koṭa pahaḷavana sita samaga æti vī viduliyak sē vahā næti vī yana kşaṇika deyaki.|default
sin_01_02073|gæṭalu visaṉdīma hā onlayin sēvā ætuḷu sēvāvan ræsak kriyātmaka keriṇi. mema avasthāvaṭa ūva paḷāt sabhāvē vipakşa nāyaka sahabhāgī viya.|default
sin_01_01757|giṇuma vivṛta kaḷa pasu giṇum aṁkaya obaṭa læbenavā. ē jātika hæṉdunumpatē aṁkayaṭa adāḷa samāgamē saṁkēta samaṉgin. giṇuma vivṛta karanu labannē koṭas veḷeṉda poḷēyi.|default
sin_01_01233|tava ṭika davasak yanakoṭa ema artāpal asvanu veḷeṉdapoḷaṭa enavā.|default
sin_01_00590|eya varṇa sampanna da gandha sampanna da rasa sampanna da viya.|default
sin_01_02220|'hædena raṭaṭa væḍena gahak' jātika ruk rōpaṇa væḍasaṭahanaṭa samagāmīva ōpanāyaka koṭṭhāsayē malmīkanda vasamvala pæḷa sīyak rōpaṇaya sidu kaḷaha.|default
sin_01_02762|ek kaleka saddhātissa maharaja rājābharaṇa ivat koṭa aṭasil rægena tun masak muḷullē vihārayehi ma nævatī siṭiyēya.|default
sin_01_03280|silvatā ya, duśśīlayā ya yana dedenāgen vaḍā karuṇāvaṭa pātra vannē duśśīlayā ya. duśśīlayā duśśīla bhāvayen melova piriheyi.|default
sin_01_00538|ævætni, ē bhāgyavatun vahansē data yutta daniti.|default
sin_01_00529|āyūhanaya saṁskārayaha anāyūhanaya nivanæ yi datayutu yæ.|default
sin_01_01303|'adhikaraṇaya saha pārlimēntuva svādhīnava kaṭayutu karanavā.' 'novæmbar māsayē dī janādhipativaraṇaya pavatvanna puḷuvan'|default
sin_01_01989|āriyadāsa siya biriṉda saha diyaṇiya samaṉgin uḍahamulla nivasē padiṁciyaṭa giyē dēśapālana maṇḍala sabhika lalit vijēratna gē dænumdīmak anuvaya.|default
sin_01_01159|perērā, nelsan vīrakkoḍi saha gāmiṇi silvā yana tama kaṇḍāyam sagayanda ādarayen sihipat karamini.|default
sin_01_00643|kam vū paridi paralova giya sattvayan daknē ya.|default
sin_01_01988|dedahas dahanavaya jātika kiyævīmē māsayaṭa hambantoṭa mahajana pustakālayen 'pāṭhaka taru' tōrā tyāga deyi.|default
sin_01_02404|maṁ mē raṭē saṁskṛtiya, mānava saṁskṛtiya, samāja saṁskṛtiya kābāsiniyā karalā dāpu alajji minihekuṭa salakanna vagē mē gǣni maṭa salakanne. maṭa marāgena mærenna hitenavā.|default
sin_01_02928|sil samādan vīmen pasu sǣma denā ma mal da gena vihārayakaṭa hō caityayak vetaṭa hō gos pūjāsanayehi mal tabā matu dækvena gāthā tērum sahitava kiyā mal pidiya yutu ya.|default
sin_01_00210|mithyā dṛşṭi bohō saṁkhyāvak pævatuṇa da ēvāyin barapatala ma akusal siduvennē nāstika dṛşṭiya, ahētuka dṛşṭiya saha akriya dṛşṭiya yana tunen ya.|default
sin_01_01592|nives ārakşaṇa, pudgalika ārakşaṇa, matupiṭa ārakşaṇa, redipiḷi ārakşaṇa hā saukhyārakşaṇa yana aṁśavala samāgamē meheyum kaṭayutu sidu vē.|default
sin_01_03006|āyatana dhātu dekoṭasehi æti venasa eya ya. samaharunṭa viññāṇayehi ātma saṁgnāva tadin ættē ya.|default
sin_01_01475|edā jitēndra māva eyāge kār ekē damāgena eyā nævatilā hiṭiya hōṭalayaṭa ekka gena giyā.|default
sin_01_00004|ehet kumbura nætiva kotek utsāha kaḷat goviyāṭa vī no læbiya hæki bævin, kumbura vī labā gænīmaṭa goviyāṭa pihiṭa vannak sæṭiyaṭa sæmadena ma piḷiganiti.|default
sin_01_02821|bhāvanā kirīma, baṇa æsīma, baṇa pot kiyavīma, dharma sākacchā kirīma yana mē kaṭayutuvala avakāśa æti paridi yedenu.|default
sin_01_02978|anun anumōdan karavana, dena pin satuṭin piḷigænīma pin anumōdan vīma ya. 'pattānumōdanā' yanu da eyaṭa nameki.|default
sin_01_03033|pinvata, divyamaya vū rūpavat vū dhyāna cittayen upannā vū sarvāṁga pratyaṁga sampūrṇa vū indriya paripūrṇa vū an ātmayak æta.|default
sin_01_00598|eseyin lovhi monovaṭa upan buduraja lovhi no mæ æleyi.|default
sin_01_01258|tatparayaka dekaka prabala hæṉgīm nirūpaṇaya da ovhu ē saṉdahā prabalava upayōgī kara ganiti.|default
sin_01_02735|śabdayē chāyāva ehi væduṇu kalhi ehi ma sōta viññāṇaya upadī. æsīma yayi kiyanuyē sōta viññāṇaya ipadīmaṭa ya.|default
sin_01_00926|yamek vicikicchānusayen anuśaya rahita vē nam hē bhavarāgānusayen.|default
sin_01_00108|samahara viṭa esē no kiyā tittaya æmbulya yanādīn rasayē nama ma kiyati.|default
sin_01_01427|rupiyalak væḍiyen bhāṇḍayak alevi kaḷahot pāribhōgika adhikāriya naḍu damayi.|default
sin_01_01917|arbuda hamuvē janatāva rakinna ē vipakşayē savimat bava avaśyayi. śrī laṁkā itihāsayē dævæntama ṇaya vārikaya labana vasarē gevīmaṭa tibenavā.|default
sin_01_01144|ē mokut nætiva mahinda mahattayāgē podu peramuṇa laṁkāva vaṭā lakşa panahak chandaya gattā.|default
sin_01_02589|eya æti va næti va yana anitya svabhāvaya æti saṅkhāra dukkhayak vū bævin da, jāti jarā ādī nan vædǣrum dukvalaṭa sthānaya vana bævin da, eya ēkānta dukaki, bhayānaka dukaki.|default
sin_01_00878|mī væni pæhæya æti mī væni rasa æti mī væni suvaṉda æti vişayek viya.|default
sin_01_02832|śāstṛn vahansē da piḷiveḷin særi sarā sævæt nuvara jētavanārāmayaṭa væḍi sēka. kosambǣ pura bhikşūhu ē bava asā sævæt nuvara yǣmaṭa piṭat vūha.|default
sin_01_01211|īṭat ehāṭa giya kāraṇayak metendi podujana peramuṇaṭa hataḷis hatarayi daśama hayayi navaya ka pratiśatayak læbilā tiyenavā.|default
sin_01_00756|numba da varayak maṭa dī eya deva yi kīkala no dennehi ya.|default
sin_01_02614|ehi vipāka anantaya. mama salakā nobalā antarāyakara vacana kīvemi. ek vacanayak varadavā kīmen mevæni dukakaṭa patvīmi.|default
sin_01_00536|ævætni śārīputrayeni, vedanā vedanā vedanā yi kiyanu læbē.|default
sin_01_01736|mavpiyanṭa æpa upasthāna karannē asaraṇayanṭa rōgīnṭa æpa upasthāna karannē pragnāvanta ayayi.|default
sin_01_02293|antimaṭa vāṭṭuven ayi si yū ekaṭa dæmmē bāgeṭa mæruṇu daruvek.|default
sin_01_03224|ē nisā piṇḍapātika bhikşuvaṭa gihiyanṭa yaṭat novī ātma gauravaya ræka gena visiya hæki ya.|default
sin_01_02208|viśēşayen muslim dēśapālana nāyakayō āvot muslim minisunṭa inna bǣ. gahayi, koṭayi, palli kaḍayi.|default
sin_01_00423|mana vaḍannā vū yam kisi sampattīhu vet da, ē sampattīhu kavara pinekin tiṭa pahaḷa vet da.|default
sin_01_00515|asaṅkhatadhātuva skandha saṅkhyāven hærapiyā ek skandhayekin ekoḷos āyatanayekin ekoḷos dhātuyekin saṅgṛhīta veti.|default
sin_01_00997|savædǣrum āpattisamuṭṭhānayan aturehi samuṭṭhāna sayen naṉgī.|default
sin_01_01395|ehi tibena vanāntaraya kisidu lesakin venas kirīmaṭa giyē da næta.|default
sin_01_02659|krīḍā piṇisa hā no denu kæmætten æti deya saṉgavanu piṇisa, daruvan nælavīma piṇisa da, kaḷa varada saṉgavanu piṇisa da boru kīma alpa sāvadya vē.|default
sin_01_00854|mahaṇeni, mesēt mahaṇa tema kayehi kaya nuvaṇin balana sulu va vāsaya karayi.|default
sin_01_02069|ē vagēma api yurōpaya hā āsiyāvē anekut rājyayan vetat apagē æṉgaḷum apanayanaya saṉdahā veḷeṉdapoḷa puḷul karagannaṭa ōna.|default
sin_01_01167|vædagat vennē minissu vidihaṭa jīvat vena eka.|default
sin_01_01046|hē pañcadvārika sukhaya da manodvārika sukhaya da viṉdī.|default
sin_01_00422|mana vaḍana yamkisi sampattīhu vet da, ē sampattīhu maṭa pahaḷa vet.|default
sin_01_00361|ē puṉgulhaṭa mæ kāmadhātuyehi devædǣrum vēdanā æti kalhi ohuṭa|default
sin_01_01115|galkissa - jānaka gōmas, potupiṭiya - sumit raṇavaka, koḷamba - em.sī. mæṇikē.|default
sin_01_01431|ē dambadeṇiya āsanayē aya vagēma kuruṇǣgala disāvē bohō piris mā samaṉga atvæl bæṉdagena siṭinavā.|default
sin_01_01883|'heḷavuḍ popkōn' śrī lāṁkēya sinamāvē atītaya, nūtanaya hā anāgataya gæna kerena katābahak.|default
sin_01_01313|mē vecca deyin rassāvat nætiva magē daru pavula naḍattu karagannat bæruvayi inne...|default
sin_01_01373|mē mataya api darannē mokak hari paṭu kāraṇayak mata neveyi. maṁ eka udāharaṇayak kiyannam.|default
sin_01_02132|mehema ādarśa dīlā kohomada mēvā navatvannē. bandu kavitilaka mahatā - yōjanāva mama dakinnē suraṁganā katāvak vidiyaṭayi.|default
sin_01_00849|mahaṇeni, me sasnehi mahaṇahu sakas koṭa daham asati.|default
sin_01_01889|dēśiya nişpādakayan okkoṭama gæhuvā. raṭa kaḍan væṭennē nædda? rupiyala avapramāṇa vennē nædda? koṭas veḷada poḷa væṭennē nædda?|default
sin_01_02058|himāli sirivardhana yanu vatman parapurē siṭina dakşa raṁgana śilpiniyaka vagēma narthana śilpiniyak.|default
sin_01_00263|'śramaṇagautama temē boru kīma durælā, boru kīmen væḷækkē ya.|default
sin_01_00193|piḷindivaccha himiṭa pātra ādhāra pudā anusas pahak læbuṇi.|default
sin_01_01965|anek raṭavalaṭa kumak vuvat tamāṭa kamak næta yana sthāvaraya emaṉgin genahæra dakvayi.|default
sin_01_00561|upanupan lāmaka akuśaladharmayan sithi no vasvayi.|default
sin_01_01485|dedahas pahaḷova vasarē siṭa mā utsāha kaḷē nævum saṁvardhana atdækīm samaga nævum dēśapālana gamanakaṭa avatīrṇa vīmaṭa yi.|default
sin_01_00944|vasak pāsā upasapan karavana meheṇa de ævætakaṭa pæmiṇeyi, upasapan karavā nam piyōhi dukuḷā veyi, upasapan karavū kalhi paciti ævæt vē.|default
sin_01_01014|sivu pæneka, sivu udesumeka, sivu visaṉdumeka.|default
sin_01_00627|ē mam nopiḷisan ek sañcētanikā sukkavisaṭṭhi ævætaṭa saræyak piriya yutu mānata saṅghayāgen illīmi.|default
sin_01_03046|(visi eka) santati rūpaya :- nişpanna rūpayā gē paramparāva pævætma lakşaṇaya yæ. paramparāva no siṉdīma ehi kṛtyaya yæ. rūpa paramparāva no siṉda pævætma væṭahena ākāraya yæ.|default
sin_01_02914|eya da panavā ættē sīmā sahitava ya. ē ævata vannē da bhikşuvakaṭa ākrōśa kirīmeni.|default
sin_01_01276|maṭat agamætitumāṭat sahayōgaya labādī idiri mætivaraṇayēdī jaya gænīmaṭada sahayōgaya labādena lesaṭa janādhipativarayā illā siṭiyā.|default
sin_01_00737|dæsi das kamburō yaṭa desa ya, mahaṇa bamuṇō uḍa desa ya.|default
sin_01_03032|keles ginna mī vişa væni semin santānaya peḷana deyaki. mī vişa śarīragata vū dā paṭan ma ē śarīraya peḷana namut, ādiyehi ē bava no dænennēya.|default
sin_01_02724|eya āyu væḍīmaya. varṇa sukha bala væḍīma da esē ma sidu vē. teruvan væṉdīmē guṇa me pamaṇak novē. nitara teruvan vaṉdina tænættā deviyō rakiti.|default
sin_01_03061|eyaṭa væḍennaṭa avakāśa dennē ya. esē avakāśa læbū rāgaya maitrī vēśayen kramayen væḍī pasuva rāgayē sæṭiyaṭa ma siṭa kriyākāritvayaṭa da pæmiṇennē ya.|default
sin_01_00481|mahaṇeni, mehi mahaṇek pamaṇa vū da apamaṇa vū da,|default
sin_01_03181|piḷikul kaṭayutu da veyi. dukkha vēdanāva da ipida pavatnā kalhi ivasīmaṭa duşkara veyi. eya nindita dukak ma veyi.|default
sin_01_00397|dæḍiloba hā domnasa duru koṭa|default
sin_01_02201|ehet ada meraṭē yuda aparādha valaṭa sākşi getīmē ēka pākşika meheyum da siduvē.|default
sin_01_01981|vittiyē sākşi nomætiva ratvattē nidahas karannæyi illayi.|default
sin_01_01432|el.ṭī.ṭī.ī muddara sahita lipi āvot muddara galavā lipi bedanavā.|default
sin_01_03282|eyin dækvennē abhidharma piṭakayat saṁgāyanā kaḷa bava ya. saṁgāyanā vistaraya avasānayē saṁgāyanāva kaḷa sæṭi keṭiyen dækvena gāthā peḷak ehi ættē ya.|default
sin_01_03237|ānāpāna bhāvanāva purudu kara nætiyavunṭa vāyudhārāva sæpena tæna data hæki vannē tadin husma heḷana viṭa ya.|default
sin_01_02556|paṇḍuvasnuvara mætivaraṇa koṭṭhāsayē heṭṭipoḷa sati poḷa bhūmiya veḷedām kirīmaṭa sudusu sthānayak novana bava veḷendō pavasati.|default
sin_01_01465|janatā vimukti peramuṇē anura kumāra disānāyaka avurudu hatara hamārak eksat jātika pakşayaṭa kaḍē giyā.|default
sin_01_00369|kavarek esamayehi saṁskāraskandha veyi yat,|default
sin_01_00239|sitehi prītiyen ilpuṇubava no kaḷa yutu ya.|default
sin_01_03141|pav karannā vū ohuṭa apāyaṭa pæmiṇennaṭa siduvannē ya. apāyehi dī viṉdinnaṭa vannē mīṭa vaḍā siya dahas guṇayen mahat vū dukeki.|default
sin_01_01392|poḷonnaruvē janatā praśna visaṉdanna pārlimēntuvaṭa yæviya yuttē pūrṇa kālīnava mahajana sēvayē yedena ayayi.|default
sin_01_00424|manāyatanayek manindriyayek vignānayek vignānaskandhayek|default
sin_01_02390|kompañña vīdiyē pudgala ghātanayē sækakaruvan rimānḍ.|default
sin_01_00528|āyuşmat udāyī teraṇuvō da ē meheṇa væḷataṭa niraturu yeti.|default
sin_01_00145|'kaḷu his æti sudu paṇuvō pā mulin nægī daṇa isa dakvā vasā gatha.' (meya bohō gihiyan un vahansē gē upāsakayan vana bavaṭa pera nimitta ya.)|default
sin_01_02162|emen ma āsiyānu gṛhastha mīṭar hatara væḍikirīma hārasīya śūrayāya. sæmbā upata læbuvē savudi arābiyēya.|default
sin_01_01414|vibhāga samat pāsal sisun ekasiya dahanavaya denakuṭa vidēśa niyukti kāryāṁśayen mudal tǣgi.|default
sin_01_01829|muhuṇu potaṭa kālakaṇni ṭikak bōvelā ēka hariyaṭa pāvicci karanna danne nætikama.|default
sin_01_00908|mō tomō mē arthayehi lā adahas karanalada bhikşuṇi yi.|default
sin_01_02785|dukkha satyaya aramuṇu koṭa pavatnā pragnāva duḥkha satyaya dænagannā pragnāva ya.|default
sin_01_02387|miḍlṭan marē namæti vicārakayā ohugē kṛti gæna menma 'san of vuman' namæti kṛtiya gænada sākacchā karamin ohugē kṛti gæna menma ohugē gūḍhavādaya gænada adahas dakvayi.|default
sin_01_01150|mē davasvala kāget mātṛkāva ellum gaha ya, maraṇa daḍuvama ya. avasāna varaṭa vælikaḍa bandhanāgārayē ellā marā damanu læbuvē tissamahārāmayē vægapiṭiya.|default
sin_01_01726|lakşayakaṭa væḍiya salli tibba kāntā pars ekak issū sækakaru ataḍaṁguvē.|default
sin_01_00804|bæhæra sīmāvakaṭa giyā vū ē mahaṇa temē ē sivura karavayi.|default
sin_01_02276|amerikānu āyōjana avasthā tavaduraṭat puḷul karagænīmē aramuṇin pavatvanu labana vārşika sammēlanaya oktombar doḷaha siṭa dāhatara kālaya tuḷa mevarat koḷambadī pævætvē.|default
sin_01_02571|mahaṇeni, pera nǣsū dharma vişayayehi 'ē dukkha nirōdha gāminī pratipadārya satya ya mā visin væḍiya yutu yæ'yi nuvaṇæsa pahaḷaviya.|default
sin_01_00901|mē puruşayā piḷibaṉda ē kāraṇaya mā visin dænagannā lada.|default
sin_01_01308|mādhyavēdiyā æsū pænayaṭa ammā matak kaḷāṭa jōnṭa karuṇu idiripat karanna veyi.|default
sin_01_01758|ē dehivala bombakaru vana jamīlya. ehet kulī givisumaṭa assan tabannē mubārakya. pavul dekak ehi padiṁci va siṭina bava kulī himikaruṭa ovun sadahan kaḷēya.|default
sin_01_01711|bæṉdumkara komisamē vārtāva gæna janapatigē viśēşa prakāśaya pasvaru hayaṭa visi hataran hata nālikāva ossē narambanna.|default
sin_01_00411|pravṛttiyehi cittayāgē bhaṅgakşaṇayehi da arūpayehi mārgayāgē hā phalayāgē utpādakşaṇayehi|default
sin_01_00482|aṭaḷos ayurekin pūrvāntadṛşṭiyehi abhiniveśaya veyi.|default
sin_01_01442|esēt nætinam nīti sampādanaya piḷibaṉda va avabōdhayak næti venat pudgalika sabaṉdatā æti pudgalayan ya.|default
sin_01_02617|daham æsuvā vū ohuṭa 'budun vahansē visin dēśanaya kaḷa paridi sarvākārayen pirisudu koṭa brahmacariyāva raknaṭa gihigeyi dī nupuḷuvana.|default
sin_01_00214|mē anuva sitana cētanāva anuva sidukarana karmaya da yahapat hō ayahapat viya hæki ya.|default
sin_01_00066|puṭuva, geya, davasa, māsaya, utura, dakuṇa, gonā, minisā yana mē vacanavala artha vimasā balanu.|default
sin_01_01480|mama iḍama pavarā gat iḍama kaccēriyak dālā ēka mē sabhāva nætikara gattā.|default
sin_01_01130|'kavikāra sita' gītaya kālayak jātika rūpavāhiniyē sit gat gīvala ihaḷin 'hiṭ' vuṇa sinduvak.|default
sin_01_01899|siṁgar saha sōni ekva adhi balæti gṛhastha ōḍiyō paddhati haṉdunvā deyi.|default
sin_01_00567|ekatpashi siṭi ē devi maṭa tela karuṇa sæḷa keḷēya,|default
sin_01_02392|viśēşayen ma caura taruṇiyagē caritaya goḍanæṉgennē æmarikan saṁskṛtiyē daknaṭa læbena vṛttīmaya herak lesaya.|default
sin_01_00040|devana bhājanayak vaśayen kesel patakudu gatahot, dhutāṁgaya biṉdē.|default
sin_01_01049|hoti tathāgata, nahoti tathāgata, hoti ca naca hoti tathāgata, neca hoti na nahoti tathāgata, yana sūtra sataraya,|default
sin_01_00695|cittasaṁskāraya sanhiṉduvamin āśvāsa kirīm vaśayen.|default
sin_01_01407|hayayi tihaṭa pævætvena darśana mahajanayā venuven venkara æta.|default
sin_01_01173|hantāna karmānta koṭasa baṭahira koṭasa hā rāman dēvāla koṭasa saṉdahā vīthi lāmpu pahaḷovak savikirīmaṭa anumætiya labāgænīma saṉdahā yōjanā karanavā.|default
sin_01_00634|ē siyallō mē sivu idupā væḍū bævini, bahula kaḷa bævini yi.|default
sin_01_00678|kiseyin meyin mē prakārayen vannemi yi vē da yat, meyin kşatriya vannemi hō.|default
sin_01_02148|ē raṭāva maṭa pota kiyavāgena yaddī hasu venavā. hæbæyi īṭat vaḍā ē pota piṭapat karaddi maṭa eya hasu venavā.|default
sin_01_01737|ḷaṉgama pāsala hoṉdama pāsala yannayi. namut ḷaṉgama pāsala hoṉdama pāsala novū ē atītayē guruvaru dahasak apahasutā madhyayē daruvanṭa akuru kara vūha.|default
sin_01_03074|anyayan gē vipata duka duppatkama īrşyāva namæti ginna nivana āhāraya ya. anyayan gē sæpaya hā pohosatkama īrşyāva namæti ginna vaḍana deya ya.|default
sin_01_02111|metek kal uturumæda, ūva, vayamba, utura hā næṉganahira paḷātvala pætirī tibuṇu mē rōgaya dæn sabaragamuvaṭa hā dakuṇaṭa da pætirī tibē.|default
sin_01_02504|rājitaṭa saukhya puṭuva dunnot vaidya væḍa varjanayak.|default
sin_01_00885|melovhi manuşyayan gē jīvitaya maraṇaya haṉgavana nimiti nætiyeka.|default
sin_01_00692|godhāveni, mē sivudahamin yutu arīsævi tomō vivasa va no hena sulu niyata vū sambodhiya pihiṭa koṭa æti sōvan vūvā vē yi.|default
sin_01_00759|no miduṇu vū hō sita no miduṇu sitæyi danī.|default
sin_01_03057|ācāryayan esē kamaṭahan dena kalhi yōgāvacarayā nimittagrahaṇaya koṭæ æsiya yutu.|default
sin_01_00999|sasun bambasaraṭa ādiya vū adhiśīlaśikşāmātra da no veti.|default
sin_01_00952|vahā gos ē sambudurajun bhajanaya karanu mænava kiyā yi.|default
sin_01_02175|itihāsagata vannā vū jana samuhayak hamuvē kerena katāva pūrva sūdānamak sahitava gauravānvitava kirīmē aramuṇa ætivayi mā esē kaḷē.|default
sin_01_03279|ek kaleka mahābōsatāṇan vahansē asū keḷak dhanaya æti bamuṇu pavulaka ipada, tamanṭa himiva tubū siyalu dhanaya dan dī pævidi vuha.|default
sin_01_01483|nāvalapiṭiyē mama taram muslim ayaṭa udavu karapu kenek tavat næhæ.|default
sin_01_00562|upādānapratyayayen bhavaya vē ya yi visaṉdīma yukta ya.|default
sin_01_02268|enisā jātika parisara panata tavaduraṭat śaktimat kaḷa yutuva tibenavā.|default
sin_01_01025|hisa vasā perevæ ætuḷugamehi no yannemi yi hikmiyæ yutu yi.|default
sin_01_00028|siyatin no marā anekaku lavā karavīma āgnā prayōga nam vē.|default
sin_01_02164|eyada biriya candrikā pavā dænagattē vijaya gē viyōven pasuvaya.|default
sin_01_03293|ovuhu bhava sampattiya patā saṁsāraya dik vana pin kam pamaṇak karati.|default
sin_01_01855|vīḍiyō: biriṉdaṭa erehi cōdanā asatyayi - hṛda spandana vēgaya væḍivena taramaṭa kæṉdavanavā.|default
sin_01_02488|ohuṭa tavamat itāli hō spāñña savāriyaka samasta śūrayā vīmaṭa hæki vī næta. itāli savāriyēdī ohugē ihaḷatama daskama dedahas navaya dī tis hatara væniyā vīmaya.|default
sin_01_01397|nāgarika parisaraya vyāpta venna venna kuṇu bahulava ekatu venavā.|default
sin_01_01486|pæhædilivama eya kalāturakin śrī lāṁkikayekuṭa himi vana durlabha avasthāvakma ya.|default
sin_01_01038|hē ē karuṇin satuṭa labannē da, somnasaṭa pæmiṇennē da,|default
sin_01_03202|samaharungē sithi dubala veti. ek pudgalayakugē sithi da samahara avasthāvala dī balavat veti.|default
sin_01_02869|manāpa manāpa vū yahapat napuru śubhāśubha vū bohō nindita vitarka manaskārayen sita ramaṇaya karavati, piṇavati.|default
sin_01_02121|utsava kāleṭa kāḍpat himiyanṭa adāḷa bæṁkuvalin viśēşa vāsi salasā denavā.|default
sin_01_01374|apē raṭaṭa āvēṇika palaturu varga rāśiyak tiyenavā. kṛşikarma depārtamēntuvē pradarśanayēdī gattu patrikāvē ē vistara dækkā.|default
sin_01_03258|itā us tænakin bima væṭuṇu kalhi ata paya kæḍī biṉdī yāmen balavat ivasiya no hæki dukak æti vannāk meni.|default
sin_01_01119|edina dahaval kaṭhina cīvaraya sahita mahā saṉga satu dānamaya pinkama pævætvē.|default
sin_01_00383|cakkhundriya ghānindriya itthindriya purisindriya jīvitindriya upadī nam:|default
sin_01_01881|māsa tunak tuḷa alut pārlimēntu ræsviya yutuyi. pārlimēntu ræsvana dinaya māru kirīmaṭa sidu vuvahot eya māru kirīmaṭa hækiyi.|default
sin_01_02917|dasa dahasak tuḷa upadinuyē ākāra dasa dahasakini. lakşayak tuḷa upadinuyē ākāra lakşayakini. ek pudgalayaku tuḷa ipadīmehi da ē ē avasthāvala sæṭiyaṭa noyek ākāra vannē ya.|default
sin_01_00206|gannā vū ākāraya væradi vīma.|default
sin_01_01462|ek kāntāvak pansalaṭa dānaya rægena āvā kiyalā māva nirōdhāyanaya kaḷā.|default
sin_01_02159|kuḍā gaṁgā digē galāgena āpu vatura mahā gaṉga bāra gatte nǣ. ē venakoṭa ēvaṭa tamange vaturavat darā ganḍa bæruvayi tibuṇā.|default
sin_01_00935|rūpaya anātma yæ, vēdanāva anātma yæ, saṁgnāva anātma yæ, saṁskāra anātma yæ, vignānaya anātma yi.|default
sin_01_01902|sīmā nirṇaya gæṭaḷu sevīmaṭa patkaḷa kamiṭuva paḷamuvaraṭa ræsveyi.|default
sin_01_03123|bisō sira geya dora veta gos yannaṭa avasara no læba rajjuruvanaṭa ē pavat kiyā aṇḍā vælæpa peraḷā āvā ya.|default
sin_01_01292|mokada mē pakşaya podu pakşayak misa pavulaṭa sīmā vū pakşayak noveyi.|default
sin_01_03151|'magē śramaṇayan vahansē vanāhi sanhun iṉduran ættō ya. śānta sit ættō ya. unvahansē gē yǣm īm siṭīm śānta ya'|default
sin_01_00393|tīgē mē sirurupæhæya da siyalu digun babuḷuvayi.|default
sin_01_00628|ē mahaṇahugē piḷisan vū da piḷisan no vū da ævæt veyi.|default
sin_01_01683|mē væv hatdahasa patulē tiyena dēval api dannavā. uḷu mōl hārasiya dekak tiyenavā vayamba paḷātē.|default
sin_01_00858|mahaṇeni, mē sivu idupā vaḍana laduyē bahula karana laduyē mahatphala mahānisaṁsa vē.|default
sin_01_00226|mēvā diṭṭhadhammavēdanīya vipāka yæyi keṭiyen data yutu ya.|default
sin_01_02569|kūñña baddhaya, deka. pæḷum rikili baddhaya, tuna. ārukku baddhaya, hatara. aṁkura baddhaya, paha.|default
sin_01_01346|ætæm sillara veḷendan kiyanavā toga veḷendan tamanṭa sādhāraṇa mudalakaṭa hāl dennē næhæ kiyā.|default
sin_01_01891|pūrva dænumdīmakin torava karāpiṭiya śikşaṇa rōhalē vaidyavarun varjanayaka, rōgīn dæḍi duşkaratāvayaṭa patveyi.|default
sin_01_00391|tavada udāyī, mā visin śrāvakayanaṭa piḷivet kiyana lada.|default
sin_01_03297|gasvæl ādiyehi dī pṛthivi dhātuvat satvayaku pudgalayaku no vannāk men æṭa yayi kiyanu labana mē pṛthivi dhātuva da satvayek novē.|default
sin_01_00358|eḷamba bhāgyavatun vahansē sakasā væṉda ekatpasva hunha.|default
sin_01_00038|meya raknā tænættā visin vaḷaṉdana ahara siyalla ma ekavara ek bhājanayakaṭa gena væḷaṉdiya yutuya.|default
sin_01_00288|mēbaṉdu āhāra ætiyem vīmi, mebaṉdu suva duk viṉdinnanem vīmi, metek āyu sīmāvak ætiyem vīmi, ē mam eyin sæva mehi upanimi' yi.|default
sin_01_02368|polisiya pævasuvē saukhya aṁśavala upades mata veḷeṉdapoḷa vivṛta kaḷa nohæki bavaya.|default
sin_01_00273|vētāla (līmuvā tālampaṭa gæsīm hō maturu dapā malasiruru nægiṭuvīm),|default
sin_01_01394|mahinda viśvāsa karana ōnǣma ayekṭa sahaya dīma raṭa venuven kaḷa yutu sudusuma deyayi - tilaṁga sumatipāla.|default
sin_01_01896|lakşapāna vān doraṭu deka k vivṛtayi - avadhānayen siṭinna.|default
sin_01_03003|eyin mat vūyē nitara ma sæma tænakadī ma anyayangen garu sælakili balāporottu vē. nolæbena tænadī domnasaṭa pat vē.|default
sin_01_00996|savædǣrum āpatti samuṭṭhānayan aturehi samuṭṭhāna tuṇekin naṉgiyi,|default
sin_01_00918|yambaṉdu vū topagē dahama mebaṉdu vī nam no dahasa kebaṉdu vē da?|default
sin_01_00453|rūpaya æti kalhi saṁgnāva æti kalhi saṁskāra æti kalhi vignānaya æti kalhi|default
sin_01_02653|vaṭṭiyak pamaṇa kuḍā kasiṇayaka dhyānayaṭa samavadina pudgalayāṭa samāpattiya tuḷa pævati rūpārūpa dharmayan ātmaya ya yana hæṉgīmak æti vē.|default
sin_01_00200|dharmaya dæna kiyā gænīmaṭa no læbuṇi nam kæṉda saraluvakudu bat hændakudu no dena bava dharmayē penvā æta.|default
sin_01_00018|dharmaratnaya sattvayanaṭa pihiṭa vana ākāraya mesē ya.|default
sin_01_02573|(visi tuna) aniccatā rūpaya :- nişpanna rūpayangē sarvaprakārayen vināśaya lakşaṇaya yæ. vināśayaṭa pæmiṇīm vaśayen rūpayan gē væḷækma ehi kṛtyaya yæ.|default
sin_01_01778|māsa hata hamārakaṭa pera siyadivi hāni karagat ayekugē dēhaya goḍa ganiyi - maraṇaya gæna mavaṭa sækayi(chāyārūpa sahitayi)|default
sin_01_00959|vinaya vinayæ yi dakvannē biyen agatiyaṭa no yeyi.|default
sin_01_01909|galēvela nagarayē kānu paddhatiyē ætæm sthānavala væli pirīma nisā jalaya bæsa yǣma avahira vī æti bava nagaravāsīhu pavasati.|default
sin_01_01358|janatā vimukti peramuṇa ē sambandhayen darana mataya pæhædili kaḷot... apē sthāvaraya itā pæhædiliyi.|default
sin_01_00601|ehi cakkhundriya no da nūpadane yæ asaṁgnasatva vū arūpa vū ehi ghānindriya da nūpadane yæ cakkhundriya da nūpadane yæ.|default
sin_01_02858|ē śāsanayehi yahapat sē siṭiyā vū yam bhikşūn vahansēlā kenek ædda, ē bhikşūn vahansēlā divya brahma mānusika janayanṭa pramuditajanaka vannāhu yi.|default
sin_01_01089|eviṭa veḷeṉdasalaṭa sahal miṭiyak rægena enaviṭa eya rupiyal hāradahas navasiya panahak pamaṇa vana bava ovuhu pavasati.|default
sin_01_00890|mesē minisæsa ikma siṭi pirisidu divæsin mærena upadanā satun dakmi.|default
sin_01_00247|svalpamātra ekeka.|default
sin_01_00039|miśra vū kalhi væḷaṉdiya nohena āhārayak vē nam eya vaḷaṉdana bhājanayaṭa gena paḷamu va hō pasuva væḷaṉdiya yutu ya.|default
sin_01_03111|sāmānya kramayaṭa muditāva vaḍanu kæmætiyan visin satvayangē sukhita bhāvaya kalpanā kara 'mē satvayō suvasē vesennāha' yi sitiya yutuya.|default
sin_01_00473|sita keles tavana væra piṇisa ehi puna punā yedīma piṇisa satatakriyā piṇisa pradhan piṇisa|default
sin_01_03175|(hata) ō tomō sahal, gitel, pæṇi, mīpæṇi rægena sakuru hā ekkoṭa mihiri praṇīta batak uyā (aṭa) eyin pātraya puravā ādhārakayaka tabā dorakaḍaṭa pæmiṇiyāya.|default
sin_01_02955|prāṇaghāta karma pratisandhi vipāka dīm vaśayen karmaya kaḷa tænættā narakayehi da upadavayi. prēta yōniyehi da upadavayi.|default
sin_01_00025|duk næti kara gænīmaṭa ættā vū usas ma pihiṭa ē nivana ya.|default
sin_01_01971|suḷu jana praśnayaṭa dēśīya visaṉdumak venuven cīna atdækīm.|default
sin_01_00510|ayinādan hærapiyā ayinādanin væḷakuṇē veyi.|default
sin_01_00763|paṇivāyen duruvīma hetuyenudu suvasomnas viṉdī.|default
sin_01_03021|esē mæ anēka prakāra vū jātyādi saṁsāra dukkhaya vidhānaya karana heyin da dhātu nam vē.|default
sin_01_01516|mē ākārayaṭa anit khanija sampat piḷibaṉdavat soyamin pavatinavā.|default
sin_01_01409|apē raṭē vēlāva samaṉga sasaṉdana kala itāliyē vēlāva pæya tunahamārak aḍuven gaṇan bæliya yutuya.|default
sin_01_00641|ōgha samprayukta vūyek æta, ōgha viprayukta vūyek æti.|default
sin_01_02941|sakala satvayangē ma vimuktiya piṇisa karana pāramitā kuśalaya praṇītaya.|default
sin_01_03201|ē esē mæ yi - hiri otap æti kalhi mæ sīlaya upadanēt veyi. pavatnēt veyi. hiri otap næti kalhi sīlaya kesēvat nūpadanē ya.|default
sin_01_01212|vibhāgayak kiṭṭu vuṇahama maṭa tiyennē eyāṭa pāḍam mataka tiyenavada kiyalā ahanna vitarayi.|default
sin_01_01408|'mē gæna kaḍinam sādhāraṇa parīkşaṇayak pavatvanna' mædamulana govi saṁvidhāna sabhāpati ayadiyi.|default
sin_01_00977|sakṛdāgāmī ya, sakṛdāgāmīphala sākşātkaraṇayaṭa piḷipannē ya.|default
sin_01_03195|paressamin bhāvanā kaḷa yuttē eheyini. śarīrayat sitat deka bhāvanāvaṭa hoṉdin purudu vū pasu bhāvanāva itā mihiri vannēya.|default
sin_01_01224|namut ē jalāśa ihaḷa sūrya pænala savi kirīma hā adhivēgī mārgavala sūrya pænala savi kirīma atara venasak æta.|default
sin_01_01797|ohugē kaḷu pæhæti hārasiya tuna darana riya rājakīya vidyālaya idiripiṭa dī riya anaturakaṭa patva ohugē taruṇa putrayā da riya tuḷa miya giyēya.|default
sin_01_03196|dhyāna mārga phala læbiya hækkē gnāna samprayukta pratisandhiyak læbīmen utpattiyen ma nuvaṇa læbū pudgalayanṭa ya.|default
sin_01_03121|in pasut ē purudda nisā ā bælliyaṭa āhāra pānayen saṁgraha keḷēya. terun kaḷa kuśalakarmayē vipākayen idinma bohō gitel - mī - sakuru ādiya læbuṇi.|default
sin_01_01454|ē pirisē æs aṉda vuvahot raṭē ārakşāvaṭa kumak vēda? sēyārū - rukmāl gamagē.|default
sin_01_02008|niravul oppu. jala gælīm hā nāya yǣm avadānam valin torayi.|default
sin_01_03130|antimē dī bhāgyavatun ē kāśyapayā rahat vū hō rahat maṉgaṭa bæssa hō keneku no vana bava vadārā ohugē mānaya duru kaḷa sēka.|default
sin_01_01128|digin digaṭama ekama nambar valin misḍ kōl enavanam blok karalā dānna puḷuvan.|default
sin_01_02131|mama hoṉdinma danna deyak tamayi mē daruvō dinapatā pāsal pæmiṇimen pudumākāra mānasika sænasillak labanavā. guruvaru daruvanṭa ādareyi.|default
sin_01_02552|ē venakoṭa ahala pahaḷa aya kǣgasamin ratiññā dānna paṭan gattā. mē taniyā issaraha gedaraka janēlayakaṭa gahana śabdaya æhilā mama ṭōc eka gæhævvā. ṭōc eḷiya pættaṭa eḷavāgena āvā.|default
sin_01_00930|rajun samīpayē siṭa pamaṇaṭa vaḍā katā no karannē ya.|default
sin_01_02831|sævæt nuvara tissa nam keḷembi putrayek hataliha kōṭiyak aganā vastuva tamāgē bāla sohoyuru cūla tissaṭa bhāra koṭa pævidiva āraṇya sēnāsanayaka vidasun vaḍamin vāsaya karayi.|default
sin_01_00495|trāṇayō dedenek, leṇayō dedenek, saraṇayō dedenek, parāyaṇayō dedenek, acyutayō dedenek, amṛtayō dedenek, nirvāṇayō dedenek ædda?|default
sin_01_02146|esēnam āṇḍuva tavamat mē avatæn janatāvagen paḷiganimin siṭina bavat ovunṭa puravæsiyan lesa sælakīmaṭa asamat bavat pæhædiliya.|default
sin_01_01363|hæmadāma iskōlē evanna kiyalā loku iskōlē mahattayā tāttāṭa tarayēma avavāda kaḷā.|default
sin_01_00402|dṛşṭiya vastu no veyi, vastuva dṛşṭi no veyi.|default
sin_01_03225|manuşyatvaya durlabha ya. satvayan gē divi pævætvīma dukasē kaṭayutu ya. saddharma śravaṇaya durlabha ya.|default
sin_01_02461|hæṉdala lāduru rōhala, væḍihiṭi satkāra rōhalak lesa saṁvardhanaṭa piyavara gannā bava saukhya, pōşaṇa hā dēśīya vaidya amātya rājita sēnāratna mahatā pavasayi.|default
sin_01_01391|mahācārya vimal balagallē, mahācārya bandusēna guṇasēkara, kumāratuṁga munidāsa, mahācārya ānanda kulasūriya, mahācārya jē.bī. disānāyaka.|default
sin_01_02836|mahabōsatāṇō atin da samahara avasthāvala dī prāṇaghāta - adattādāna - kāmamithyācāra - surāpāna akuśala karmayan sidu vī æta.|default
sin_01_00178|sǣma tænama tamāṭa pradīpa dæl vē.|default
sin_01_00185|visi aṭa vatāvak sakviti raja bava da læbuvā.|default
sin_01_02906|pavin væḷakī siṭīmat pahasu karuṇak no vē. pavin væḷakī siṭinnaṭa vīmat manuşya pañcaskandhaya æti kara gænīma sambandhayen æti ek dukeki.|default
sin_01_01581|apē raṭē ārthika toraturu vides samāgamak ataṭa patvīma ārakşāvaṭa tarjanayak.|default
sin_01_00009|pūjā satkāra kirīmen læbiya hæki kuśalaya gæna kiyanuma kima? eya siyalu duk duru kara gænīmaṭat siyalu sampat læbīmaṭat hētu vana kuśalayeki.|default
sin_01_02791|puṇṇa : mohu tiyuṇu sætin pæhæra mā divi no nasati. e bævin mohu manā minis kenekæ yi sitami.|default
sin_01_02062|'mama ē viśvāsaya rakinna ōna...' kiyamin ramēş vāhanaya idiriyaṭa dhāvanaya karanna paṭan gattēya. 'bittara rakinavā vagē viśvāsaya rakinna bǣ ramēş'|default
sin_01_01720|duvagē dat kækkumaṭa behet gēnna giya sivdaru piyā vana ali paharin maruṭa.|default
sin_01_03099|sūtra piṭakayaṭa ayat potvala æti sūtravala ekinekaṭa sambandhayak nættē ya.|default
sin_01_02196|ē asse sajit mahattayāṭa ivasilla nǣ. eyā nāyakatvayaṭa pora kanavā. saṭan karanavā. etakoṭa ranil mahatmayā nāyakatvaya atharinnē nǣ. sajit mahatmayā saṭana atharinnē nǣ.|default
sin_01_02266|ekavara saṭan peramuṇu kihipayaka saṭan kerumaṭa anāgatayēdī rajayaṭa siduvana bava bælu bælmaṭa penennaṭa æta.|default
sin_01_01203|pænalā yannē nǣnē. æpa panatē dahahatara vagantiyaṭa væṭena varadak tibenavāda?|default
sin_01_02822|'maharajāneni, mesē nirvāṇaya ekānta vū sæpa ættē ya, dukin miśra nættē ya. nivan soyana duka anikeka, nivan anikekæ' yi vadāḷasēka.|default
sin_01_02328|ovungen ǣtvelā karana deyak. ǣta paḷātvala ammalā - tāttalā dannē nætuva æti magē daruvā davasakaṭa krīḍāva venuven mona taram kaṭṭak kāgena puhuṇuvīm karanavāda kiyalāvat.|default
sin_01_01419|puḷuvan nam tamangē agamætikamaṭa pakşava ekasiya visipaha neveyi, ekasiya dahatuna neveyi, ekasiya dekaka atsan penvanna.|default
sin_01_00047|pratisandhiyak gena dīmaṭa taram śaktiya næti karmayō, janaka karmayakin bhavayehi upan sattvayā haṭa varin vara sæpa duk gena deti|default
sin_01_02319|saṁkhāra saha viññāṇaya atara pavatnā sabaṉdatāvaya haṉdunāgænīma atiśayin vædagat ya. viññāṇaya vartamāna phalayak vannā sē ma anāgata phalayak da vannē ya.|default
sin_01_02113|dēśapālana ayitiya ahimi rājya niladhārīnṭa kumana avasthāvaka hō dēśapālana kaṭayutuvala niratavīmaṭa nohækiyi.|default
sin_01_02929|'mevæni caityayak ḷaṉgaṭa pæmiṇa mal pudamin hæsirenṭa labannō da mihiri baṇa asanṭa labannō da ēkāntayen bhāgyavantayō veti'yi sitana ǣṭa udvēga prītiya upaṇi.|default
sin_01_02695|aramuṇa gæna pudgalayā gē adahasa kumak vuvat hoṉda aramuṇehi æti vannē kuśala vipāka sit ya. esē ma naraka aramuṇehi æti vannē da akuśala vipāka sit ya.|default
sin_01_00228|suppiya nam pirivæjiyāt bambadat nam taruṇa atævæssā samaṉga rajagaha nuvaraṭat nālandā nuvaraṭat ataræ vū dik maṉgaṭa piḷipannē vē.|default
sin_01_00802|bamuṇan kerehit bamuṇō ya yi sammata no veti.|default
sin_01_02937|bhikşūn visin taman lat āhāra pāna vastra bhaişajyādi pratyayen saṁgraha kirīmaṭa sudussō da nusudussō da veti.|default
sin_01_02900|avakāśa æti æti sæṭiyaṭa semin bhāvanāvehi yedenu kæmatiyanṭa vidarśanā bhāvanā kramaya namæti potē dækvena bhāvanā kramaya yōgya ya.|default
sin_01_02270|ē ayurin etumā nirata vū vividha kalā mādhya aturin vaḍāt prakaṭa vūyē, gīta nibandhana sampādanaya kirīmaṭa ya.|default
sin_01_00584|ebævin api mohugē niyassakarmaya sansiṉduvamu yi.|default
sin_01_00686|gaṇiyi da sparśa kereyi da, dukuḷāævæt dekeki.|default
sin_01_02853|karmasthānayen tora va ma āpasu aramaṭa eyi. mohu gōcara sampajaññayen sarva prakārayen tora vū pudgalayā ya.|default
sin_01_00099|æsaṭa hamuvīmen yamak dat kalhi penuṇēya kiyā hō duṭuyēya kiyā hō kiyati.|default
sin_01_00632|ē rūpayen mæḍa danmi, dakmi yana mebaṉdu saṁgnā ættē vē da,|default
sin_01_01596|ehidī ovunṭa dænaganna læbuṇē eya sārthaka vī āṇḍuva væṭena bavayi.|default
sin_01_03263|dvēşa pākşika klēśayanṭa pratipakşa vū dharmayan pavatnā vū tænættā gē santānayen dvēşa pākşika klēśayō bæhæra veti.|default
sin_01_01059|ema æmuṇum rajayē mudraṇālayē mudraṇaya karavā ayavæya vivādaya ataratura kālayē sǣma mantrīvarayekuma ataṭa patkaranu læbuvā.|default
sin_01_00924|yamek pævidi karannē nam, dukuḷāævæt vē yi vadāḷa sēka.|default
sin_01_01007|svāmīni, mama bhikşūnṭa uvæṭan no karannek vemi.|default
sin_01_02759|'yahapata, svāmīni, nāgasenayan vahansa, ē esē ma vēvā. dæn numba vahansē māgē vişayaṭa ma pæmiṇa vadāḷasēka'|default
sin_01_01264|jayanta patiraṇa mahatāgē meheya vīmen polis særayan saman (tis hāradahas anū haya), kostāpal madhurasiṁha (hættǣdahas pansiya hættǣ eka) yana aya parīkşaṇa meheyavati.|default
sin_01_00465|sattvayā maraṇin matu no ma veyi no ma no vē.|default
sin_01_02179|ēkaṭa kamak nǣ... heṭa ma... nemē adama... adama... gihillā vaṭalanna malli.|default
sin_01_01795|sajit mætivaraṇayaṭa viyadam kaḷa kōṭi visi hata dunnē kavuda?|default
sin_01_01555|hættǣlakşa panasdahas tunsiya anū aṭa. gē dora iḍakaḍam uvamanāyi. baddaṭa aluten paṭan gannā satva govipaḷakaṭa gampaha distrikkayen dīrgha kālīna baddaṭa pol iḍamak avaśyayi.|default
sin_01_02750|arhan mārgagnāna saṅkhyāta bōdhiya da śrāvaka bōdhiya pratyēka sambōdhiya mahābōdhiya yi tun ākāra vē. ē tun bōdhivalaṭa tuntarā bōdhi ya yi da kiyanu læbē.|default
sin_01_02642|mahakasup teraṇuvō satvisi kōṭiyak dhanayaṭa himi va siṭi keneki. yasa terun vahansē bohō dhanaya æti siṭu pavulaka keneki.|default
sin_01_01563|esēt nætinam javipeṭa erehi vana kaṇḍāyamvalaṭa viruddhava bhīşaṇaya pætirū kaṇḍāyamayi.|default
sin_01_00016|e bævin mahā kāruṇika vū tathāgatayan vahansē apaṭa pihiṭa vanu piṇisa kaḷa kriyā rāśiya da itā mahat bava data yutu ya.|default
sin_01_02112|vayasa panaha siṭa hæṭa atara kār riyaduru mahatek uvamanāyi. piḷiyandala koṭṭāva maharagama avaṭin.|default
sin_01_00244|meya apa kerehi ættē vē.|default
sin_01_02803|'piṭathi bhayek nam nætæ' yi yanādīn nindā koṭa keḷa damā tamā vasana geṭa ma gos vanha.|default
sin_01_02650|'pratipattiya ārakşā karana sæṭi dæna gena pratipattiya rækagena siṭiyā ma hoṉdaṭa ma ætaya' yi kiyā lōkayā muḷā karati.|default
sin_01_00334|ikbiti ē bhikşūhu bhāgyavatun vahansēṭa mepavat sæḷa kaḷaha.|default
sin_01_00521|ātmaya rūpavat koṭa hō ātmayehi rūpaya ætæyi hō rūpayehi ātmaya ætæyi hō dakiyi.|default
sin_01_02765|bhavayaṭa ætuḷat vūsēka. lokayā kerehi lokayā hā sādhāraṇa vūsēka. eheyin ē sarvagnayāhaṭa karaṇa lada pūjā satkārayatema vaṉda vannē ya.|default
sin_01_02691|ætæm pinvatun viśēşayen saman mal pidīma karana bævin ē saṉdahāt, kiri āhāra pudana bævin ē saṉdahāt gathā racanā karana ladī.|default
sin_01_03182|paṇḍupalāsa yanu pævidivīmē balāporottuven pāsivuru piḷiyela kerena turu vihārayē vesena tænættāya.|default
sin_01_03294|mesē buduguṇa menehi karanu. mehi dakvana laddē pahasuven avabōdha kaḷa hæki - tērum gata hæki buduguṇa svalpayaki.|default
sin_01_01162|maṁ kalpanā karā mokak hari væradi deyak magē atin kiyavuṇā vatda kiyalā.|default
sin_01_00321|arhat vū buduradun visin vadāraṇa laddē ya.|default
sin_01_02187|kækirāva - dharmasēna dāniyagama. kækirāva adhikaraṇa kalāpayē sāmavinisuru saṁvidhānayē ræsvīma visi tunadā.|default
sin_01_02381|rajaraṭa viśva vidyālayē vaidya pīṭhayē mahācārya sisira siribaddana, mahācārya sunet agampoḍi, vaidya amarasiṁha yana ayayi.|default
sin_01_00078|kīma kesē kaḷat sæma kalhi ma sita kriyāvak vaśayen ma sælakiya yutu ya.|default
sin_01_02156|evakaṭa lēkhavus pālaka lesa kaṭayutu kaḷa raṁjit vijayavardhana mahatā.|default
sin_01_02894|'oba vahansē cakravarti raja vanna' yayi kī bava majjhima nikāyē sēla sūtrayehi saṉdahan vē.|default
sin_01_03210|ehi kusala dharmayō kavarahu da, yam kaleka kāmāvacara kusal sitak upannē vī nam mē dharma kusal ya. ē kuśala dharmayanhi prabhēda gata ñāṇaya dharmapratisambhidā yæ.|default
sin_01_01474|dedahas dahaaṭa janavāri māsayēdī kṛşikārmika yedavum, kuḷubaḍu saha rabar nişpādita ānayana viyadama pahaḷa giyēya.|default
sin_01_02593|tava da, maharajāneni, parvataya uḍaṉgu no vannē ya, yaṭat no vannē ya. maharajāneni, eparidden ma yogī vū yogāvacarayā visin lābhālābha dekhi kæḷambīmak no kaṭa yuttē ya.|default
sin_01_00115|ē siyallen ma kiyævennē sita ma ya.|default
sin_01_03217|pāvā nagarayen piṭat vū tathāgatayan vahansē kusinārā nuvara malla rajavarun gē upavartana nam sal uyanaṭa væḍama koṭa yamaka śāla vṛkşayan atarehi panavana lada āsanayehi sætapuṇu sēka.|default
sin_01_02115|edina savas varuvē neḷum pokuṇē raṭaval kihipayaka sahabhāgitvayen saṁskṛtika saṁdarśanayak pævætvenavā. dāhatara vænidā avasāna sæsiya mahanuvaradī pævætvenavā.|default
sin_01_00713|tavada, manāva purudu karanalada karmayāgē vipākaya no næsē.|default
sin_01_00720|tepi sālavatikāvaṭa adhipati væ vasanuvō no vahu da?|default
sin_01_00897|mē temē mē arthayehi bhikşu yi adahas karaṇa ladī.|default
sin_01_02893|'pakşiyā ugē chāyāva dæka nǣyan pæmiṇiyē ya' yi sitā nāda pavatvannaṭa viya. sakaḷa nagarayē ma manuşyayō ē haṇḍa asā mat vūha.|default
sin_01_01535|sælasum śilpīn genvā væḍamuḷuvak pævætvīmaṭa yōjanā karanavā. hiraṇa, galtuḍē susāna bhūmiyaṭa ādāhanāgārayak avurudu doḷahak tissē illanavā.|default
sin_01_00282|yali yali vīryyayehi yedīmaṭa pæmiṇa (puna punā væra vaḍā),|default
sin_01_00819|manasin dahamak sitā somnasaṭa karuṇu vū dahamekæ yi pirisiṉdiyi.|default
sin_01_02702|'svāmīni, nāgasēnayan vahansa, ē esē ma vēvā. ē vadāḷa kāraṇayehi rahatan vahansē itiri koṭa tabana lada vēvā'|default
sin_01_01597|sækakaru sambandhava væḍidura parīkşaṇa mātara mūlasthāna polisiya sidu karayi.|default
sin_01_00312|agramārgayāgē utpādakşaṇayehi da yam sitakaṭa anaturu væ agramārgaya piḷilabannāhu nam ē cittayāgē utpādakşaṇayehi da,|default
sin_01_02125|utsāhayen jaya læbīmaṭa hæki veyi. tænpat dhanaya væya vana kāraṇayak mē mē satiyē dī yedenu æta.|default
sin_01_00758|no ma saṁgnā ættekut saṁgnā nættekut vannemi yi yana meya maññanāveki.|default
sin_01_02279|pasugiyadā āsiyānu saṁvardhana bæṁkuva purōkathanaya kaḷē dedahas vissa dakvāma apē ārthika vardhana vēgaya vardhanaya viya hækkē tunayi daśama haya siṭa tunayi daśama aṭa atara pramāṇayakin bavayi.|default
sin_01_01248|dæn mē ayaṭa amu tē dalu kilōvak denna velā tibennē rupiyal hættǣva k væni aḍu mudalakaṭa.|default
sin_01_00187|vişama sthāna valaṭa yana viṭa samavennā ha.|default
sin_01_01005|svāmīni, kumak karam dæ yi bhāgyavatun vahansēgen æsī ya.|default
sin_01_03036|mænævin asava, bamuṇa! yamkisi æt pālakayek ætun vasanā vanayaṭa giya viṭa manahara piya saṭahanak dakiyi.|default
sin_01_01848|oba mē tattvaya dakinnē kohomada? mēkaṭa denna tibennē sarala uttarayak vitarayi.|default
sin_01_02185|tærævkaruvan eken ekā vimasamin maha moḷakaru soyā yaddī bohōviṭa ohu aturudan vē.|default
sin_01_00657|kāmayehi varadavā hæsirīmen væḷakīmē śikşāpadaya.|default
sin_01_02307|ema auşadha niyamita vēlāvaṭa anivāryayen labā gata yutumaya. vatura svalpayak samaṉga auşadha pānaya kirīmen rudhira parīkşaṇayaṭa kisidu ahitakara balapǣmak sidu novē.|default
sin_01_01466|minis paribhōjanayaṭa nusudusu bhāṇḍa alevi kara adhikaraṇaya maṉgahæri hataradenakuṭa varentu.|default
sin_01_01525|maṭa mē jīvitē epā velā. jīvitē epā velā nam mærenavā...|default
sin_01_02260|gevalvala yāna vāhana tiyena ayaṭat, rækiyā karana ayaṭat samṛddhiya alutin dunnā.|default
sin_01_02473|budu rajāṇan vahansē igænvūyē vairayen vairaya nosansiṉdena bavayi; avairayen vairaya jaya gata yutu bavayi. ada api iṭu karaganna balāporottu vana aramuṇehi haraya eyayi.|default
sin_01_00721|topa pasupasin ek puruşayek da topa anuva giyē ya.|default
sin_01_00870|mahāvīrayan vahansa, adat rāga, dveşa, moha trividhāgniyen dævennā vū mā nivū sēka.|default
sin_01_00089|anun gē dīma pavā no ivasana ē tada masuru bavaṭa kadariyatāvaya yi kiyanu læbē.|default
sin_01_00787|piyāṇeni, mama vanayen gamaṭa avut kebaṉdu vū śīlayak kebaṉdu vatak kebaṉdu puruşayaku æsuru karam da.|default
sin_01_01938|vēdikāva, rūpavāhiniya, sinamāva yana kşētra tunaṭama daskam dækvuvat vijaya nandasiri kalākaruvā pem bændē vēdikāvaṭa.|default
sin_01_01996|vūhān siṭa lāṁkīkayin meraṭaṭa genā guvan kārya maṇḍalayē viśēşa mādhya hamuva.|default
sin_01_01141|aneka mæṭi vyāpārikayō mæṭi kapannē kisima kramavat vidhiyaṭa nemē.|default
sin_01_00097|æsehi rūpayak gæṭuṇu kalhi eya piḷibaṉda dænumak hevat sitak pahaḷa vē.|default
sin_01_02136|laṁkāvaṭa sīni denna puḷuvan sīni karmānta śālā tibbā. dakuṇu āsiyāvē hoṉdama vī nişpādanaya tiyennē mehē.|default
sin_01_03055|maṭa anyayanṭa men dhanaya næta. nǣyan næta. ugat kam næta yanādīn tamā pahat koṭa gannā svabhāvaya hīnamānaya ya.|default
sin_01_02907|andhakārayaṭa pratipakşa ālōkaya sē lōbhayaṭa pratipakşa vū lōbhayaṭa næṉgī siṭīmaṭa iḍa no dennā vū lōbhaya mæḍalannā vū ektarā svabhāvayak æta.|default
sin_01_00175|apa budusasunēdī sat avurudu viyēdī nivan dækīmaṭada ē pina upaniśraya vī æta.|default
sin_01_03139|nævata anekak kiyanu læbē. mahaṇeni, anāgata kālayehi kāyabhāvanā nættā vū śīlabhāvanā nættā vū cittabhāvanā nættā vū bhikşūhu æti vannāha.|default
sin_01_00398|dæna dæna boru kiyannāhaṭa tun ayurekin paciti ævæt vē.|default
sin_01_02233|krīḍakayō dennek vibhāgaya nisā mē taragāvaliyaṭa āvē nǣ. kalin mē taragāvaliyē hoṉdaṭa pandu yævvā. ohu vēga pandu yævīmen tamayi kalin vaḍāt katābahaṭa lakvuṇē.|default
sin_01_00980|saṉganaṭa hō gaṇayaṭa hō puṉgulhaṭa hō nisæjiya yutu ya.|default
sin_01_01309|pasugiya dasa vasara ætuḷata baṁgalidēśa ægalum karmāntaya yurōpā saṁgamayē prabala sthānayak atkara ganimin peraṭa eyi.|default
sin_01_02000|jusēvās māvata hā kōvila pārē asīmita bhūgata jalayaṭa hētuva naḷa ḷiṁ dekak.|default
sin_01_02925|tela madrīdevīn dan dun vēlehi mahapoḷova kampā vī ya, dedaruvan dan dun vēlehi da mahapoḷova kampā vī ya.|default
sin_01_02158|vyākaraṇa nodannā hō nodannā sē siṭina aya tama lēkhana, bhāşāva piḷibaṉda paricayak ættan lavā parīkşā karagannā ayuru mama dæka ættemi.|default
sin_01_00442|yam kalekæ dṛşṭigatayangē prahāṇaya piṇisa, prathamabhūmiyaṭa pæmiṇīma piṇisa, nairyyāṇika vū apacayagāmī vū lokottaradhyānaya vaḍā da, kāmayangen ven va ma.|default
sin_01_02971|piḷigænīm paribhōga kirīm sidu vuvat nuvūvat kalin æti vū kuśala cētanāva evāyin siduvana amuttak næta.|default
sin_01_02195|mē āṇḍuvaṭa balaya læbuṇaṭa hækiyāvak næhæ. labana aprēl visi paha vanaviṭa maha mætivaraṇaya pavatvayi.|default
sin_01_02182|etæninut balalā gala diyamantiyak kivvā. magen æhævvā kohenda hamba vuṇē kiyalā.|default
sin_01_01964|galvala veraḷa āsannayē vana vagāva atarē anavasara avanhalak.|default
sin_01_01112|kulatuṁgagē meheyavīmen ehi aparādha aṁśayē sthānādhipati polis parīkşaka ē.en.pī. jayaratna.|default
sin_01_03060|maha bōsatāṇan vahansē 'mā nisā anunṭa pīḍā kirīmak næta'ya yi yōdhayan væḷækvūha. dabbasēna kāsi raṭaṭa ætuḷu vū pasu da, yōdhayō bōsatāṇan vahansēṭa esē ma sæla kaḷaha.|default
sin_01_02847|anitya, duḥkhaya, anātmaya yana mē vacana nitara asā purudu bævin anityādi lakşaṇatraya no gæmburu deyak sē væṭahiya hækiya.|default
sin_01_01478|mē dihā hoṉdin balāgena hiṭiyama pēnavā mē hæmōma ekaṭa hiṭiyaṭa tanivayi inne kiyalā.|default
sin_01_00900|mē pudgala tema mē bodhyaṅgayan mē aramuṇehi samavadhāna kerē.|default
sin_01_02575|ē behet paribhōga karanu kæmati bhikşuva visin ek varakadī satiyakaṭa sǣhena pamaṇaṭa piḷigata yutuya. piḷigat dē satvana dinayē avasan kaḷa yutu ya.|default
sin_01_01495|deviyangē mulma pūjāvaṭa ārādhanā læbuṇa hamudā niladhārin bohoma satuṭu vunā.|default
sin_01_02594|cakşurdvāra vīthiyak æti vetot æti vannē rūpārammaṇayak cakşuḥ prasādayehi gæṭīmen ma ya.|default
sin_01_02106|varin vara guvanviduliya ossē æsena obagē kaṭahaṇḍaṭa mā pem bændē kāṭat hora rahasē ya. mē atara apē nivesaṭa nitara ā giya keneki.|default
sin_01_01895|manda mānasika panas tuna hæviridi putāṭa nivesak tanā dennæyi mavak illayi.|default
sin_01_01767|basnāhira paḷāt āyurvēda depārtamēntuven lēkhavus āyatanayē sēvakayanṭa pratiśakti vardhaka auşadha kaṭṭala hayasīyak.|default
sin_01_01177|esē nokarapu niladhārīngē nila æṉdum galavalā dānna ōnǣ.|default
sin_01_02859|itā miṭi asunaka nidana tænættā gē æṉgaṭa mīyanṭa hā sarpayanṭa pahasuven ma pæmiṇiya hæki ya.|default
sin_01_03050|mē samayehi budurajāṇan vahansē cārikāvehi vaḍimin siṭiyaha. mē veḷendāṭa munvahansē savas kālayaka hamuviya.|default
sin_01_02637|upacaya - santati - jaratā - aniccatā yana mē satara lakşaṇa rūpayō ya. upacaya - santati yana vacana deken ma kiyævennē rūpayan gē utpādaya ya.|default
sin_01_02123|etumā mā mul varaṭa haṉdunā gannē ḍī.es. sēnānāyaka viduhalaṭa patvīmak læba, ehi giya varşa ekdahas navasiya hættǣ hata novæmbar masa tisvæni dinadīya.|default
sin_01_03291|pañcavidha bījayan hā ēvāyin haṭagat amu gasvæl taṇa siṉdīmen biṉdīmen væḷakuṇē veyi, ek batak vaḷaṉdannē rātribhōjanen væḷakuṇē vikāla bhōjanayen væḷakuṇē veyi.|default
sin_01_01052|apa pasupasin anit ḷamayi da āha. apa āpasu ena viṭa kokā siṭiyē gē dorakaḍa bima ya.|default
sin_01_01670|'mē pālanaya api idiriyēdīt pālanaya karanavā yæyi kiyana eka mama tamunnānsēlāṭa sahatika venavā' yæyi śrī laṁkā podujana peramuṇē janādhipati apēkşaka gōṭhābhaya rājapakşa mahatā pævæsīya.|default
sin_01_01652|pāṭa pakşa āgam bhēda mē kisivak nomætiva api korōnā uvadura hamuvē janatāva samaṉga siṭiyā.|default
sin_01_00476|sedagæmiphala pasak karannaṭa piḷipan|default
sin_01_01783|itihāsayē paḷamu vatāvaṭa japānaya ragbi lōka kusalāna ardha avasan pūrva vaṭayaṭa.|default
sin_01_02560|aliyā galavapu maññokkā paṉdura midulaṭa visi karalā kǣ gahagena divvā.|default
sin_01_01590|kavadat behevin hæṉgumbara vākkōşayak himi lāl ayiyā æsū mā niruttara vū praśnayak mehi saṭahan karami.|default
sin_01_03069|mē gāthāvalin arindama rajatumāṭa pasē budun vahansē visin dakvā vadārā ættē pævidi sæpayen suḷu koṭasaki.|default
sin_01_00938|lokayaṭa anuttara puṇyakşetra pudgalayō sat deneki.|default
sin_01_03198|'tacapañcaka karmasthānaya' yanu kes - lom - niya - dat - sama yana mē śārīrika koṭas pasa piḷibaṉda satipaṭṭhāna bhāvanāva ya.|default
sin_01_02015|mevara maha mætivaraṇaya dakuṇē mætivaraṇa itihāsaya venas karamin dakuṇē pārlimēntu āsana visi tunen dahanavayak podujana peramuṇaṭa labā demin suviśēşī viśişṭa jayagrahaṇayakin nimāvaṭa pat viya.|default
sin_01_02690|pragnāvanta vū mē denama nobō kalakinma tripiṭakadhārī vyakta bahuśruta bhikşūn denamak viya. esēma vinaya viniścayē da ati dakşa vūha.|default
sin_01_01961|'tō ahuvenna epā maraṇavā inna tæna dannavā' pohoṭṭuvē mantrivarayekuṭa maraṇa tarjana.|default
sin_01_03098|prathama dhyānayaṭa pæmiṇa visīma parama dṛşṭadharma nirvāṇaya yi kīma ek dṛşṭadharma nirvāṇa vādayeki.|default
sin_01_00516|asaṅkhāraparinibbāyī utsāha rahitava pirinivennē veyi.|default
sin_01_00560|unvahansē aṭa dahasak havurudu gihigeyi visūha.|default
sin_01_02591|dharmavalin ma buduruva tamāgē sitin nirmāṇaya kara gena vandanā karana mē kramaya pæraṇi puskoḷa potaka tubū durlabha vandanā kramayaki.|default
sin_01_01793|ē paraṇa pattara vikuṇū gæhæniyagē sæmiyā æyaṭat nodanvā mē mudala pattara miṭiya tuḷa saṉgavā tibiṇa.|default
sin_01_00813|bhikkhunī nam, de saṉgun kerehi upasapan vūvā.|default
sin_01_01191|heṭa davasē abhiyōga ada davasē bādhāvak karagatayutu nǣ.|default
sin_01_02533|hapugoḍa paññākitti himigē hættǣ væni janma dinaya samarā pinkam ræsak.|default
sin_01_02281|gāmiṇī fonsēkāgē raṁganayē tibena suviśēşī hækiyāva nidhānaya tuḷin ismatu venavā.|default
sin_01_00703|idin, æsa, kana, næhæya, diva, kaya daknē vē nam,|default
sin_01_00315|anaññātaññassāmītindriya hā aññindriya|default
sin_01_02228|meya demaḷa, siṁhala kāṭat poduvē vædagat kāryālayak. yuddhaya nisā magē pavulē kihipa denaku aturudan vuṇā.|default
sin_01_01552|anārakşita bavin hā hudakalā bavin paḷā yǣmē prārthanāvak hæruṇu viṭa ohu satu venas abhimatārtha næta.|default
sin_01_00150|ajapal nugaruk karā yāma|default
sin_01_02485|ruvanvællē saukhya vaidya niladhārīngē hiṉgayak.|default
sin_01_00223|hatara, ahōsi karma kiyā ya.|default
sin_01_01643|'ācci upan geya dækīmaṭa āsā dæyi' mā æsu kaḷa ranil eyaṭa kæmætta paḷa kaḷēya.|default
sin_01_00738|dṛşṭiya vastu no veyi, vastuva dṛşṭi no veyi, dṛşṭiya anekaka vastuva anekeki.|default
sin_01_03023|ē nirvāṇa dhātuvehi dik bava da, keṭi bava da, kuḍā bava da, mahat bava da, lassana bava da, kæta bava da yana siyalu rū saṭahan niruddha vē.|default
sin_01_03014|aṉduru kāmarayaka pahanak dælvuva hot ē hētuven ehi ālōkayak æti vē.|default
sin_01_00122|śuddha jalayehi samīpayē pihiṭi vastūngē chāyā penē.|default
sin_01_01110|kīvē maitrī pālanayak - geniyannē tuccha pālanayak!|default
sin_01_00032|ætæm sattvayanaṭa anun næsiya hæki ṛddhi utpattiyen ma pihiṭā tibē.|default
sin_01_02063|rǣ pāsala apaṭa alutma atdækīmak. apē pantivala ḷamayi ræsak mē pāsalaṭa enavā. uturē siṭiyat dakuṇē siṭiyat pāsal daruvan koyi kavurut udē avadi vennē ekama balāporottuvakini.|default
sin_01_02013|namut eya koḷambaṭa durin pihiṭā æti nisā jagat maṭṭamē taraga pævætvīmaṭa bādhā ella vī tibē.|default
sin_01_01651|mīṭa amatarava ema peramuṇē tavat ræsvīm mālāvak ada davasa purā hambantoṭa distrikkaya kēndra karaganimin pævætveyi.|default
sin_01_00077|'minisā sitin dæna gannēya' yi kiyanuyē sita upakaraṇayak vaśayen gænīmeni.|default
sin_01_01587|ē nisā krōdhaya aḍu karagatta kenakuṭa, krōdhaya prahānaya karagatta kenakuṭa pamaṇayi suvasē nidāgænīmaṭa hækiyāva læbennē.|default
sin_01_02820|'lābha satkāra gena ena minissu movun ma soyati. magē nama kiyana kenek næta. kavurun hā ekva kavurun pahadavā gena mama lābha satkāra nipadavā gannem dæ?'yi sitī ya.|default
sin_01_01536|ohu mē bava pævæsūvē dambadeṇiya kāntā bala maṇḍalayē sāmājikayan venuven siya nivesē pævæti janahamuvakadīya.|default
sin_01_01204|namut āgamika nāyakayan oba pakşayaṭa diri dena bavak penennaṭa næhæ. 'næhæ eya værædiyi'|default
sin_01_01002|skandhayō saṁskāra skandha veyi yat, saṁskāraskandha skandha da saṁskāraskandha da veyi.|default
sin_01_00684|khēmā meheṇa karā eḷamba mama sakasā paripṛcchā kaḷamu.|default
sin_01_02973|pasuva svarṇatilakāvagē sæmiyā vū uddāla brāhmaṇayā da svarṇatilakāvagē maraṇayen haṭagat śōkayen ginnaṭa pæna divi nasā gattē ya.|default
sin_01_01722|hoṉda nirmāṇayakaṭa ārādhanā āvot salakalā balanavā... tamārā pavasā tibuṇā.|default
sin_01_01103|liṁgika hiṁsana cōdanāvaṭa lakvū sēvakayin gūgal samāgamen nerapayi.|default
sin_01_02877|'kisivak no viṉdinnē ya' yi kīsēka. 'viṉdinnē kavarak da? no viṉdinnē kavarak dæ'yi kīha. 'maharajāneni, kāyika vū vēdanāva viṉdinnē ya'|default
sin_01_01863|santōsa venna mantritumā givisum assan nokaḷāṭa. ada venakoṭa givisum hatalis tunak assan karapu ēvaṭa mudal gevāganna bæruva innavā. lēkamvariya assan karannē nætuva gihin.|default
sin_01_02576|kavara ākārayakin hō sparśaya æti vuva hot vēdanāva æti vīmaṭa kisi bādhāvak næta. vēdanāvagē utpattiya væḷækvīmaṭa samartha balayak hō pudgalayek da næta.|default
sin_01_01604|boralampota nava gammānayē padiṁci kaḷa pavul apadravya kaḷamanākaraṇa madhyasthānaya nisā avul.|default
sin_01_01092|gam maṭṭamin bim maṭṭamin itā sārthakava eya sidu kerenavā.|default
sin_01_02186|meraṭa hodama bodu bæti gī kihipayakaṭa saṁgīta tanu nirmāṇaya keruṇē da katōlika hindu saha islām saṁgīta viśāradayan atini.|default
sin_01_00614|ē atbævin cyuta va minisat bavaṭa pæmiṇennē ya.|default
sin_01_01301|janatāva nitara nitara karmānta śālāva vahanna kiyaddī sati deka tunak yanakaṁ mē tīraṇaya ganna bærivuṇā.|default
sin_01_02646|ēvāyin samaharak æsaṭa hita ya. lassanaya kiyanuyē ē æsaṭa hita vastūn ya. ætæm vastūhu æsaṭa ahita ya. kætaya kiyanuyē ē vastūn ya.|default
sin_01_02775|mitra pratirūpakayō mitrayan sē penī siṭina saturō ya. pāpa mitrayō yayi kiyanuyē da ovunaṭa ma ya.|default
sin_01_00189|pātra ādhāra himi pera sikhī budu himiṭa pātra ādhārayak pudā samantavaraṇa nam sakviti raja viya.|default
sin_01_02711|udē paha ṭat pahayi tiha ṭat atara kālayē aruṇa næṉgennē ya. eya nægenahira diga ahasehi dækiya hækiya.|default
sin_01_02693|devanuva da vaṉdimi. tevanuva da vaṉdimi. numba vahansēgē aurasa putra mahā saṁgha ratnayaṭa da vaṉdimi. devanuva da vaṉdimi.|default
sin_01_01340|baṇḍāragama jātika pāsal sisu sisuviyan yaḷi pāsalaṭa.|default
sin_01_03030|janayāgē sit tallu kara damana, ǣt kara damana svabhāvayak mahalu katagē sirurehi æta.|default
sin_01_00966|visituru kaḷayak geṇa mama ehi suvaṉda pæn dinimi.|default
sin_01_00415|budurajānan vahansēgē sasuna karaṇaladī.|default
sin_01_01263|mē hāniyaṭa vagakiyanna ōna trikuṇāmalaya nagara sabhāva, nāgarika saṁvardhana adhikāriya vagēma veraḷa saṁrakşaṇa depārtamēntuva.|default
sin_01_02243|etumāṭa ema veḍi paharaval vædīmen pasu papuva allāgena nivasa ætuḷaṭa yaddi sōmārāma ē piṭupasa giyaha. ohu mā vetat rivōlvaraya ella kaḷēya.|default
sin_01_02852|vatpiḷivet kirīmehi dī hā væṉdum pidum kirīmehidī da pirit ādiya kīmehidī da baṇa æsīmehidī da bhāvanā kirīmehidī da æti vannē kusal sit ya.|default
sin_01_00095|eya kriyāvak vuvada vyavahāra pahasuva piṇisa dænīma karana kartṛ śaktiya æti dravyayak sē da karaṇa śaktiya æti dravyayak sē da vyavahāra karanu læbē.|default
sin_01_02458|spāñña pā pædi savāriyē tavat adiyarak avasan.|default
sin_01_00845|mahaṇeni, ē bhikşūngē æsīma da behevin upakārīyæ yi mam kiyami.|default
sin_01_03044|ē ek kramayaki. esē vaṉdina kalhi buduradunṭa vaṉdina gāthā kiyā væṉdiya yutu ya.|default
sin_01_00570|ekalhi āyuşmat anaṉda teraṇuvō savaskala vivekayen nægī siṭiyāhu āyuşmat særiyut teraṇuvan veta eḷambiyaha.|default
sin_01_01333|ā... selfi tamayi væḍipurama illannē. gedarin læbena sahayōgaya gæna matak karamu.|default
sin_01_00144|'un vahansē gē nābhiyen ratu ītana gasek itā usaṭa nægī ahasæ pætira siṭiyē ya.' (mē svapnaya un vahansē ārya aşṭāṁgika mārgaya prativēdha koṭa lovaṭa prakāśa karana bavaṭa pera nimitta ya.)|default
sin_01_01776|māṉduruoya jalāśayaṭa megā voṭ sīyaka pāvena sūrya balāgārayak.|default
sin_01_01678|emenma polisiyē ihaḷama niladhārīn sēma pahaḷa maṭṭamē aya da ohugē samīpatamayōya.|default
sin_01_02772|ekala terun vahansē 'kimek da, maharajāneni, mē duk niruddha vē da? anik dukak no upadī da? mē arthaya piṇisa api vyāyāma karamha' yi kīsēka.|default
sin_01_03209|ottappadhanaya yanu pāpayaṭa biya vana svabhāvaya ya. sutadhanaya yanu dharmaya ugat bavaya.|default
sin_01_01721|svādhīna kamiṭuva gēnnē virōdhaya samanaya karannayi.|default
sin_01_01912|eya mā baya nætuva kiyanavā. magē sevaṇagala sīni karmāntaśālāva magen udura gattā.|default
sin_01_02845|sparśa vēdanādi caitasikayō da eya no kaḷō ya. pahara dīmē adahasak śarīrayaṭa næti bævin śarīraya da eya no kaḷēya.|default
sin_01_00330|āyuşmat bakkula teraṇuvō|default
sin_01_00667|kiccādhikaraṇaya kisiviṭeka kuśala veyi, kisiviṭeka akuśala veyi, kisiviṭeka avyākṛta vē.|default
sin_01_00622|ē puṉgulhaṭa ma kāmadhātuyehi devædǣrum vēdanāyehi da rūpadhātuyehi da arūpadhātuyehi dæ yi ehi ohuṭa avijjānusaya da mānānusaya da anuśaya veti.|default
sin_01_03174|eyin ek namak piriniviyēya. ē kesēda? mē sohoyuru tera denama pāṭalī putrayehi visūha. mesē vasana ē denama ataren mahātissa terungē kusehi vātābādhayak haṭagattēya.|default
sin_01_00490|anāgāmiphala pasak no karanuyē vişkambhaṇa kerē da?|default
sin_01_01481|dæn āṇḍuva krama dekak yaṭatē vipakşaya durvala kirīmē kriyāvaliyaka niratava siṭina bava hetema penvā dunnēya.|default
sin_01_01790|avurudu sīyak gatavū pasut ākalpa venas kara nogat dugī minisungē nattala.|default
sin_01_00370|kābun maraṇin matu sæpayen paha vū napuru gati æti vivasa va patita vana|default
sin_01_02026|at æṉdi næti mē pālamē mē vanaviṭa anaturu ræsakma siduvelā.|default
sin_01_03276|kayaṭa hoṉda dē sæpayīmen vana suvaya pavatnē pahasa labamin innā tek ya. sitaṭa hoṉda dēvalin læbena suvaya pavatnēt ēvā sihikaramin innā tek ya.|default
sin_01_01553|namudu mē gaman valadī ada siduvannē atīta urumayan ræka gænīma hō ēvā agaya kirīma novē.|default
sin_01_02753|devana dinayehi rāja kulupaga terun vahansē piṇḍu siṉgā væḍiyaha. tissa upāsaka terun vahansē dæka pātraya gena raja mæduraṭa væḍamavā gena giyēya.|default
sin_01_02537|spāññayē dahasakaṭa adhika pirisak ārakşita sthānavalaṭa.|default
sin_01_02619|ājīvāşṭamaka śīlaya nam kāya duścarita tunen da, vāg duścarita sataren da, mithyā jīvikāven da ven vīmayi.|default
sin_01_00468|savædǣrum āpatti samuṭṭhānayan aturehi samuṭṭhāna tuṇekin naṉgiyi,.|default
sin_01_01674|itin edā iṉdalā api buduhāmuduruvangē dharmayaṭa anuva jīvat vana atara ē nisāma jāti, kula, āgam bhēda apiṭa tibuṇē nǣ.|default
sin_01_00213|'cētanāhaṁ bhikkhavē kammaṁ vadāmi' mahaṇeni mama cētanāva karmaya yæ yi vadārami kiyā ya.|default
sin_01_01908|mama rājakāri kaḷē jayavardhana mahattayāgē borællē vōḍ pedesē pihiṭi bremār nivasē.|default
sin_01_00360|ē pinen māgē sampattiya mehi samṛddha veyi.|default
sin_01_01567|mal væḍipura pipena nikiṇi māsayē pæṇi bahula vūvat vesak, poson māsavala pæṇi læbennē aḍuveni.|default
sin_01_00666|kāyasamphassayaṭa aramuṇu no vū rūpaya kavarē yat,|default
sin_01_01023|himiyō ē mahaṇahaṭa tō aśramaṇa vehi yi cōdanā kaḷāhu ya.|default
sin_01_03088|idha bhikkhavē bhikkhu - mahaṇeni! mē śāsanayehi bhikşu. mē śāsanayehi yannen sarvākāra ānāpāṇasati samādhi upadavana yōgāvacarayāṭa ādhāra vū buddhaśāsanaya dakvayi.|default
sin_01_01950|mē hæmadēmat ekka mama labapu paudgalika atdækīmak samaga tamayi mē gītayē pada liyævuṇē. kaliṉdu vīrasiṁha bohōma kæmætten mē sadahā tanuvak nirmāṇaya kaḷā.|default
sin_01_02956|mē kartṛ karmādīnṭa 'kāraka' yana namak ættēyi. ē vacanayē arthaya nam:- 'kriyāva sampādanaya karannā' yanuyi.|default
sin_01_03254|mērīma avasan vū pasu nævata nævata vannā vū pæsavīmen satva śarīra hā bāhira vastu dirā pirihī yannē ya.|default
sin_01_01016|sivupiḷisimbiyāvō, pe, budurajānan vahansēgē sasuna karaṇaladī.|default
sin_01_02257|ammā kenek tāmat badulla ispiritālē, kulī væḍak karaganna vidihak nǣ. hadāganna deyak parissam karaganna vidihak nǣ.|default
sin_01_01718|tiraya næviya hæki smārṭ jaṁgama durakatanayak nipadavīmaṭa sæmsung samāgama gat tevana utsahaya.|default
sin_01_01633|borælla rathavāhana ōayisī anaturaṭa lakkara palā yǣmē siddhiyaṭa riyaduru rimānḍ, hatakaṭa æpa.|default
sin_01_03010|sammā diṭṭhi ādi mē dharmayō samūha samūha vī sita durgatiyaṭa abhimukha koṭa akuśala vişayayehi da, sugatiyaṭa hā nivanaṭa abhimukha koṭa kuśala kriyā vişayayehi da gaman karavati.|default
sin_01_01686|apē dē gæna kaṭayutu kirīmēdī anungē dēvalaṭa hāniyak noviya yutuyi kiyana padanamē tāttā hiṭiyā.|default
sin_01_01039|hē ē nopiḷisan sañcētanikā sukkavisaṭṭhi ævætaṭa saræyak piriya yutu mānata saṅghayāgen illī ya.|default
sin_01_00679|kihi ayurekin satkāyavastuka ucchedadṛşṭiyehi abhiniveśaya vē da?|default
sin_01_01557|sabhāvē viśvāsayak næti tænættāṭa anek pakşavala kæmætta læbennē næhæ.|default
sin_01_01714|puhuṇukaruvan ekka goḍak væḍa karanavā. hæbæyi itin taragayak ataratura koyi velāvē ābādhayakaṭa lak venavāda kiyanna bǣ.|default
sin_01_00808|bhajanaya no kaḷa yuttē yæ paryyupāsanaya no kaḷa yuttē yi.|default
sin_01_00839|mahaṇa, tō saṉgavesesævæt avannehi ya yi vadāḷa sēka.|default
sin_01_00707|tamahaṭa pæhæra haṇḍana meheṇa piḷibaṉda pacitisikhaya kotænhi paṇavana lada yæ yat, sævatehi dī paṇavana ladī.|default
sin_01_03227|buddhādi āryayan visin avabōdha karana nisā da mēvāṭa ārya satyayō yayi kiyanu læbē.|default
sin_01_02211|meya apē gamvala potapata igenīma næti udaviya vuṇat piḷiganna kāraṇayak.|default
sin_01_02380|gāllē savutlanḍ vidyālayē evæni siduvīmak apaṭa danvā evā tikhenavā tikhenavā. daruvāgē chāyā rūpayak samaga ē bava piyā apaṭa dænumdīlā tikhenavā.|default
sin_01_02349|ēkedi mahajana saukhaya parīkşaka, saukhya vaidya niladhārī, āhāra saha auşadha parīkşaka væni niladhārīn svādhīnava ema nişpādana āyatanaya parīkşā kirīma sidu karanavā.|default
sin_01_00117|mē vacanayan aturen ætæmakin adhikārtha da kiyævē.|default
sin_01_02720|sambōdhiyaṭa pæmiṇīma saṉdahā piḷivet purannā vū satpuruşayō bōdhisatva nam veti. bōdhi tunak vana bævin bōdhīngē vaśayen bōdhisatvayō da tidenek veti.|default
sin_01_00976|saṁskāranimitta duka yæ animitta sukha yæ yi datayutu yæ.|default
sin_01_00249|mahaṇeni, tathāgatayangē guṇa kiyana puhudun temē yamekin kiyannē nam, ohu kiyana ē alpamātra vū svalpamātra vū śīlamātra vū guṇaya kavarē da? yat:-|default
sin_01_01120|amba pæn, damba pæn, æṭa kesel, mas kesel, mī pæṇi, midi pæn, ōlu pæn boralu amuṇu pæn ādiya mē yaṭatē nirdēśa koṭa æta.|default
sin_01_02443|apē bauddha aya hindu kōvilvalaṭa yanavā. hindu aya bauddha siddhasthānavalaṭa yanavā. itin api hæmōma hæmōṭama gaurava karamin jīvat venna ōnǣ.|default
sin_01_00669|kinam karmayaka vipākayen hō melovin pretalokayaṭa giyā vehi da?|default
sin_01_01179|ek sthānayaka gǣs hiṉgayaṭa virōdhatā dækvū pudgalayan gǣs alevi sthānayaṭa kuṇu bittara damā gasā æti ayuru daknaṭa læbiṇi.|default
sin_01_02140|yakaḍa doraval hædīmē tākşaṇaya igena gattā. ema raṭavala anūva ma pāvicci karannē yakaḍa.|default
sin_01_02110|ḍaḍli sēnānāyaka mahatā siv veni varaṭat agamæti dhūrayaṭa tērī patviya.|default
sin_01_00535|ævætni śārīputrayeni, ketekin asvæsumaṭa pæmiṇiyē vē dæ yi.|default
sin_01_00055|sāmānyayen ekak vū ē arthaya hīnārthayaya, paramārthayayi dekoṭasakaṭa bedē.|default
sin_01_00110|śarīrayehi yam kisivak sæpuṇu kalhi samahara viṭa sæpena bava dænēya yi kiyati.|default
sin_01_03253|'brāhmaṇaya, yamek oba satu neḷum ala koṭasa sorā gattē da hē bohō dhanaya æti kīrtimat goviyek vēvā'|default
sin_01_02465|ratiññā kamhalaka veḍi maḍuvak pupurā himikaru miyayayi.|default
sin_01_01898|mahara bandhanāgārayē tāppayaṭa uḍin ætuḷaṭa dæmū pārsal tunak soyāganī.|default
sin_01_02655|akuśalya kiyanuyē anişṭa vipāka æti karana dharmayanṭa ya. davana svabhāvaya ætiyak bævin rāgaya da anāgatayehi anişṭa vipāka æti karana pāpa dharmayeki.|default
sin_01_02758|ō tomō mǣta kālayehi mehekāra kam koṭa duka sē vastrayak sapayāgena mesē sitī ya.|default
sin_01_01201|potupiṭiyē podu susāna bhūmiyē sohon gē garā væṭilā avurudu kihipayak venavā - kīrtipāla potupiṭiya, sumit raṇavaka.|default
sin_01_03105|ātmaya antavatya kīma musāveka. anantaya kīma da musāveka. antavat da ananta da vē ya yi kīmada musāveka. 'mē ātmaya antavat da no vē. ananta da no vēya' yi kiyati.|default
sin_01_02451|heroyin ḷaṉga tabā gat visi hata hæviridi taruṇiyak kompañña vīdiyen allayi.|default
sin_01_02005|daruvāgē ata kapanna veyida æṉgillak kapanna veyida dannē næhæ kiyalā api daruvāgē ammāṭa anaturu aṉgavalā tibbā.|default
sin_01_01875|agamætitumāṭa avaśyanam edā ehema nokara inna tibuṇā. namut etumā eyin pennum kaḷā, etumagē vinivida bhāvaya.|default
sin_01_02403|eya tamayi samabara pauruşaya. pansalen daham pāsalen ǣt vuṇāma bihi vennē ē samabara pauruşaya næti minisun saha gæhæṇun.|default
sin_01_01538|aturudahan kiyū sisuviyan hamuveyi. moraṭu sarasavi sisun navayak ataramaṁ velā.|default
sin_01_01032|he pañcadvārika duḥkhaya da manodvārika duḥkhaya da viṉdī.|default
sin_01_02802|mē bhava cakraya itā gæmburu heyin nuvaṇin bæsa gata no hē. nānā nayin gahaṇa heyin ikma vīmaṭa duşkara yæ.|default
sin_01_00293|mahaṇeni, dik kalak ævǣmen kisi samayeka mē lova nasnē da, ebaṉdu vū kālayek vē ma ya.|default
sin_01_01202|hættǣ hatvæni viyēdī jīvitayen samugat æya kāgē kavudæyi kiyā nodannē ehemat keneki.|default
sin_01_00003|goviyā gē prayōjanaya piṇisa alpa vyāyāmayakudu kumbura no karannē ya.|default
sin_01_01991|oba væssaṭa pem baṉdina bava kiyayi. ehet væssa vahina viṭa oba kuḍayak soyayi. oba hiruṭa pem baṉdina bava kiyayi.|default
sin_01_01283|ruvanvælla sāma vinisuru saṁgamayē ræsvīma ada.|default
sin_01_01260|dūşaṇaya hā vaṁcāvalaṭa erehiva puḷul kāryabhārayak karana lada apēkşakayō sǣhena pirisaki.|default
sin_01_00635|ē sihiya da vū kalī matu mattehi nuvaṇa væḍīma piṇisa ma, sihiya væḍīma piṇisa ma veyi.|default
sin_01_02296|ē yurōpīya supar līg saha jātika ragbi līg taragāvaliyanya. min jātika ragbi līg taragāvaliya ōsṭrēliyāva saha navasīlantayē dī pævætvē.|default
sin_01_00098|eya prakāśa kirīmē dī dænīmaya yana vacanaya vyavahāra no koṭa penīmaya dækīmaya yana vacana vyavahāra karati.|default
sin_01_02087|eka værædi pōşaṇa krama; deka śārīrika kriyākāritvaya maṉdakama; tuna matpæn; hatara dumvæṭi. itin ē pradhānama kāraṇāvalin dekakma matpæn hā dumvæṭi.|default
sin_01_00953|vāksaṁskāra no vūyē cittasaṁskāra no vē da yat, cittasaṁskāraya vāksaṁskāra no vē, cittasaṁskāra yi.|default
sin_01_02177|dambānē daruvan akuru karana gurukumbura pāsalē dæn ādivāsī guruvaru tideneki.|default
sin_01_03065|ēvā nisā uḍaṉgu no vē. aşṭa lōka dharmayan nisā śōka no vī bægǣpat no vī no kipī mædahat va vesē.|default
sin_01_02359|vividha vidihaṭa hadanavā. tava goṭukoḷa, sāraṇa, kōvakkā, maññokkā koḷa mællum nitarama apē gedara piḷiyela venavā.|default
sin_01_01545|apa dækkā nē jātika vaśayen vū mē vipatēdī ēkābaddha vipakşaya boradiyē māḷu bāpu ākāraya.|default
sin_01_02931|ætæmek maraṇin pasu ātmayak itiri no vetæyi ganiti. ætamek maraṇin matu ætæmungē ātma æta, ætæmungē ātma nætaya yi ganiti.|default
sin_01_01987|kodev pilē prabalayin dedenekṭa pandu yævīma tahanam veyi.|default
sin_01_00544|ikbiti æya asvas lada bava dænæ æyaṭa tepul kī,|default
sin_01_02375|palāt sabhā chandayē paṭan īṭa ihaḷin æti ōnǣma chandayakin siduviya yuttē dakşayan atarin dakşatama pirisak tōrā pat kara gænīmaya.|default
sin_01_02610|mahaṇeni, ē duḥkha nirōdhārya satyaya (nivana) mā visin pratyakşa karana ladæ, pera nǣsū dharma vişayayehi nuvaṇæsa pahala viya.|default
sin_01_00925|yamek mē asun darannē nam, dukuḷāævæt vē yi.|default
sin_01_00868|maharaja, yam manaḥsamācārayek sukhavipāka ættē da, eya yi.|default
sin_01_01835|ār. jayavardhana janādhipatitumāgē kālayēdī mahavæliya, veḷeṉda kalāpa ætikirīmaṭa apaṭa hækivuṇā.|default
sin_01_00353|ehi kāmarāgānusaya da paṭighānusaya da mānānusaya da diṭṭhānusaya da vicikicchānusaya da bhavarāgānusaya da æta.|default
sin_01_00496|buduhu lumbinī salvenehi upannāhu no vē da?|default
sin_01_02036|tavaduraṭat tāttaṭa viyadam karanna amāru bava tērum gattu nisayi, maṁ magēma maṉgak hoyā gatte.|default
sin_01_01668|apa mē mætivaraṇayē dī basnāhira hā dakuṇē janatāvagen illā siṭiyē bala peraḷiyaṭa koḷa eḷiyak dalvana lesaya.|default
sin_01_00179|divæs læbē.|default
sin_01_00780|bhavata, upaprāpti cittaya samaga rahat veti yi no kiyæyutu mæ yæ.|default
sin_01_01612|paudgalika aṁśayē siṭi dakşatama pālakayaku vū ohu mē vana viṭa ema samāgamē āsiyānu kalāpayē raṭaval gaṇanāvak bhāra pradhāniyāya.|default
sin_01_00711|tavada yamakuṭa ghānāyatanaya niruddha no vē nam ohuṭa cakkhāyatanaya nūpadī da yat, æs æti va upadanā vū ovunaṭa ghānāyatanaya niruddha no veyi, ovunaṭa cakkhāyatanaya no da nūpadī.|default
sin_01_00349|eya duru karana laddē topaṭa hita piṇisa suva piṇisa vannēya.|default
sin_01_00498|minisungē kana minisungē næhæya minisungē diva minisungē kaya minisungē manasa kāmadhātu no vannē vē da?|default
sin_01_02551|oba ipaduṇā muslim pavulaka. oba adahannē islām āgama. oba ēkaṭa gaurava karanna ōna. satuṭu venna ōna.|default
sin_01_00140|maha poḷova yahanek vī ya, himālaya parvataya koṭṭaya viya.|default
sin_01_02897|'nogiya mænava, teravarun hā ekva mama ada piṇḍapātaya ganimi'yi phussadēva tera kīya. tambasumana teranama ekaṉga viya.|default
sin_01_01792|ekinekaṭa venas pratipattivalin yutu pakşa dekakaṭa ekva yā hæki dura sīmā sahita bavada apa tērum gata yutuya.|default
sin_01_02250|ēkaṭa pakşa vitarak neveyi sivil saṁvidhāna rāśiyak ekatu venavā. agōstu pas vænidāṭa pera siyal saṁvidhāna vitarak ekasiya gāṇak muṇagæhilā tiyenavā. bōḍ lǣli saṁvidhāna neveyi ē.|default
sin_01_01610|viśēşayen saṉdahan kaḷahot ṇaya gevā gænīmaṭa nohæki minisunṭa ṇaya labādīma tuḷa ē tænættā tava ṇaya baraṭa patvīma misa in goḍa ēmak næta.|default
sin_01_02868|śākyayō nǣkama nisā dhātūn vahansēlā ovunaṭa ayiti bava kīha. tavat rajavaru da tathāgatayan vahansē kşatriyayaku bævin kşatriya vaṁśayē vū ovunṭat dhātu ayiti bava kīha.|default
sin_01_01197|apē mutun mittan kumburē væḍa karaddī ekadigaṭama neḷum kavi, goyam kavi gāyanā kaḷā.|default
sin_01_00889|mesē da mahaṇeni, meheṇō mē sikapadaya udesatvā,|default
sin_01_02364|tava mohotakin udāvena suba nækatin hæma denāgēma hitvala satuṭē kiri itirī yanavā æta. svalpa velāvakin mahā ratiññā vælakma pattuvī giyēya.|default
sin_01_00747|nætahot eka ma artha ættāhu vyañja pamaṇak venas vūvāhu dæ.|default
sin_01_00299|ē kalhī ektarā sattvayek āyu gevī yǣmen hō pin gevī yǣmen ābhassara bamba lovin sæva ē his bambavimanehi upadī.|default
sin_01_00987|samayavimukta rahathu rahat bævin no pirihet da?|default
sin_01_00895|mē kī ya, ektarā piṇḍusiṉgā yana mahaṇek ē puruşayā mē tepul kiyanna æsī ya.|default
sin_01_00342|ek prakārayekin vignānaskandhaya veyi, sparśaya hā samprayukta vūyē yi.|default
sin_01_02258|mē kālayē vāri karmāntaya, jala iṁjinēru tākşaṇaya kṛşi karmāntaya sadahā behevin prayōjanavat viya.|default
sin_01_01073|ē kālē pāsal ḷamunṭa citrapaṭavala raṉgapānna dennē næhæ, avasara ganne nætuva.|default
sin_01_02101|āṇḍuva ætuḷē iṉdan āṇḍuva vivēcanaya karanavā. āṇḍuvaṭa gahanavā.|default
sin_01_02823|ebævin śabdaya æti tæna bhāvanāvaṭa nusudusu ya. lōkayehi sarvākārayen śabdayak no æsena tænak nam no læbiya hæki ya.|default
sin_01_00271|ākhyāna (mahābhārata rāmāyaṇādī kathā kīma hō æsīm),|default
sin_01_03164|mekī satalis (hataliha) ākārayen anitya vaśayen balannē anuloma kşāntiya piḷi laba yi.|default
sin_01_00886|mevundamin væḷakunu nirāmişa bambasara ættek vūyē ya.|default
sin_01_01529|in mē vanaviṭa hekṭayār ekdahasak pamaṇa ahimiva æti bava varāya adhikāriya penvā deyi.|default
sin_01_00153|minissu ekræs væ mahā sabhāvak pævætvū ha.|default
sin_01_01199|aḍuma taramē janatāvaṭa dun porondu valin ekakvat iṭu kaḷē næti bava pæhædiliyi. eksat jātika pakşayē nāyakayan dekaṭa bedilā, pakşaya kaḍāvæṭilā.|default
sin_01_00430|mahat anubhāva æti śramaṇayan vahansa, minis vū mama yam pinak keḷem da, eya obaṭa kiyami.|default
sin_01_00864|mahadgata rūpārūpāvacara vū hō sita mahadgata sita ya yi dænagannemi.|default
sin_01_02947|metē budun vahansē gæna ma balāporottu vīma mē sasnehi ma nivan dækīmaṭa hētu sampat tibē nam eyin prayōjana no læbī yāmaṭa da karuṇeki.|default
sin_01_02786|budu bava hō pasē budu bava hō agra śrāvaka mahā śrāvaka tanaturak hō no patannē nam kāla niyamayak næti va 'vahā nivanaṭa pæmiṇemvā' yi pætīma yahapati.|default
sin_01_00022|anāgāmi mārgaya, matu kāmalōkayē ipida læbiya hæki duḥkhaskandhayen eyaṭa pæmiṇi pudgalayā etara koṭa nivanaṭa pamuṇuvayi.|default
sin_01_01080|mīṭa māsa tunakaṭa pera aliyā gahalā ek ayek apē gamē mæruṇā.|default
sin_01_01812|hora atsan gasā kūṭha liyavili hadalā - ranil polispatigen parīkşaṇayak illayi.|default
sin_01_02426|goḍigamuvē paññāratana himigē guṇānusmaraṇa pinkamak anurādhapurayēdī.|default
sin_01_03168|haya. vikkhittakaya da, vicchiddakayehi kī sē aṉgalak atara karavā genæ hō kæræ genæ hō 'vikkhittaka paṭikkūlaya, vikkhāyitaka paṭikkūlaya'yi menehi kaḷa yutu.|default
sin_01_00933|rādhaya, rūpaya māra yæ, vēdanāva māra yæ, saṁgnāva māra yæ, saṁskāra māra yæ, vignānaya māra yi.|default
sin_01_01572|niyaṉgaya, gaṁvatura, nāya yǣm væni svābhāvika vyasana idiriyēdī væḍipura siduvennaṭa puḷuvan.|default
sin_01_02209|rūgata kirīmvalaṭa yanne næti davasvalaṭa ē sattunṭa ohuma kǣma hadanavā.|default
sin_01_00450|yā pana, yam, yambaṉdu bhikkhunī mō tomō mē arthayehi lā adahas karana lada bhikşuṇi yi.|default
sin_01_02487|mevan nihaṇḍa mehevarak iṭu kaḷa upāli līlāratna nam sahṛdaya lēkhakayā dedahas dahanavaya jūli masa dahatun vanadā sadahaṭama apen samu gattēya.|default
sin_01_01530|'maitrī pālanayak' hadanna ævillā ada mē aya gena yannē tuccha, nindita pālanayak.|default
sin_01_00201|mē karuṇinda dharma dānamaya piṁkama ma siyalu dan paradavana bava data yutu ya.|default
sin_01_01660|ekama sudusukama viya yuttē læbena pratipādana kaḷamanākaraṇaya kara gænīmaṭat dēśapālana saṭakapaṭakam valin pævætma sahatika kara gænīmaṭat yamkisi hækiyāvak tibīma ya.|default
sin_01_01399|mē virasaka vīmē hētu sādhaka gæmburin soyā bæliya yutuya.|default
sin_01_00020|sōvān mārgayaṭa pæmiṇi āryya śrāvakayā haṭa ehi ānubhāvayen næti vū duḥkhaskandhaya maha poḷovē pas samūhaya men da, ohuṭa itiri duḥkhaya kenaku visin mahapoḷoven niya piṭaṭa gat pas svalpaya men da data yutu ya.|default
sin_01_00493|kuśalākuśala dharmayō sammukhībhāvayaṭa et da?|default
sin_01_00386|cakşus novūye cakşurindriya novūye veyi yat, esē yæ.|default
sin_01_02025|mehidī anurādhapura vārimārga adhyakşavarayā idiripat kaḷa vārtāva anuva maha vævvala jala maṭṭam mesēya.|default
sin_01_00645|karmaya paridi pæmiṇiyā vū sattvayin danimi.|default
sin_01_00106|ebaṉdu avasthāvaladī 'gaṉdaya' yana vacanayen haṉgavannē da gaṉda dæna gannā sita ma ya|default
sin_01_02422|borælla, vællampiṭiya, koṭuva saha kompañña vīdiya heṭa udǣsana siṭa hudekalāven ivataṭa.|default
sin_01_00694|cakşusa da āyatana da tabā sessa cakşusa da noma veyi.|default
sin_01_02634|(dahatuna) ē āhāraya piḷigena nikmuṇu ē sataranama vanayaṭa gos eya vælaṉdūha. (dāhatara) eya valaṉdā saṁvēgayaṭa pæmiṇi ovuhu aşṭāṁgika mārgaya vaḍā rahat bava læbūha.|default
sin_01_01730|japāna ec.bī.yū sarasaviyen sunil gamagēṭa gaurava ācārya upādhiya.|default
sin_01_03013|'yāvadēva' yi nævæta yedīma niyata prayōjana sīmāva niyama koṭæ dakvanu saṉdahā ya. 'hirikōpina paṭicchādānaya' niyata prayōjanaya yi.|default
sin_01_01101|mē nisā mekī tē kilōvak saṉdahā tē vendēsiyēdī uparima milak læbīma pahataraṭa tē nişpādakayan læbu jayagrahaṇayaki.|default
sin_01_01527|ataḍaṁguvaṭa gat indīya jātikayā piḷibaṉda indīya maha komasāris kāryālaya dænuvat kaḷa bava polisiya pavasayi.|default
sin_01_01410|dumriya riyæduraku nisi paridi puhuṇu kara vivṛta mārgayaṭa yedīmaṭa vasara pahaka kālayak gata vē.|default
sin_01_01213|hæmaviṭama itihāsaya aluten liyā ættē sihina dakinnaṭa, ē sihina hambā yannaṭa abhiyōga mæda, kæpakirīm kaḷa minisun visini.|default
sin_01_01942|ejāpaya hæmadāma janapati apēkşakayā tēruvē vinayak ætivayi.|default
sin_01_01138|ekatu vīm, kæḍīm-biṉdīm sidu vanna puḷuvan; ven vīm ek vīm tibenna puḷuvan.|default
sin_01_01435|ē ābhāsayat tiyenna æti. kavuda obē jīvitayē rōl moḍal...? magē tāttā.|default
sin_01_01288|śrī laṁkāvaṭa erehiva kaḍulu rækīmaṭa eṁgalantaya mulin ma tōrāganu læbuvē jonī beyārsṭōya.|default
sin_01_01842|balaya bedīma gæna vatman katikāva atīta indiyānu katikāvaṭa samānayi.|default
sin_01_01135|namut eya sæbǣ caritayak padanam karagat katāvak musu vū sinamā nirmāṇayak bava karīnā dæna siṭiyā.|default
sin_01_00588|eya niraturu va ma hātpasa aṭayodunak tanhi babaḷannē ya.|default
sin_01_03241|mē guṇa sūvissa dæna gænīma hæra teruvan hæṉdina gænimaṭa an kaḷa yuttak næta. teruvan hædina gænimē anusas bōhō ya.|default
sin_01_01357|dænaṭa amerikāva, koriyāva, cīnaya væni raṭaval mē nava samprēşaṇa viplavayē idiri peḷa niyōjanaya karayi.|default
sin_01_00337|indriyayō aññātāvindriya veyi yat, aññātāvindriya indriya da aññātāvindriya da veyi.|default
sin_01_00904|mē saṉda dev put da hiru dev put da yana dedenā me lovhi vet da.|default
sin_01_00005|manuşyayan visin kumbura vaṭinā deyak lesa piḷigannē da ē nisā ma ya.|default
sin_01_00301|siya siruru eḷiyen ma babaḷannē veyi, ākāśacārī veyi, sitkaḷu vastrābharaṇa æti væ siṭinnē veyi.|default
sin_01_02351|namut lōka saukhya baladhārīn nam apē raṭē saukhya sēvāva viśişṭha sēvāvak bava piḷigannavā. mema sēvāva anek raṭavalaṭa ādarśayak.|default
sin_01_03115|āhāra sataren kabaliṁkāra āhāraya yanu anubhava karana āhārayehi æti ōjāva ya. anubhava karana āhāraya kusaṭa pivisi kalhi eyin koṭasak āmāśaya æsuru koṭa vesena paṇuvō kati.|default
sin_01_00190|khujjuttarāva mahā dharma kathika uvæsiyak vuṇē da pera pasē budunṭa tama atē dāgena siṭi vaḷalu aṭa galavā pātra ādhāra lesa pidū pina hētuveni.|default
sin_01_02021|bumuturuṇu karmāntaya dæn æræmbī æta. śrī laṁkāva pol vavana raṭaval atara pasvana sthānayaṭa patva siṭī.|default
sin_01_02557|katāva kiyana kenāge kaṭa haṇḍin tamayi mama anit carita kiyavanne. īṭa passe eyāge kaṭa haṇḍinma tamayi eyā samājaya dakina hæṭit kiyavanne.|default
sin_01_03296|mesē gæṭet ma vǣyam karat ma idin krōdhaya sansiṉdē nam mænavi.|default
sin_01_00725|tō peræ minis vūyehi peræ atbævhi kinam karmayak keḷehi da?|default
sin_01_00371|kābun maraṇin matu sugati saṅkhyāta|default
sin_01_02486|vṛttīya samiti nāyakayan athæralā tibuṇā. sannivēdana baḷakāya athæralā tibuṇā. chandayēdī uradī væḍa karapu chanda poḷa nāyakayan doḷos dāha amataka karalā tibuṇā.|default
sin_01_00146|sivu vana sīnaya|default
sin_01_02197|vṛttīmaya krikaṭ vinisuruvarungē saṁgamaya - atītayē saha vartamānayē antar jātika vinisuruvarun væḍima pirisak sahita saṁgamaya visin nava vinisuru maḍullak baṉdavā ganī.|default
sin_01_00815|bhikşūhu bhāgyavatun vahansēṭa me pavat dænvūha.|default
sin_01_02149|vṛttīya samitiyaṭa mama illīmak karanavā. mama æhuvā ævillā vṛttīya samitiyen monavada obaṭa avaśya kiyalā.|default
sin_01_01477|galkissa adhikaraṇayen gini avi soyā gænīmē siddhiyaṭa sækapiṭa vissak ataḍaṁguvaṭa!|default
sin_01_00838|mahaṇa, tepi bhadraikarātra mahaṇahugē uddesa hā vibhāga hā uganuva.|default
sin_01_01735|taruṇayā tama nirīkşaṇaya kriyāvē yedavīmaṭa vūyēya. naḷaya savi vana sthānayē vǣlv tunak viya.|default
sin_01_01289|sati anta saṉgarā apa gammānayaṭa ḷaṉgāvana viṭa dinayak kal ikut vī tibuṇi.|default
sin_01_03020|pera situl pavuvehi visū yōgāvacara tera namakaṭa rātriyehi bhāvanāvehi yedī vesena atara kusa tuḷa vātābādhayak æti viya.|default
sin_01_01705|aturudahan komisamaṭa mulativ valin pæmiṇili hæṭa hatarak.|default
sin_01_01894|pūgoḍa veḷeṉdasalak kollakā palā giya vǣn rathayaṭa polīsiyen veḍi.|default
sin_01_01700|prajātantravādaya śaktimat karana janapati balaya ahōsi kirīmē sthāvarayē apa innavā.|default
sin_01_01044|hē naraturu dveşayen haṭagannā dukdomnas noviṉdunē ya.|default
sin_01_00137|nirvāṇa saṁkhyāta phalaya læbiya hæki vana svabhāvayen bījayak væniya.|default
sin_01_01352|eksat jātika pakşayē pārlimēntu kaṇḍāyam ræsvīma heṭa (dahanavaya) pævætvīmaṭa niyamitava tibē. heṭa pasvaru hataraṭa āramha vē.|default
sin_01_00073|sitin data hæki sitaṭa dænena dēvalaṭa aramuṇu yayi kiyati.|default
sin_01_02341|spāññaya ætuḷu yurōpīya raṭavalin illum galāgena āvā. sārā kiyana lōkayē ihaḷama namak æti spāñña samāgamak tiyenavā. ē samāgamē sæpayumkaru amerikāvē samāgamak.|default
sin_01_02718|eka, āvāsa. deka, kula. tuna. lābha. hatara. gaṇa. paha. navakarma. haya. addhāna. hata. gnāti. aṭa. ābādha.|default
sin_01_00237|'mahaṇeni, anun māgē hō dharmayē hō saṁghayāgē hō guṇa kiyatot, ehi topa visin prītiya no ipadæviya yutu ya.|default
sin_01_01760|hayadahas eksiya panahak lesada, mīṭar hāradahasa mīṭar pandahas tunsīyak lesada, mīṭar dedahasa mīṭar dedahas navasiya panahak lesada piḷiveḷin nikut karanu læbuvā.|default
sin_01_02984|ektarā piṇḍapātika bhikşunamak maitrīviharaṇa ætiva bōpiṭi danavvē vanayaka vasayi. ē prētayā sāpipāsāven pīḍitava ē terun karā eḷamba væṉda nuduru tæna siṭiyēya.|default
sin_01_02672|'svāmīn vahnasē samādhiyaṭa da samavadanā sēkdæ'yi vicāḷa kaḷa 'eya apaṭa barek no vēya' yi vadāḷaha.|default
sin_01_03126|masuru pudgalayā śramaṇa brāhmaṇādi kisivakuṭa bat sændakudu denu kæmati no veyi. namut macchariyaya lōbhaya novē.|default
sin_01_01551|sajit mahattayaṭa kiyanna tiyennē paḷamuven tamangē balavēgayē samaṉgiya hadāganna kiyana ekayi.|default
sin_01_02327|apē samājaya krama kramayen pæræṇi dhānya vargavalin da ǣtva yanu penē. amu kurakkan, menēri væni dhānya varga janatāvagen ǣt kirīmē kramōpāyan da mē raṭē kalaka siṭa kriyātmakaya.|default
sin_01_02723|meyin prakāśita vū durgatiya vanāhi pratipatti durgatiya - gati durgatiyayi de vædǣrum vē.|default
sin_01_00260|nosora vū pirisidusitin yutu væ vesē yæ' yi mesē hō mahaṇeni, tathāgatayangē guṇa kiyana puhudun temē kiyannē ya.|default
sin_01_00796|rūpadhātuva vanāhi bhava, gati ātmabhāvapratilābha vē da.|default
sin_01_02805|indriya saya keles namæti diya dahara galana siduru sayeki. siyaluma kelesun siyalu pavkam galā yannē ē siduru valini. ē siduru væsiya hæki piyana sihiya ya.|default
sin_01_02885|buddha śrāvakayō vanāhi agra śrāvakayō ya, mahā śrāvakayō ya, prakṛti śrāvakayō ya yi tun koṭasaki.|default
sin_01_02804|pasuva dælvena ginnaṭa balahatkārayen æya dæmmavīya. mē mohotē æya budurajun saraṇaya gæna us haṇḍin kiyā siṭiyāya.|default
sin_01_00011|apa śrī siddhārtha gautama sākyamunīndrayan vahansēṭa mīṭa caturasaṁkhya kalpa lakşayakaṭa pera ma nivan læbiya hæki va tibuṇē ya.|default
sin_01_00640|ohuṭa ayiti mama, ada mā satu sæpa ættek vūyemi.|default
sin_01_00135|eya kuśalayan gannā vū svabhāvayen atak væni ya|default
sin_01_01549|mē mārtu māsayē deka vænidāṭa janādhipati ataṭa mē pārlimēntuva visuruvā hærīmē balaya enavā.|default
sin_01_02946|idin tamāgē koṭasaṭa damanu piṇisa paḷamuven anungē koṭasehi kusapata udurā da etekin upasampadāva no næsē.|default
sin_01_01225|lǣli peṭṭiyaka tuvakkuva saṉgavā eya uḍin li kuḍu damāgena pāpædiyaka bædagena pæmiṇiyēya.|default
sin_01_03133|mesē de desin piṭat væ ā mitrayō dedena rajagaha pura mattehi dī hamu vūha.|default
sin_01_02649|bōsatāṇō da raju væṉda kiyannāhu 'maharajāṇan vahansa, numba vahansē biya novanu mænavi, mama numba vahansēgē rōgaya suva karannaṭa samartha vemi'|default
sin_01_00509|amūlaka nam, no daknā ladda yæ no asana ladda yæ sæka no karana ladda yi.|default
sin_01_02909|ebaṉdu vişama pudgalayanhaṭa tamā dat dharmaya kiyā nodīma dharma mātsaryaya no vē.|default
sin_01_02237|pasuva ekdahas aṭasiya anū paha mul bhāgayē di mē budu piḷimaya duṭu viṭa ehi siri patuḷa asalaṭa ma boralu damana lada pārak væṭī tibenu dækīmen mama balavat sē kampā vīmi.|default
sin_01_00425|mahaṇeni meya aprasannayangē prasādaya piṇisa hō no veyi.|default
sin_01_00036|mē sayak vū prayōgayan aturen kavara prayōgayakin vuva da mæruvahot prāṇaghāta pāpaya sidu vē.|default
sin_01_01319|laṁkāvē dēśapālanagnayin tidenā ḷaṉgadīma heḷiveyi. æmati jōnṭa agamæti dos kīvā.|default
sin_01_00746|nanvædǣrum lāmaka akuśaladharmayangē nokirīma kiyami.|default
sin_01_03231|haya. vaḍu tema kamkaruvan lavā bohō baḍu sādavayi. hata. adhipati temē minisun lavā vanayehi bohō us gas kappavayi.|default
sin_01_00100|vacanaya anekak vuvada eyin haṉgavannē dænīma maya, hevat sita ma ya.|default
sin_01_01570|muhudu sīmāva ullaṁghaṇaya kaḷa hæṭa hatarak māsa dekak tuḷa ataḍaṁguvaṭa.|default
sin_01_02277|avasānayēdī mannārama rōhalē pālana adhikāriya gæbini mavuvarunṭa sāyanayak saṉdahā dinayak labā dunnēya.|default
sin_01_00937|rūpaya duḥkha visin duḥkhānudarśanayen dannālada yæ.|default
sin_01_02192|dharmasēna māvatē vāhana yanna bæri taramaṭa depasa kælē vævilā.|default
sin_01_01644|dæn oya samagi jana balavēgayē kaṭṭiya e.jā.pa.yē aya tamayi hoyāgena ennē.|default
sin_01_01508|samasta dhīvara prajāvagē viśēşayenma puttalama disā dhīvara janatāvagē sahāya īṭa sampūrṇayenma atyavaśyayi.|default
sin_01_03132|'avidyā - tṛşṇā - karma - sparśa samudayayen saṁgnā samudaya vannēya'yi da saṁgnāva gē nibbatti lakşaṇaya da balannē yi.|default
sin_01_02133|ē siṉgiti atpā eheṭa meheṭa kirīmaṭa bæriya. penennē mæşin ossē savi kaḷa vayar kihipayaki.|default
sin_01_02968|avidyādi atīta hētūn nisā bhavayē paḷamuven pahaḷa vana vignānaya, kusalākusalādi vaśayen nā nā paramparā vaśayen no siṉdī bhavaya muḷullehi pavatnē nāma rūpayan nisāya.|default
sin_01_00688|gaṇiyi da, sparśa kereyi da, thulæsiævæt dekeki.|default
sin_01_01523|pasuva dænaganna læbuṇā kasaḷa aṁgaṇayak hadanna yanavā kiyalā. samahara barapataḷa kāraṇā satiyen deken visaṉdā dennæyi apen illīm kaḷā.|default
sin_01_01654|yāpanaya sarasavi saṁsiddhiyen paṭu vāsi apēkşā karanu epā.|default
sin_01_03063|eyin noviya hæki pirihīmak, noviya hæki vipatak næta. asū kōṭiyak dhanayaṭa himi va siṭi mahadhana siṭu putrayā pāpa mitra sēvanayen siṉgamanaṭa pat viya.|default
sin_01_01118|aliyāṭa piṭupā fonsēkā passen væṭuṇāṭa tidenekuṭa sāmājikatvaya nǣ.|default
sin_01_01960|tamanṭa chandaya dun minissunṭa æmætivaru hambavenna hækiyāvak tibunē nǣ. giyāma eḷavā gannavā.|default
sin_01_01220|idiri kaṭayutuvalaṭa viruddha vuvahot ejāpa pākşikayā kriyāmārga ganiyi. rōsi sēnānāyaka, ajit pī. perērā ivataṭa.|default
sin_01_01615|ē hātpasa sevaṇa demin nægī siṭina dævænta gas nisāveni.|default
sin_01_02549|nōlimiṭ navatama śākhāva pasugiyadā vattala dī vivṛta viya. atinavīna pahasukamvalin samanvita mema śākhāva aṁka tis tuna, mīgamuva pāra, vattala yana sthānayē pihiṭā tibē.|default
sin_01_03026|strīn visin bhikşuvagē ataṭa āhārapānādiya piḷiganvana kalhi samahara viṭa ovungē at bhikşuvagē athi gæṭē.|default
sin_01_00058|'mēsaya' yana vacanaya æsuṇu kalhi eyin viśāla vastuvak sitaṭa dæneyi.|default
sin_01_01687|api parīkşaṇayak illanavā. ajit sōmakumāra sabhāva sallivalaṭa yaṭa velā.|default
sin_01_03265|tevanuva da vaṉdimi. numba vahansē vadāḷa dharma ratnayaṭa da vaṉdimi. devanuva da vaṉdimi. tevanuva da vaṉdimi.|default
sin_01_01385|esē hiṉgayak pavatiddī basnāhira, dakuṇa hā vayamba paḷātvala viśāla guru atiriktayak pavatinavā.|default
sin_01_00863|mahaṇeni, śrāvakayō ēkāntayen haṭa gat æs ættāhu veset.|default
sin_01_03087|jātipaccayā jarā maraṇaṁ sōka paridēva dukkha dōmanassupāyāsā sambhavanti, ēvamētassa kēvalassa dukkhakkhandhassa samudayō hoti.|default
sin_01_00742|devædǣrum mārgasamaṅgīn da aşṭamakayā da tabā sesu puṉgulhu vicikicchānusaya da duru no kereti.|default
sin_01_00480|æsa da rūpayō da kaya da spraşṭavyayō da yana mē rūpaskandha yi.|default
sin_01_00173|pañcadīpikā teraṇin vahansē pera budu sasunaka kaḷuvara ræyaka bōdhin vahansēṭa pahan pahak pidū pinen asū vārayak devlovaṭa adhipati sak deviṉdu gē biriṉda vī upannā ya.|default
sin_01_01345|ē nisā ē harahā apa ē yōjanāva piḷigena givisumak bavaṭa patva tibenavā.|default
sin_01_01809|el.ṭī.ṭī.ī. sæmarum gæna eksat jātīngē avadhānaya.|default
sin_01_00024|nirvāṇa dharmaya vanāhi sakala sāṁsārikāpāyika duḥkhaskandhaya nivīm vaśayen ē ē mārga phalayanṭa pæmiṇiyavunṭa pihiṭa vē.|default
sin_01_02586|pirinivena kālaya dakvā ē denama ehima visūha. mavagē geya vināśa vū viṭa kælayen lī genavut geya sādā dunha.|default
sin_01_00188|vinivida penena denet ættek viya.|default
sin_01_01268|ema tattvayaṭa kaḍinam piḷiyamak yediya yutuyi. mehi nāma puvaruva da pakşayaka pāṭa niyōjanaya vana ayurin sakasā savikara æta|default
sin_01_01488|igena gata yuttē niværadiva chāyāva saṭahan karagænīmaṭa avaśya nipuṇatāva labā gænīmayi.|default
sin_01_02966|aruṇōdayē paṭan hiru mudunaṭa pæmiṇīma dakvā kālaya buddhādīn visin ahara vaḷaṉdana kālaya yi.|default
sin_01_03148|buduradun pirinivīmen pasu caitya biṉdīma, bō ruk siṉdīma, dhātūn næti kirīmaṭa upakrama kirīma yana mēvā da ānantarya karmayaṭa ḷaṁ vana balavat pāpa karmayō ya.|default
sin_01_00969|vaira vaśayen satatayen dukaṭa pæmiṇennē yī sē yi.|default
sin_01_01088|idiri maha mætivaraṇayēdī kisidu dēśapālana pakşayak bhikşun vahansēṭa nāma yōjanā labādīmen vaḷakinna.|default
sin_01_02107|magē lēkhana kalāvē upata etæna. edā nālandayē siṁhala guruvarayā vū rejī raṇasiṁha gē pantiyaṭa sisuhu priya kaḷaha.|default
sin_01_02376|govitæn kirīma vṛttiyak nevē jīvitayak. kṛşikarmaya vṛttiyak viya hækiyi. namut govitæna vṛttiyak viya nohækiyi.|default
sin_01_01504|ayiesayies vādayaṭa viruddha muslim janatāva nihaṇḍa vuṇot saṭana geniyannē kohomada?|default
sin_01_00071|ebævin satyaya vaśayen læbena arthaya paramārtha nam vē.|default
sin_01_01524|kalā oyē jala maṭṭama ihaḷaṭa. puttalama - mannārama pæraṇi mārgaya vasayi.|default
sin_01_02460|ælfā gē sīrō namin parigaṇaka mṛdukāṁgayak nirmāṇaya kerī æti bavat, mē mṛdukāṁgayaṭa minisun pæradaviya hæki bavat pasugiya kālayēdī mādhya vārtāvala saṉdahan viya.|default
sin_01_02621|adattādāna karmaya vastu himiyā gē guṇa anuva alpa sāvadya da mahā sāvadya da vē. saṁgha ratnayē guṇa pramāṇa no kaḷa hæki ya.|default
sin_01_01249|ē sallivalaṭa monavada vuṇē kiyalā kavuda hoyannē. pæræṇi kriḍakayan venuven behet ṭikak ganna śata pahak viyadam karannē næti āyatanayak tamayi śrī laṁkā krikaṭ kiyannē.|default
sin_01_02410|ē gæna katā karamuda.. mama haṇḍa kævīm śilpiyek, veḷeṉda dænvīm haṇḍa kævīm śilpiyek. haṇḍa kævīm kalāva hæma kenakuṭama karanna amāruyi.|default
sin_01_00141|ehi uḍukuru væ nidana bōsatāṇangē dakuṇata avara sayurehi da, vamata pera sayurehi da, pā dakuṇu sayurehi da bæhuṇā ha.' mē un vahansē duṭu paḷamu sīnaya yi.|default
sin_01_00618|ē dænuma bihili kirīmen ætæyi kiyā mæ ohuṭa sit vē.|default
sin_01_00449|yam sitakaṭa anaturu væ agramārgaya piḷilabannāhu nam ē cittayāgē utpādakşaṇayehi da anya vū da yam kenek mārgaya piḷilabannāhu nam:|default
sin_01_03176|ḷiṁ pokuṇu sakman maḷu midul māvat ādiya mænavin piḷiyela karannaṭa sit vē. dāyaka pirisak æti kara gannaṭa sit vē.|default
sin_01_02358|ē kaṇḍāyam sira gata karannat eyālaṭa daṇḍuvam labā dennat ranjan rāmanāyaka mætitumā mædihat velā karana sākacchā ē haṇḍa paṭa vimarśanayaṭa lak karanna ōnǣ.|default
sin_01_01180|tirasara saṁvardhana væḍapiḷiveḷa tuḷa parisaraya piḷibaṉda dakvana unanduvada imahatya.|default
sin_01_00574|ekalhi mama ahasehi hæsirena vidyādharayek vīmi.|default
sin_01_01247|sæbǣ tattvaya lovaṭa heḷi kirīmen pamaṇak no nævatuṇu hetema janatāva dænuvat kirīmē vyāpārayaṭa nāyakatvaya deyi.|default
sin_01_02604|mē satya satara prakāśa karana laduyē budun vahansē visini. deviyan sahita lōkayā visin pudanu labana bævin budun vahansē ārya nam veti.|default
sin_01_02161|illannē ekama deyayi. mokadda biyagama iṉdalā mæṭi ṭika genvā ganna væḍapiḷiveḷak hadalā denna etakoṭa janatāva gihillā tamanṭa avaśaśya mæṭi ṭika aran eyi. mokada hæmadāma mæṭi gēnnē nǣ.|default
sin_01_01602|taruṇiyak bērāganna bolgoḍa gaṉgaṭa pænna taruṇayeku aturudan.|default
sin_01_00992|samādhi yanu, śunyata samādhi yæ animitta samādhi yæ apraṇihita samādhi yi.|default
sin_01_00650|kalin kala ovun vetæ eḷambæ siṭa vahansa, mē daham kesē da?|default
sin_01_02741|lova æti haṇḍaval æsīma æti novī tavat haṇḍaval æsīmaṭa ōnǣkama da ætiva ya. āghrāṇaya kaḷa gandhaya æti no vī tavat gandhayan āghrāṇaya kirīmaṭa ōnǣkama da ætiva ya.|default
sin_01_03051|rōgātura vuva hot kisivak kara gata no hæki ya. ebævin nirōgī va visiya hæki vīmaṭa śarīrayaṭa ahita āhāra pānayan gen kriyāvalin væḷakiya yutu ya.|default
sin_01_02274|mama danna taramin mē pāsalen igena gattu loku pirisak mē raṭē loku tanaturu daranavā.|default
sin_01_00042|mē dhutāṁga deka ma ekavara samādan vī rækiya hæki ya.|default
sin_01_00623|ē bhāgyavat arhat sammā sambudurajāṇan vahansēṭa namaskāra vēvā.|default
sin_01_00477|sessan visin pævariya yutu ya.|default
sin_01_02669|dhātu vaśayen cīvara pratyavēkşāva kaḷa yuttē mesēya: paṭhavi - apō - tējō - vāyō yana dhātu satarin nirmita mē cīvaraya dhātu samūhayeki.|default
sin_01_02002|ema atīta sihipat kirīma maṭa mahat āḍambarayak hā abhimānayak genadena bava anivāryayenma sihipat kaḷa yutuyi.|default
sin_01_01451|epamaṇak nova apa gat jala cakraya da lōkaya saṁkīrṇa vannā sēma dæn saṁkīrṇa vemin pavatī. jagat jala dinaya mārtu visi devænidāṭa yedī æta.|default
sin_01_00797|saṁskāraskandhaya cittaviprayukta vē da?|default
sin_01_02450|ehema venaskam valaṭa iḍa diya yutu næti bava kiyā udghōşaṇaya karannaṭa dēśapālanagnayan hā vṛttīya samiti sūdānam da? kālayen kālayaṭa venaskam siduveyi.|default
sin_01_01035|hetemē saṅghayāgen ē ævæt naṭa samodhāna pirivesa yadiyi.|default
sin_01_03114|lōbhaya yanu rūpa śabda gandha rasa spraşṭavya dharma saṁkhyāta aramuṇu sayaṭa ælum karana svabhāvaya ya.|default
sin_01_01362|dæn vissa saṁśōdhanayēdī ē puṭuvaṭat ayin karalā. prasampādana komisama, vigaṇana komisama ayin karalā tiyenavā.|default
sin_01_00279|mahaṇagoyum temē mē ādī vū hō mē baṉdu vū visuḷudasnen væḷækkē yæ' yi, mahaṇeni, mesē hō tāthāgatayangē guṇa kiyana puhudun temē kiyannē ya.|default
sin_01_01618|ejāpayē kṛşikārmika apēkşā menma, śrīlanipayē āgamvādi saha jātivādi saṭan pāṭha raṭē idiri gamanaṭa bādhā pamuṇuvamin siṭit.|default
sin_01_00006|vyāyāmayak næti bævin kumbura manuşyayanṭa pihiṭak næti deyak nam, manuşyayō eya vaṭinā vastuvak lesa no piḷiganiti.|default
sin_01_01733|(mahā haṇḍin sināseyi.) gayān maṭat janita kiyapu dēma tamayi kiyanna tiyennē.|default
sin_01_00633|ē strīhu mā kōpa kirīmaṭa no hækkāhu vet.|default
sin_01_01631|ē enakoṭa eyāge laṁkāvē saha piṭaraṭa vyāpāravala edā davase daḷa ādāyama hadā tibiya yutuyi.|default
sin_01_01986|aravinda evænnaku novī ya. lōkayē hæma denāma svayaṁ tṛptiya viṉda tibīma hō viṉdimin siṭīma parama vidyātmaka satyayaki.|default
sin_01_02716|enam himiyāṭa alābhaya geviya yutu vīmaya. no gevuva hot bhikşuvaṭa pariji ævæt vē.|default
sin_01_02500|saukhya vaidya kāryālavala tæpæl chanda dæmīma sāmakāmīva.|default
sin_01_02972|saṁghika kirīmaya, saṁghayāṭa dīmaya, saṁghayāṭa pūjā kirīmaya yana vaganti tunen ma kiyævennē eka ma karuṇeki. ē bava bohō bauddhayō no daniti.|default
sin_01_01186|utsava bhūmiyē iṉdalā tamayi janatāvaṭa gal gahalā tibennē.|default
sin_01_03298|taṇhāva æti vannē avidyāva nisā ya. avidyā tṛşṇā dekin saṁsāra pravṛttiyaṭa ḷaṉgin hētu vannē taṇhāva ya. avidyāva hētuvannē durini.|default
sin_01_00446|yam da pṛthagjana kenek mārgaya no piḷilabannāhu nam ovunaṭa|default
sin_01_02043|buttala siṭa yāla abhaya bhūmiya māyimen kataragama dakvā divena raja māvata.|default
sin_01_01548|mema yōjanāvaṭa ætuḷat kara tibena ætæm karuṇuvalin mahinda rājapakşa pālanaya sudda karanna utsāha kara tibenavā.|default
sin_01_01689|nivæsiyanṭa tama balaśakti paribhōjanaya avama karagata hæki andamaṭa mahal visi ekakin yut mē goḍanægilla idikaranu æta.|default
sin_01_00954|væḷi pavkam kirīmaṭa pavkam pævætmaṭa kāyadaṇḍaya mæ mahāsāvadyatara yæ.|default
sin_01_00708|tamā yana yana tænaṭa pāsivuru ǣ pævidi aṭapirikara rægena ma yeyi.|default
sin_01_01925|yāpanayē nivasaka navatā tibu yaturupædi dekak gini ganī.|default
sin_01_02421|doḷos mahē pahana saha ghaṇṭhāra kuḷuṇa hat vænidā vivṛta karayi.|default
sin_01_00768|pavkam koṭa melovin prēta lokayaṭa giyem vemi.|default
sin_01_00735|dæka vahan mudā bhāgyavatun vahansē vetaṭa giyē ya.|default
sin_01_01785|buttala - luṇugala janapadayē govīhu aturu bhōga vavā atamiṭa saru kara ganiti.|default
sin_01_00268|lova no ravaṭannekæ' yi mahaṇeni, mesē hō tathāgatayangē guṇa kiyana puhudun temē kiyannē ya.|default
sin_01_00828|mama mē karuṇa dækæ nuvaṇættē ma utum vannē ya.|default
sin_01_00911|yamak apagē dharmaya vēda, ē dharmaya kerehi apagē da pæhædīma æta.|default
sin_01_00905|mēghaya da kalin kala mænævin væsidahara no vasnē yæ.|default
sin_01_01412|mokada bæṭariya alutvæḍiyā karanna giyāma kohoma hari aṭavalā lakşa gāṇak gannavā.|default
sin_01_01931|ehet ē aya gæna katā karanna maṭa avakāśayak novīma gæna kaṇagāṭuyi. dīrgha kālayaka siṭa svadēśīya sēvayaṭa piṭapat liyū rōhaṇa kasturi tavamat ē kāryayē nirata vanavā.|default
sin_01_00375|kāmāvacara rūpāvacara arūpāvacara apariyāpanna|default
sin_01_02434|'ē sadahā oba manasin næṉgiṭinna ōnǣ. gamē taruṇayan īṭa nāyakatvaya ganna ōni.' gæmiyan vaṭa karagena karū jayasuriya mahatā pævasīya.|default
sin_01_01860|des vides saṁcārakayō dinapatā meya nærambīmaṭa pæmiṇeti. ovuhu apamaṇa satuṭaṭa patveti.|default
sin_01_02936|eka. svabhāvayen rækena sīlaya pakati sīlaya. uturukuru divayin væsi manuşyayanṭa paṁcasīlaya svabhāvayen ma rækeyi.|default
sin_01_02524|pārlimēntuvē tunen dekē balayak ōna. apiṭa janādhipativaraṇaya dinanna ōna. pārlimēntuva dinanna ōna. mē dekama dinapu davasaṭa tamayi apiṭa yamak karanna puḷuvan.|default
sin_01_01069|ekdahas navasiya anū hatarē podu peramuṇa goḍanaṉgana avasthāvēdī mē pakşaya itāmat suviśēşī kāryabhārayak iṭu kaḷā.|default
sin_01_00486|anaṉdayeni, ek samayekhi mam ē rajagaha nuvaræ ma gautama nyagrodhaya mulæ vesemi.|default
sin_01_00809|bhavatni, esē yæ, mama rajagaha karā yana maṉgaṭa dakşayemi kī.|default
sin_01_01719|okkoma tun sīyak vitara. sāyanayaṭa ena gam daha-pahaḷovaka minissu vagēma ispiritālet harima duppat.|default
sin_01_01234|ē kiyannē sattvayek noveyi, ātmayak noveyi, pudgalayek noveyi, mama noveyi, magē noveyi.|default
sin_01_03192|bhikşuvak veta paressamaṭa tæbū vastuvak āpasu no dena kalhi himiyāgē dhūranikşēpayen bhikşuva pariji vē.|default
sin_01_02294|hadavatē viḍāva aḍukara kara rudhira pīḍanaya samanaya kirīmaṭat patōla upakāra karanavā.|default
sin_01_00948|vahansa, mama ovungē sucibhāvayan rusnemi yi.|default
sin_01_01217|etumāṭa ema veḍi paharaval vædīmen pasu papuva allāgena nivasa ætuḷaṭa yaddi sōmārāma ē piṭupasa giyaha.|default
sin_01_01680|niyama buddha putrayāṇan vahansē namaka lesa piṇḍapātayē vaḍimin dānaya soyā gatha.|default
sin_01_02080|mahā maṇḍalaya yanu eksat jātīngē saṁvidhānayē siyaḷu sāmājikayanṭa sama ayitivāsikam himi vēdikāvaki.|default
sin_01_02462|'mukhavāḍam ōnǣ kāṭada?' uturu paḷāte gaṁvaturen anātha vuṇu ḷamayi āpasu iskōle yaddi ē ḷamayinṭa mukhavāḍam bedalā denavayi kiyala mē pattarē tiyennē.|default
sin_01_01754|kalāva janatāva saṉdahāyi, minisāgē artha siddhiya saṉdahāyi, baḍagōstaraya saṉdahāyi ādiya piḷigata hækkē kalāvē kalātmaka padanama dedaravā genayi.|default
sin_01_01494|siyaḷu kṛşi karmānta diyuṇu karanna uparima śaktiya labā denavā - ramēş patiraṇa.|default
sin_01_03267|viśuddhi mārgayē kammaṭṭhānagahaṇa niddēsayehi 'culla piṇḍapātika tissa' nam teranamak gæna kiyavē.|default
sin_01_01231|ovun viśāla vidēśa vinimayak laṁkāvaṭa genæt denavā.|default
sin_01_01461|bohōviṭa navasīlanta væsiyan siya ādaraya karuṇāva hā satuṭa bedā hadā gannē ekinekā vælaṉda gænīmen.|default
sin_01_00443|yam kalekæ rūpabhavōtpattiya piṇisa mārgaya vaḍā da, kāmayangen ven væ mæ.|default
sin_01_00366|ohu no pæmiṇi anya vū āvāsikabhikşūhu ættāha yi no danit.|default
sin_01_03260|kalin kala krīḍāven kal yavana ē no hikmuṇu gam daruvō maṉga yana mahalu dubala strī puruşayan duṭu kala piṭi pasin gos piṭaṭa alu visi karati.|default
sin_01_03091|bōsatāṇō ēvāṭa no kæmætten hō ovunaṭa biyen hō yannāk men hun tænin næṉgī yeti.|default
sin_01_01467|bonna vatura ganna kiyalā naḷa ḷiṁ kīpayak gæhuvat ēva taramak bonna amāruyi.|default
sin_01_03143|(nævata ākiñcaññāyatanayaṭa samavæda eyin nægī pūrvakṛtyayan kaḷamanā heyini.) mehilā mageka nogiya virū puruşayaku gē upamā yedē.|default
sin_01_02088|aṁgoḍa ayi.ḍī.ec., mullēriyāva rōhala, vælikanda rōhala, iraṇavila rōhala, minuvangoḍa rōhala, kamburugamuva rōhala, kāttankuḍi rōhala, teldeṇiya rōhala ē atara vē.|default
sin_01_02019|ē vuṇāṭa kavadāvat ehema praśna udāvelā næhæ. tænakaṭa yaddi kāntāvak aṉdina æṉduma aṁka eka.|default
sin_01_01588|mārtu māsē tis eka koḷamba enakoṭa inṭarneṭ ekē dækkā maṁ venuvaṭa vena kenek pat karalā tiyenavā. mē vagē dēvalin penennē kisima sthāvara bhāvayak nǣ kiyana eka nēda? ov, kisima sthāvara bhāvayak kisima tænaka nǣ.|default
sin_01_00741|devædǣrum mārgasamaṅgīn tabā sesu puṉgulhu mānānusaya da pirisiṉda no daniti, kāmarāgānusaya da pirisiṉda no danit.|default
sin_01_01237|puṁci hāmuduruvō mē mohotē siṭama adhişṭhāna karaganna ōnǣ 'hoṉdin igena gannavā' kiyalā.|default
sin_01_01732|mætivaraṇaya dā baṉdagiriyē taruṇayaku kapā koṭā marā dæmīmē siddhiyaṭa ællū hatara denāma rimānḍ.|default
sin_01_03025|paṭhavi kasiṇaya sē ma āpō kasiṇaya da vaḍanu kæmati yōgī visin suvasē hiṉdæ genæ sakas kæræ gat hō prakṛtiyen pihiṭi hō jalayehi nimittagrahaṇaya kaḷa yutu.|default
sin_01_01708|āriyadāsa yana mahatvaru vāhana parīkşā kirīma kaḷaha. dōşa sakas kara gænīmaṭa niścita kālayak labādīma mehidī keriṇi.|default
sin_01_03034|mē pratyaya sanniḥśrita śīlaya paripūrṇa kaḷa bævhi bhāgineya saṅgharakkhita sāmaṇerayan vahansēgē kathāva dækviya yutu.|default
sin_01_00234|ehi dī da suppiyapirivæjjā noyek karuṇin budu rajāṇan vahansēṭa nindā kereyi, dharmayaṭa nindā kereyi, saṁghayāṭa nindā kereyi.|default
sin_01_02851|'mē sarvagnaputra vū rahatun vahansē pirinivan pǣ vadāḷasēkæ yi kiyā nişṭhāvaṭa giya yuttē ya. ædahiya yuttē ya' yi vadāḷasēka.|default
sin_01_01771|nīti virōdhī panna krama bhāvitā karamin dhīvara kaṭayutuvala nirata vū ekasiya ekak ataḍaṁguvaṭa.|default
sin_01_01832|mahādhikaraṇa vinisurugē patvīma raṭē saṁhiṉdiyāva piḷibimbu kirīmak.|default
sin_01_00519|ā, ekaruṇin paskam guṇayō mæ kāmadhātu veti yi.|default
sin_01_01791|pasugiya (visi paha) gammānayaṭa kaḍā væduṇu vana ali raṁcuvak nives tunak kaḍā damā kumburu hā anekut bōgada vināśa kara damā tibē.|default
sin_01_03071|mōhaya nuvaṇæsa næti koṭa satvayā andha karana dharmayeki. mōhayen muḷā vūvahuṭa ātmārthaya no dænē. parārthaya da no dænē. ohuṭa penennē yuktiya ayuktiya sē ya.|default
sin_01_01297|irākayē śrī laṁkā tānāpati kāryālayak yaḷi vivṛta kaḷa yutuyi.|default
sin_01_03177|mesē dhātūn vahansēlā kāhaṭat ayiti næti bava kiyatat dhātūn vahansēlā kusinārā nuvaraṭa væḍamavā gat sæṭiyē ma bohō denek dhātūn vahansēlāṭa ayitikam kīha.|default
sin_01_02915|nidarśana:- āloka- andhakāra deka ekvæ pavatnā kalæ ālōkaya no pavatnā heyin nişphala vannāk meni.|default
sin_01_02639|palā yā nohena lesa gavayan gasvala baṉdinnāk men satvayan bhavayehi baṉdina dharmayō ættā ha. ēvā saṁyōjana nam vē.|default
sin_01_01164|illuvē rækiyā læbunē usāvi niyōga - akhaṇḍa satyagrahaya digaṭama.|default
sin_01_03110|sit aturen ætæm sitaka vitarka vicāra deka ma ættē ya. ætæm sitaka vicāraya mut vitarkaya næta. ætæm sitaka vitarka vicāra deka ma næta.|default
sin_01_02558|sat vidha urumayan... vāri nirmitayan... pāramparika gnānaya, kṛşikārmika jīvana raṭāva... bauddha saṁskṛtiya..|default
sin_01_02427|nuvaraeḷiya saukhya vaidya niladhārīngē varjanayen rōgīn asaraṇayi!|default
sin_01_00879|metek avidyāvagē kēştra ya dakvana laddē vē.|default
sin_01_00923|yamek kiyā nam dukulāævæt vē yæyi vadāḷa sēka.|default
sin_01_01433|saṁcāraka indīya kaṇḍāyama hā śrī laṁkā kaṇḍāyama atara pævæti paḷamu ekdina krikaṭ taragayen lakuṇu visi eka ka jayak læbīmaṭa indīya kaṇḍāyama samatviya.|default
sin_01_02827|ē tema ē kāraṇayen kumana pavakaṭa pæmiṇē da? 'svāmīni, ē śalyakartṛ vū vaidyācāryatema svargagāmī va devlovaṭa yannē ya' yi kīha.|default
sin_01_01330|ārthika, samājīya, saṁskṛtika mē sǣma aṁśayak ma ikut kālayēdī kaḍā væṭilā tamayi tibuṇē.|default
sin_01_01123|mavbima puvaten pasu minnēriya yōdha æḷē ihaḷa koṭasa sudda karanna avasara.|default
sin_01_02292|(ēkayi ratu vagē ma nil rōsa) ohugē yathārthaya cintanayē yathārthaya yi.|default
sin_01_02326|viññāṇa yanu ehi vipākayan ya. mehi viññāṇa lesa gænenuyē pratisandhi kṛtyaya sidu karana sit dahanavaya pamaṇakya yanuven ihata vigraha kaḷē eheyini. viññāṇaya vartamāna bhavayaṭa ayat ya.|default
sin_01_02826|kisi kaleka no kipē. kipuṇē da hetemē paruşa vacana kīm ādiyen kōpaya prakāśa no kerē.|default
sin_01_02120|sæbǣ sāhityayakaruvāgē kārya bhāraya eyayi. sāhityayakaruvā samājayē siduvannē kumakdæyi nitarama avadiyen balā siṭiya yutuya.|default
sin_01_00961|virāgānudarśī vūyem āśvāsa keremi yi hikmeyi.|default
sin_01_01255|ē hīna hæbǣ vana tek hambā giyā. hīna dakinna udav karana mevalam tiyenavada....? loku kōpi kōppayak ekka tani vuṇāma maṭa ōne taram lassana hīna dakinna puḷuvan.|default
sin_01_01528|svis tānāpati kāryālayē niladhāriniya tunveni dinaṭat sīayiḍīya hamuvaṭa.|default
sin_01_01769|viduli kambi æda ūranṭa ugul æṭa vū sækakaru rimānḍ.|default
sin_01_02546|mama mema ennata piḷibada soyābælīma saṉdahā viśēşagna vaidya kamiṭuvakaṭa saha jātika auşadha niyāmana adhikāriyaṭa yomu karanavā. ehi anumætiya læbunot pamaṇak rōhalvalaṭa labādenavā.|default
sin_01_02464|puttalamen vitarak yavalā hariyannē næhæ. mē paṇivuḍaya gampahaṭa denna ōnǣ. mē paṇiviḍaya kuruṇǣgalaṭa denna ōnǣ. mē paṇivuḍaya anurādhapurayaṭa denna ōnǣ.|default
sin_01_01751|tērumak næhæ. tīndu tīraṇa ganne piṭaraṭa tibena mavu samāgama.|default
sin_01_02754|mevak paṭan lovuturā budun saraṇa yemi' yi kiyā tuṇuruvan saraṇa giyē ya. maharajāneni, mē kāraṇayen da siyalu ma dukkhavēdanāvō karmavipākaja no vannāha.|default
sin_01_00294|esē lova næsena kalhī sathu behevin ābhassara bambalovæ upadinnō veti.|default
sin_01_02205|raṭa duppat hæbæyi raṭa karavana pālakayō duppat da, næhæ raṭa duppat vunāṭa pālakayō pohosat.|default
sin_01_01606|mema vanāntaraya atara mædi kalāpīya ardha svābhāvika vanāntarayaki.|default
sin_01_02102|mokada mēvā adhika śītayi. vividha rōga suvaya saṉdahāt koḷa kæṉda manā piṭuvahalak vena bava pævasenavā? ov.|default
sin_01_02255|passē gnāti sahōdariyak biriya edinama savasa kǣgalla maha rōhalē natara kara tibuṇā. mama visi paha rājakāri nivāḍu labāgena gedara pæmiṇiyā.|default
sin_01_02491|ratiññā puccana salli mē nattalē asaraṇa minisunṭa denna.|default
sin_01_02516|maṁ loku hāmuduruvanṭa kæmætta paḷa kaḷā. ē vana viṭa maṁ hiṭiye iskōle aṭa vænne. ūmǣlē paññānanda svāmīn vahansē tamayi magē guru hāmuduruvo.|default
sin_01_01148|pahara atē æṉgili pahaṭa ma vædiṇa. putā kǣ dennaṭa vūyēya.|default
sin_01_02800|bohō seyin rāgaya æti vana rāga bahula tænættā rāga caritayā ya. rāgaya yanu lōbhaya ya.|default
sin_01_00690|gilan væ pæmiṇena no gilan væ no pæmiṇena ævætek æta, no gilan væ pæmiṇena gilan væ no pæmiṇena ævætek æta, gilan væ da nogilan væ da pæmiṇena ævætek æti.|default
sin_01_01384|ē kiyannē āṇḍu pakşaya niyōjanaya karana pārlimēntu mantrivarayekmayi edā kōp kamiṭu sabhāpati.|default
sin_01_01879|maraṇa hatalis dekayi - miyagiya dhīvarayingē nam gam menna.|default
sin_01_01105|ē davas vala siṭa cīna guvan viduliya laṁkāvē rajayen illīm kaḷā ef.|default
sin_01_00217|yahapat karma valaṭa gena dena sæpa vipāka ānisaṁsa namin da dakvā æta.|default
sin_01_00233|bambadat nam taruṇa atævæssā hā suppiya pirivæjjāt ek ræyak visīmaṭa ehi ma eḷæmbiyē ya.|default
sin_01_02808|āpō dhātuva utsanna va æti jalaya sparśa kaḷat kāya prasādayē gæṭennē ehi æti itiri dhātu tuna pamaṇeki.|default
sin_01_02536|kompaññavīdiyē goḍanægillaka hadisi ginnak.|default
sin_01_00229|ehi dī suppiya pirivæji noyek karuṇin budurajāṇan vahansēṭa dos kiyayi, dharmayaṭa dos kiyayi, saṁghayāṭa dos kiyayi.|default
sin_01_02424|ē vatu dæn tiyenne paudgalika samāgam yaṭatē. ēka nisā rajayaṭa ōna ōna vidihaṭa paḍi væḍikaranna bæhæ.|default
sin_01_02083|anurasiri vahāma idiripat vī bayisikalayē rōda dekē huḷaṁ arina lesa kīvēya. eya sārthaka viya.|default
sin_01_00013|eya karana laduyē sattvayanaṭa pihiṭa vanu piṇisa ma ya.|default
sin_01_00507|api meyin siya gedaraṭa gos āyudha gena kaḍa kaḍa koṭa kapā satuṭu sit ættō va mas anubhava karannemu.|default
sin_01_03256|maitrī bhāvanāvē guṇaya vaḍā læbennē ē diśāvē bhāvanāva karannā samīpayē siṭina satvayanaṭa ya.|default
sin_01_01543|yahapālana rajaya pævati samayē mama kæbineṭṭuvaṭa giyet kæmættakin nevē.|default
sin_01_02170|ema værædi niværædi kirīma saṉdahā buddhimat niladhārīngen samanvita sabhāvak pihiṭuvā værædi cintanayakaṭa natuva siṭi mema pirisē vikṛti mānasikatvaya turan kaḷa yutuya.|default
sin_01_02198|eya nāṭyayē rasaya hīnavīmaṭa balapāyi. aṁāvō nāṭya tuḷa sādhanīya lakşaṇa æta.|default
sin_01_02339|paḷātē janatāva saukhya sampannava siṭinnaṭa nam paḷāta pirisuduva tiyennaṭa ōnā. saukhya sampanna janatāvakaṭa pamaṇayi paḷātak diyuṇu karanna puḷuvan vennē.|default
sin_01_00202|tava da rahat bōdhiyen nivan duṭu pirisa atara agatæmpat særiyut svāmin vahansēṭa kalpayak muḷullehi vasina varşāvē diyabiṉdu pramāṇaya kīmaṭa taram mahā nuvaṇak ættē ya.|default
sin_01_01578|ema cekpata labāgena tibennē vidēśa sēvā niyukti kāryāṁśayen nævata gevīmē padanama matayi.|default
sin_01_02441|ohuma īḷaṉga pakşa nāyakayā hā vipakşa nāyakayā venavā nam īḷaṉga mætivaraṇayaṭa maṁ idiripat venne nǣ. ē magē paudgalika mataya.|default
sin_01_00791|akuśaladharmayangē jarāmaraṇa akuśaladharmayangē vipāka vē da?|default
sin_01_02357|'jātiyē saukhya sēvā saṁvardhanayē īḷaṉga piyavaraṭa avatīrṇavīma piḷibaṉdava ḍayalog saha huvāvē samāgamvalaṭa api stūtivanta venavā.|default
sin_01_01566|magē jīvitayē amataka novana siduvīm goḍakma kuḍā kālayē vu ēvā.|default
sin_01_02282|'niskalaṁkayi. kohomat maṁ kæmati mehema' 'maṁ balan hiṭiye oyā vitarak inna tænak'|default
sin_01_02029|apē iḍamvala gas næhæ. mæruṇu gahak kapāganna kælǣvakaṭa yanna ōna kilōmīṭara hayaka dura. ē kælē rakşitayak. ēvāyē dara kapanna tahanam.|default
sin_01_03233|anaṉda teraṇuvō me pavat kosol raju ādīnaṭa danvā e vēlāyehi ma jētavana doraṭuva samīpayehi vaḷak kaṇavā, jayasiri maha bō rukin phalayak genavut dennaṭa mugalan terun ayædūha.|default
sin_01_02314|ē avaṭa goḍanægiliya. ǣtin ǣtaṭa vihidi yana goḍanægili atarin bohō ǣta penē. namudu pæhædili næta.|default
sin_01_02275|vatuvalaṭa pænalā vagā vināśa karanavā. puduma karadarayak tiyennē.|default
sin_01_01584|eya gæmburin vimasā bæliya yutuva æta. apaṭa penena ākārayaṭa anuva nam kumāra pansalaṭa āvaṭa gamē anit eka daruvekvat pansalaṭa evvē næhæ.|default
sin_01_01922|mē samaṉgama yuda, guvan, nāvika trividha hamudā buddhi aṁśada ārambha karana lada atara, eya venama ēkakayak yaṭatē sthāpita karanu læbīya.|default
sin_01_01472|utsava gannēnǣ. edāṭa pin daham karanavā. kuḍā kālayēdi nattala samarapu ayuru sihipat kaḷot?|default
sin_01_00407|pæhædīmen yutu vīma hētu koṭa mehi ætæm sattva kenek kābun maraṇin matu sugati sagalovaṭa yati.|default
sin_01_00934|rūpa tṛşṇāva śabda tṛşṇāva gandha tṛşṇāva rasa tṛşṇāva spraşṭavya tṛşṇāva dharmatṛşṇāva lovæ priya svabhāvayeka, madhura svabhāvayeka.|default
sin_01_01959|maṁ poḍḍak ēka balalā ennam. etakan sarlā ganna... æyi ē jōḍuva marā gannē...? fōn maṉgul sar. gǣnigē fōn ekē tibilā kāgē hari nambar ekak.|default
sin_01_02302|īṭa amatarava ema vāhanaya ætuḷata ḍrōna kæmarā nayiṭ vişan kæmarā da tibiṇi.|default
sin_01_02041|esēma parisarayaṭa ṛjuvama balapǣm karannē da minisā nisā, parisaraya rækīma da minisāgē parama yutukama vē.|default
sin_01_01171|vimasīm : binduvayi hatayi hatayi hatayi pahayi aṭayi hatarayi hatayi hayayi tuna. vividha vikiṇima irū tēkka lī saha alut poliş nokarapu æṉdi puṭu visi hatara k vikiṇīmaṭa.|default
sin_01_00274|kumbhathūna (sivuras bera væyīm), śōbhanaka (raṁgabalikaraṇaya hevat raṉgamaṇḍalehi dī dēvatāvanaṭa stōtravaśayen nāndīgīta gāyanaya nohot pratibhānacitra kirīm),|default
sin_01_01275|ema saṁvidhānayē sāmājikatvaya labāgena tibīmen meraṭa heda hediyanṭa sahanayak vanu æta.|default
sin_01_01382|raṭa vināśa vuṇat tamangē balaya tahavuru karagannayi utsāha kaḷē.|default
sin_01_01296|paribhōjanayaṭa nusudusu muhudu māḷu alevi kaḷāṭa pahaḷosdahasaka daḍayak.|default
sin_01_00843|mahaṇeni, aṉdurehi upadanā aṉdurehi dirana aṉdurehi miyana tirisan giya prāṇīhu æta.|default
sin_01_02939|ekala śrī mahābodhisatvayan vahansē prītiyen piṇā sādhukāra demin 'brāhmaṇaya, mā dedaruvan topaṭa dan demi. ovungē mǣniyō phalāphalayaṭa giyō ya'yi kīha.|default
sin_01_00717|tun ayurakin ævætin næṉgī siṭiyi, kayin næṉgī siṭiyi, vacanayen næṉgī siṭiyi, kayin hā vacanayen næṉgī siṭī.|default
sin_01_02226|janavāri mula satiyema depārtamēntu niladhārin dænuvat kaḷā. ēkaṭa piḷituru āvē giya satiyē.|default
sin_01_01030|he temē ē ātmabhāvayehi ālaya hærapiyā hæsirennē ya.|default
sin_01_01854|fātimā baṇḍāragama polīsiyaṭa kaḷa pæmiṇilla gæna vimarśana arambayi.|default
sin_01_01487|'anē maṭa gahannē nættam eḷiyaṭa ennam' yanuven divi ræka gannaṭa gammun idiriyē æya bægǣpat viya.|default
sin_01_00396|dahamhi guṇa dæna pæhædīmen yukta vūyē mē nirvāṇadharmayaṭa pæmiṇiyē veyi.|default
sin_01_01663|væḍidura parīkşaṇa ælla polis sthānādhipatigē mūlikatvayen rathavāhana aṁśaya pavatvanu labayi.|default
sin_01_01501|ē nisā rajayē vagakīmak vanavā ē tanatura vipakşayaṭa, viśēşayenma apa pakşayaṭa labādīmaṭa.|default
sin_01_00463|vivekanissita virāganissita nirodhanissita vossaggapariṇāmi koṭa|default
sin_01_01837|koḷamba nāgarika komasāris dhūrayen ivat kirīmaṭa erehiva virōdhatā vyāpārak.|default
sin_01_01993|namut svādhīnava væḍakarana polis niladhārīnṭa nītimaya āvaraṇayak hæduvā. svādhīnava væḍakaranna kæmati rājya sēvakayinṭa svādhīna rājya sēvā komisamen nītimaya āvaraṇayak sakas kara denavā.|default
sin_01_00488|anaṉdayeni, mahasudasun raja mē paḷamu vana ṛddhiyen samanvita vī ya.|default
sin_01_01328|matupiṭin hoṉda śaktimatva penuṇāṭa poḷova ætuḷē tattvaya avadānam bava pæhædiliyi.|default
sin_01_03206|'ovuhu kohi veset dæ'yi dēviya æsuvā ya. himālaya vanayehi vesena bava mahāsaṁghayā vadāḷaha.|default
sin_01_02774|jātipratyayen jarā maraṇa vē yayi mehilā apaṭa mesē væṭahē. bhava pratyayen jātiya vē.|default
sin_01_03112|mē kathāva kerena kalhi mitta terun vahansē piṇḍu piṇisa goduru gamaṭa yanu piṇisa sivuru poravā pasumbiyen pātraya ganimin siṭiyaha.|default
sin_01_00704|tathāgata maraṇin matu no vannē ya yi da no pavasannē ya.|default
sin_01_01659|dennā āgam dekaka vuṇāṭa pansala palliya kiyalā dennaṭa venasak nǣ.|default
sin_01_00898|mē nāgayā suḷu pamaṇin vat maṭa dukak ipædævīmaṭa no pohosat ya.|default
sin_01_02330|ǣ kandakāḍu matdravya nivāraṇa pratikāra saha punarutthāpana madhyasthānayē upadēśikāvaki. ǣ nivāḍu labā gena nivasaṭa pæmiṇiyē asanīpa vū nisāya.|default
sin_01_01818|rajagalatænna aitihāsika pujā bhūmiyē aitihāsika tæn hatsīya k haṉdunā ganiyi.|default
sin_01_00323|avaśeşa indriyayō indriya veti, aññātāvindriya no vē.|default
sin_01_02866|mē bhava cakrayehi atīta hētu pasak da, vartamāna phala pasak da, vartamāna hētu pasak da, anāgata phala pasak dæ yi aṁga vissak vē.|default
sin_01_00198|manāva dharmaya niścita lesa væṭahenu læbē.|default
sin_01_03234|rūpa kalāpayagē atarak no penena sē vēgayen biṉdī abhinava kalāpayan haṭagannā svabhāvayaṭa 'santati pragnaptiya' yi kiyanu læbē.|default
sin_01_00964|vişama va rātrindivayan pavatnā kala māsārdhamāsayō vişama va pavatit.|default
sin_01_02439|giṁ gaṉga pahaḷa nimnayē pihiṭi gammānayak vana ōpāta gammānayaṭa yǣma saṉdahā æti īriyagaha - ōpāta mārgayē sthāna kihipayakda jalayen yaṭavī æta.|default
sin_01_00390|jivhā samphassa pratyayen|default
sin_01_01609|niyaṁ samayē soyā vit væsidiya pipāsita vī bora diyaṭa pem bæṉda....|default
sin_01_00503|skandhayan nava denakungē samavadhāna vē da?|default
sin_01_00718|tun pæneka, tun udesumeka, tun visaṉdumeka.|default
sin_01_03004|ovunṭa utpattiyen lada æṉdum apavitra hō dirā irī hō venas karannaṭa sidu novē.|default
sin_01_03250|cētanāva hā ekvana lōbha - dvēşa - māna - dṛşṭi - īrşyā - mātsarya - śraddhā - pragnā - maitrī - karuṇādi tavat dharma rāśiyak ættē ya.|default
sin_01_01193|avasānayē ovungē dahadiya kaṉduḷu vagēma sirurat mē poḷavē sāravat karanna kæpakaḷā.|default
sin_01_01503|ada vuvada hamudāva visin apē jīvita ræka dennaṭa gannā vehesada apa agaya kaḷa yutumaya. sēyārū - rukmāl gamagē.|default
sin_01_00126|viśvāsaya yi kiyanuyē da ē pæhædīmaṭa ya|default
sin_01_00871|mahāvīrayan vahansa, mā piṭa naginu mænava, mama oba gaṉgin etera karannemi.|default
sin_01_00626|ē mama mē paskaṉda dukæ yi ætisæṭi mænævin dænagatimi.|default
sin_01_03093|ehet ē siyalla ma rūpārammaṇaya cakşuḥ prasādayehi gæṭīma nisā ma æti vana bævin sampūrṇa vīthiya cakşurdvāra vīthiyak sæṭiyaṭa salakanu læbē.|default
sin_01_03135|ē pāṭhayē adahasa mē satvayā mē pudgalayā rūpādī ārammaṇayan aturen menam aramuṇak dæka menam aramuṇak dæna dæn satuṭen hō no satuṭin hō mædahatva siṭinnē ya.|default
sin_01_00377|kisiviṭeka kayin da vacanayen da sitin da naṉgī.|default
sin_01_01918|cīna jātikayin eksiya hatalihak nirōdhāyanaya kara galkissē supiri hōṭalayē kāṭat horā siduvū væḍē.|default
sin_01_02438|api īṭa davas deka tunakaṭa kaḷin ehe yanna ōnǣ. vārşika maṁgallayaṭa yanna kæmati udaviya kōvilē utsavayaṭa māsa ekahamārakaṭa kaḷin deviyanṭa bāra venna ōnǣ.|default
sin_01_02916|mesē dan dīmē dī mahā saṁgharatnayē prayōjanaya piṇisa pudana æṉda puṭu ādi viśēşa bhāṇḍa ætnam ēvā pamaṇak vākyaya kiyā saṁgha gata kaḷa yutu ya.|default
sin_01_03264|mesē daśa ākārayen śūnyatvaya parigraha koṭa nævata doḷos ākārayakin parigraha kerē.|default
sin_01_02710|'avidyā - tṛşṇā - karma - sparśa nirōdhayen vēdanā nirōdhaya vēya' yi mesē pratyaya nirodhayen vēdanāskandhayā gē vyaya dakī.|default
sin_01_03191|kalyāṇa mittatā yanu śraddhā, śīla, pragnādī guṇa dharmayangen yut satpuruşayan āśraya karana bava ya.|default
sin_01_03156|nēmittikatā yanuven dækvena mithyājīvaya nam kathāven hō yamkisi kriyāvakin hō gihiyan kerehi pratyaya dīmē adahasa æti karavā pratyaya labā gænīma ya.|default
sin_01_00712|tavada yamakuṭa sōtāyatanaya upannē nam ohuṭa cakkhāyatanaya upannē da yat, esē yi.|default
sin_01_02943|niyamita dinayehi dēviya ransivi geyaka naṁvā kşatriya kāntāvan pirivara koṭa dī æmætiyan gē rakavaraṇa æti koṭa maha perahærin devdaha pura karā yævī ya.|default
sin_01_02681|maharajāneni, bhāgyavatun vahansē udaya vaḷaṉdā devanuvat kal dakvā tunvanuvat āhāra vaḷaṉdā vadāraṇasēka.|default
sin_01_00546|ikbiti ē bhikşūhu bhāgyavatun vahansēṭa epavat sæḷa kaḷaha.|default
sin_01_01371|ē nisā ē saṉdahā yana gamanē devæni piyavara, devæni inima api sudānam karamin innē.|default
sin_01_01811|laṁkāva purā śākhā haya k tiyanavā. sisun dahas gaṇanak bihi kaḷā. sivu vasarakaṭa varak sisu daskam dakvanavā.|default
sin_01_01856|rōhaṇa vīrasiṁha mahatmayā mē pada peḷaṭa apūru tanuvak nirmāṇaya kara dunnā. gītaya æsu bohō denek mē gæna prasādayen katā karanavā.|default
sin_01_00432|me karuṇa da bhāgyavatun vahansē visin vadāraṇa laddē ya.|default
sin_01_02153|adhikaraṇaya maṉgin lada ādāyama rupiyal asū hayadahasaki. adhika vēgayen dhāvana varada anāvaraṇaya kaḷa naḍu gaṇana aṭasiya hæṭa pahaki. daḍapat nikut kaḷa gaṇana aṭasiya hæṭaki.|default
sin_01_01489|viṭeka situvili obē, genenu æta oba tænakaṭa obagēma hæṉgum obaṭa norisi vana mut eyada ræsakin ek muhuṇataki.|default
sin_01_01540|pakşaya visin evæni tīraṇayak gatahot mā nam dēśapālanayen samugannavā.|default
sin_01_01752|kuṇu praśnayaṭa nava janādhipatitumāgē nava saṁkalpayak tiyenavā. paḷamu puravæsiyā ē vidhiyaṭa innakoṭa bim maṭṭamē ayagē dāyakatvaya læbēvi.|default
sin_01_02273|eya læbuṇē mē balagatu abhiyōga jayagænīmaṭayi. viśēşayen gōlīya abhiyōga, kalāpīya abhiyōga, bhū dēśapālanika abhiyōga pavatinavā.|default
sin_01_00049|sugati durgatīnṭa pæmiṇavīmē śaktiya æti bohō janakakarma ek pudgalayakuṭa ættē ya.|default
sin_01_02435|rōyal pāk ghātakayāgē doḷaha vasaraka siradaṇḍuvama maraṇa daṇḍuvamak veyi.|default
sin_01_01716|taṇakoḷa kapana yantraya hā paraṇa yakaḍa toga sorāgat naḍuvē pæmiṇilikaru usāvi kæṉdavayi.|default
sin_01_03287|prathamadhyānaya ṛddhiya ya. dvitīyadhyānayaṭa parikarmaya ṛddhipādaya ya. dvitīyadhyānaya ṛddhiya ya. tṛtīya dhyānayaṭa parikarmaya ṛddhipādaya ya.|default
sin_01_01819|dharmasēna māvatē vāhana yanna bæri taramaṭa depasa kælē vævilā. mārgaya depasa sudda karalā denna.|default
sin_01_02592|yamakugē samādhiya balavat væ vīryaya durbala viṇi nam kusīta bhāvaya ohu mæḍalannē ya. kumak heyin da samādhiya kusīta bhāvayaṭa pakşa bævini.|default
sin_01_00308|purudu kaḷa vaśītā ættē da, upanunhaṭat upadanāvunhaṭat pītṛ da, yam bhavat mahabambakhu visin apa mavana ladumō da,|default
sin_01_02924|ætæm śramaṇayek hō brāhmaṇayek sakvaḷa pamaṇaṭa mahat no vana paridi kasiṇa nimitta vaḍā ehi dhyānayaṭa sama vadī.|default
sin_01_01022|sōtaya da sōtāyatanaya da tabā sessa sōta da noma veyi.|default
sin_01_03136|vistāra kramayen ekasiya visi ekaki. idiriyehi noyek tænvala dī karuṇu kiyævennē sitvala vistāra kramaya anuva ya.|default
sin_01_03184|gṛhapati putraya, dū keḷiyehi nitara yedīmehi mē ādīnava saya ættē ya. dinīmen saturek ætivē.|default
sin_01_01086|saṁcāraka - dhīvara karmānta diyuṇuvaṭa sajitgen janādhipati kāryasādhaka baḷakāyak.|default
sin_01_00960|vinimayehi vinimaya san nætiyē nisaṉgipaciti vē.|default
sin_01_02420|amerikāvē sahayōgayaṭa spāññaya, pṛtugālaya pæmiṇiyēya.|default
sin_01_02086|ehet mē kaṉdavuru dekaṭama ayat novana nirpākşika janādhipativarayāgē sevaṇa ē kisivekuṭa nolæbē.|default
sin_01_01366|udāharaṇayak lesa ohugē tākşaṇika maṉgapenvīma yaṭatē bihi vū niśā darśaka nayiṭ vişan dækviya hækiya.|default
sin_01_03118|'ē yōgī pudgalayāgē rūpa kaya vanāhi yam yam kudumahat iriyavuvakin pihiṭuvayi nam - pavatī nam ē rūpa kaya ē ē pavatnā ākāraya anuva nuvaṇin salakā dænaganī.' yanu yi.|default
sin_01_00183|usas kula sampat ætteku vē.|default
sin_01_01335|desæmbar aṭa vænidā piyāgē mṛta dēhaya piḷibaṉda avasan kaṭayutu putā pavulē susāna bhūmiyēdī sidukara æta.|default
sin_01_00054|maraṇāsanna kālayē dī idiripat vū janaka karmayakin sattvayā nævata sugatiyaṭa hō durgatiyaṭa pamuṇuvanu læbē.|default
sin_01_02749|panaha. paṭisaṁkhānupassanā ñāṇa : midena upāya sampūrṇa karanu piṇisa yali yali sammarśanaya kirīm vaśayen pavatnā nuvaṇa paṭisaṁkhānupassanā ñāṇa nami.|default
sin_01_00552|idin ohuṭa cōdanā karavā nam daknā laddehi asana laddehi ya.|default
sin_01_03137|'kāmacchandaya da, vyāpādaya da, uddhacca - kukkuccaya da, thīnamiddhaya da, pasvanu vū vicikicchāva da duru karannē ya.|default
sin_01_00470|sāmaṇera temē upasthāna karaviya yutu.|default
sin_01_02444|ē khēdavācakaya lēkhakayek vaśayen maṭa avāsanāvanta deyak. mēka lēkhakayek vaśayen gattāma maṭa karana paṭṭa asādhāraṇayak.|default
sin_01_02960|karmaya svakīya koṭa æti satvayō tamāgē karmayaṭa anurūpa vū ma gatiyakaṭa yat. piyā putugē karmayen upatakaṭa noyayi.|default
sin_01_00673|kima, yahaḷu særiya, mamat dirana suluyem, diruma no ikmiyem vem dæ.|default
sin_01_00699|idin ātmahitaya piṇisa piḷipan pudgalayek ætæ yi bhagavathu visin vadārana lada nam,|default
sin_01_00822|mama ē pinkama koṭa deviyangē sahabhāvayaṭa pæmiṇiyemi.|default
sin_01_03092|vena æsuru kaḷa yuttak næti heyini. yam sē caṇḍa paruşa rajaku vuva da vena æsuru kaḷa yutu manā rajaku næti kala tama vṛttiya saṉdahā æsuru karana mahajanayā meni.|default
sin_01_01300|'mokakda mē gevana jīvitē...?' gedara anek ayaṭat kiyalā maṭa huṉgak dos kivvā. dū kivvē ætta.|default
sin_01_01122|kaṉdangamuva mahatā polīsiyaṭa saṉdahan kara æti andamaṭa ohugē jīvitayaṭa tarjanayak ella vī ættē nāṉdunana pudgalayan ohu padiṁci nivesa vaṭā sækakaṭayutu ayurin særi særīma nisā.|default
sin_01_00083|sita sǣma kalhi ma upadinuyē data yutu deya hā gæṭī eya badāgena ma ya.|default
sin_01_00891|mesē mē lāmaka vū vivādamūlayāgē mattehi no pævætma vē.|default
sin_01_02668|śarīrāvayava selavennē ē vāyu vēgayeni. viññatti rūpayat ē vāyuva samagama æti vannaki.|default
sin_01_01387|dæn mē gamē innē ē kālē padiṁci vecca pavulvala devæni tunvæni paramparā.|default
sin_01_01291|piyavatī tamā pasupasin pæmiṇennaṭa ættē ayiyā hō svētā pævasū heyin vannaṭa æta.|default
sin_01_01777|bījavala ayitiya ahimi vū govīnṭa kannayen kannayaṭa nava bīja samāgamvalin miḷadī gannaṭa siduvē.|default
sin_01_00256|siyalu satun kerehi hitānukampā æti va vesē yæ' yi mesē hō mahaṇeni, tathāgatayangē guṇa kiyana puhudun temē kiyannē ya.|default
sin_01_01336|ēvāyē sudō suda mal pokuru kǣli kapana karuvalē vuva kæpī penē.|default
sin_01_02365|mama navakatāvak liyana viṭa paricchēdayen paricchēdayaṭa tṛptimat. keṭikatā liyana viṭa keṭikatāven keṭikatāvaṭa tṛptimat.|default
sin_01_02174|api mē samarannē abhimānavat hatalis væni vasara. etakoṭa bæṁkuva ayiti mavuraṭa... æmerikāva.|default
sin_01_03147|ē mahā sthavira svāmīn vahansē aṭaḷos mahā gaṇayaṭa ayat bhikşūnṭa tripiṭaka paryāpti dharmaya igænvūha.|default
sin_01_02622|eya da āyukşaya maraṇaya, karmakşaya maraṇaya, ubhayakşaya maraṇaya, upacchēdaka maraṇaya yi siv vædǣrum vē. ē ē jātivalaṭa ayat satvayan haṭa jīvat viya hæki kāla pramāṇayak ættēya.|default
sin_01_01344|nāma yōjanā bāradenna yanna ōnǣ pakşa lēkam, apēkşakayā hā nītignayaku pamaṇayi.|default
sin_01_00985|satuṭuviyayutu sihikaṭayutu kathāva koṭa nimavā ekatpaseka hunnē ya.|default
sin_01_00120|ædahiya yutu vū buddhādi vastūn kerehi pæhædīma, buddhādi vastūn kerehi viśvāsaya śraddhāva ya.|default
sin_01_02100|vaskaḍuva gālu pārē vāḍiyamaṁkaḍa maṁsandhiyē basayak saha kār tunak perēdā (dahayadā) peravaruvē ekineka gæṭī tibē.|default
sin_01_00152|mesē aparādha væḍī gena yana viṭa mahajanayā gē ārakşāva piṇisa pālakayaku pat kæræ gænma avaśya vi ya.|default
sin_01_02128|gōlīya vaśayen amerikāva saha kænaḍāva maha parimāṇa nişpādakayin vana atara apanayanaya atin da idiriyen siṭina raṭavalya.|default
sin_01_01655|krikaṭ gæna nodannā aya tamayi tama tamangē tarama oya pennum karannē.|default
sin_01_01126|jātika ārakşāvaṭa kisiṉdu tarjanayak nomæti bava yuda hamudāpati kiyayi.|default
sin_01_00940|lovaṭa anuttara puṇyakşetra vū mē puṉgulhu sat deneki.|default
sin_01_01043|hē tamā yana tænaṭa pāsivuru ǣ aṭapirikara pamaṇak gena ma yeyi.|default
sin_01_02640|mesē nimiti lat yōgī visin ācāryayan karā eḷambæ 'maṭa me baṉdu nimittek penē'ya yi kiya yutu.|default
sin_01_03113|prāṇaghātādi pāpa kriyāvalin væḷakīma hā tathāgatayan vahansē visin pæna vū sika pada rækīma da vat piḷivet kirīma da śīlaya ya.|default
sin_01_00674|kimek da, yahaḷu særiya, kumara uyan bima satuṭu vī dæ.|default
sin_01_01798|vanajīvī depārtamēntuva daḷa puṭṭuvā hoyana atarē purāvidyā depārtamēntuva purāvidyā sthānat rakinna yayi.|default
sin_01_00781|bhavata, ekaruṇin vignānaskandhaya saṁskāraskandhaya hā samprayukta vē yayi kiyæyutu mæ yæ.|default
sin_01_02470|fokshil dhāvana pathaya vēgavat. ē dhāvana pathayēdī buddhimatva taraga karanna ōnǣ. hæsiriya yutu dhāvana pathayak, ē vagēma kamānḍō dhāvana pathaya taraga karanna ōnǣ itāmat vēgavatva.|default
sin_01_02415|mehi aṁka eka pītṛ rēkhāva (jīvana rēkhāva) balanna. mevæni rēkhāvaka evæni vivara dūpat æti kālaya jīvitayē biṉda væṭīm sidu vannēya.|default
sin_01_01492|dahaval hāl sēru tis dekak hā vyaṁjana tis dekak kævili varga hayak hatak sahitava pæraṇi cāritrāṇukūlava buddha pūjāva pavatvanavā.|default
sin_01_02090|ē gīta racanayaṭa ya. kusum pīris dakşa gīta racikāvaka bava nodannā kenek næta.|default
sin_01_02857|apa vāsaya karana mē poḷova pṛthivi dhātuva utsanna rūpa kalāpa piṇḍayaki. poḷova matuyehi ākāśatvayen salakana pedesa da vāyuven pirī tibē.|default
sin_01_00800|bamuṇan kerehi bamuṇu ya yi da sammata no veti.|default
sin_01_00252|(daṇḍu muguru no darannē ya)|default
sin_01_02905|ikbiti budurajāṇan vahansē in piṭatva hiraṇyavatī gaṉgin etera vī kusinārā purayaṭa væḍi sēka. væḍa, ehi vū malla rajun gē upavartana nam sal uyanaṭa pæmiṇi sēka.|default
sin_01_00902|mē mahaṇahu vænasetvā, ovungen kinam væḍek dæ yi biṉdīmē adahasa peraṭu koṭa ættāhu pohoya karat.|default
sin_01_00545|ikbiti e nāgatemē bhikşūnṭa mē kāraṇaya dænvī ya.|default
sin_01_00242|mahaṇeni, anun māgē hō dharmayē hō saṅghayāgē hō guṇa kiyatot, ehi topa visin 'mē karuṇinut meya ætta ya.|default
sin_01_01598|ataramaṉga væḍa nævatī æti bujjomuva - tulhiriya pālama.|default
sin_01_00194|kisivakin kampā no vana sitak læbē.|default
sin_01_00983|satvayō satvayō yæ yi ma vyavahārayaṭa pæmiṇet.|default
sin_01_02459|ē nisā ada sævoma haṉdunana raṁgana śilpiniyaka vī siya vṛttiya vidiyaṭa ǣ tōrāgena tibennē da eyama ya. 'mē vṛttiyaṭa kavuruhari baṇinavā nam mā kæmæti næhæ.|default
sin_01_01968|hiru film venuven nirmāṇaya vana alutma citrapaṭayaka rūgata kirīmvalaṭa mē dinavala sahabhāgī venavalu.|default
sin_01_00991|sammodanīya vū sārāṇīya vū kathāva nimavā ekatpasva hina.|default
sin_01_02437|saukhya mārgōpadēśa gæsaṭ nokaḷot chande tiyanna amāru bavaṭa mætivaraṇa komisamē sabhāpati kiyayi.|default
sin_01_02764|anyayō duśśīlayō ya. noyek pavkam karannō ya. mama silvat vemi, kisi pāpayak no karami yi silvat bava nisā matvannā vū mānaya sīlamada nam vē.|default
sin_01_00661|kāya kāyasaṁskāra vē da, kāyasaṁskāraya kāya vē da?|default
sin_01_03124|sāmānya jana vyavahārayehi pramāda vana vacanayen kiyævennē yamkisi kāryayak kaḷa yutu avasthāvēdī no kaḷa hækivīmaṭa hā no kara hærīmaṭa ya.|default
sin_01_00382|cakkhāyatanaya dhammāyatanaya manāyatanaya ghānāyatanaya upannē|default
sin_01_01658|mīṭa amatarava janaśrutiya tuḷat mē piḷibaṉdava karuṇu kāraṇā penennaṭa tibīmen ē bava kisiyam vidiyakin oppu vī tibenavā.|default
sin_01_02559|aşraf ghāni nævata æfganisthāna mul puṭuvaṭa.|default
sin_01_01820|purappāḍu puravanna janapatigen nirdēśa nāmayan kīpayak.|default
sin_01_00204|mē hētuven dharma dāna ma ya pina ma siyalu dāna ma ya piṁkam valaṭa vaḍā śrēşṭha vana bava agra vana bava tathāgata sammā sambudurajāṇan vahansē sak deviṉduṭa vadārannaṭa yedunē ya.|default
sin_01_00257|'śramaṇagautama temē ayinādan hæra damā ayinādanin væḷakuṇē ya.|default
sin_01_02873|mahābhūtayan gen nirmita vū rūpa kaya kisivak no karana, tubū tæna ma no sælī tibena deyaki.|default
sin_01_01600|indīya niyōjita saṁcāraya deraṭehi sabaṉdatā śaktimat kirīmaṭa ivahal vanavā.|default
sin_01_02793|samīpayē siṭi atavæsiyō da ācāryayan vahansē yamkisi kaṭayuttak saṉdahā piṭata yannāha yi sitā gatha.|default
sin_01_01041|hē kābun maraṇin matuyehi parittābha deviyangē sahabhāvayaṭa pæmiṇeyi.|default
sin_01_02353|kælaṇi sarasaviyē vaidya pīṭhaya hæra sesu pīṭha tāvakālikava væsē.|default
sin_01_00963|vivekanissita virāganissita nirodhanissita upekhāsambojjhaṅgaya vossaggapariṇāmi koṭa vipula mahaggata apramāṇa akhyāpajjha koṭa vaḍayi.|default
sin_01_02840|gasvæl ādiyehi pṛthivi dhātuva satvayaku pudgalayaku no vannāk men vakugaḍuva yayi kiyanu labana mē pṛthivi dhātuva da satvayek novē. pudgalayek novē.|default
sin_01_01250|kassapa esē kiyannaṭa epā, sarvagnayan vahansē piḷituru dunnā.|default
sin_01_00250|'śramaṇagautama temē paṇivā hæra damā, paṇivāyen væḷækkē ya.|default
sin_01_00270|naṭasamajjā (naḷuvan samūhayak ek væ janasamūhayā idiriyehi dakvana næṭum),|default
sin_01_01416|bedā hærīma paudgalika aṁśayaṭa yaddi ehi givisumgata lesa paudgalika aṁśaya meheyavanna citrapaṭa saṁsthāva pasugiya davasvala asamat vuṇā.|default
sin_01_01944|daruvangē ātatiya ṭika dinakin obaṭa kāndu venavā. ē anuva oba daruvāṭa gahanavā. daruvāṭa tadin bæna vadinavā. mavupiyan ādarayen hadana daruvā ātatiyen piruṇu daruvan venavā.|default
sin_01_02264|potapata kiyavana pudgalayā siyadivi hāni karagannaṭa pelambennē nǣ.|default
sin_01_00651|kavara aṭeka yat, khattiya pirisa ya, brāhmaṇa pirisa ya, gahapati pirisa ya, samaṇa pirisa ya, cātummahārājika pirisa ya, tāvatiṁsa pirisa ya, māra pirisa ya, brahma pirisa yi.|default
sin_01_03245|mahat sampattiyen kal yavana siṭuvaru rajavaru da kalaka dī mærī ē sampattiyen pirihennāhu ya.|default
sin_01_00638|ovun mē pṛthivi ādi satara mahābhūtayan no itiri va niruddha vana tæna daniti yi sitami yi kī ya.|default
sin_01_03073|mē karmasthānaya vaḍanu kæmati ādikarmika kuladaruvā visin yaṭa kī sē kalyāṇa mitrayeku veta eḷambæ meya gata yutu.|default
sin_01_00833|mam nişadyā no keḷemi, etekuduvat hottemi ya.|default
sin_01_03144|apacāyana kuśalaya anyayan visin garu buhuman karana rājakulādi usas kulavala ipadīmaṭa hā garu buhuman læbīmaṭa da usas tanaturu læbīmaṭa da hētu vana bava kiya yutu ya.|default
sin_01_01178|kohoma hari avasan saṭana ārambha vuṇāṭa passe apiṭa loku vagakīmak āva mē pætta ārakşā karaganna.|default
sin_01_00050|eyin ek varakaṭa vipāka dennē ek janaka karmayeki.|default
sin_01_02535|meya pirisudu venna ōna. maṭa paudgalikava kisima gæṭaluvak nǣ. varipanam gevana nāgarika janatāvaṭa sēvayak venna ōna. īṭa yahapat parisarayak goḍanæṉgenna ōna.|default
sin_01_02127|īṭa da sahanayak apēkşā karami. siyambalāṇḍuvē kulasiri piyasēna. piḷitura :- diyavæḍiyāva rōgayaṭa kālayak goduru vīmen vakugaḍu akarmaṇya tattvayak æti viya.|default
sin_01_00687|gaṇiyi da, sparśa kereyi da, thulæsi hā dukuḷāævæt vē.|default
sin_01_00582|etekuduvat hottemi yi śayyā nimiti vū ævætin karaviya yuttē ya.|default
sin_01_00245|meya apa tuḷa vidyāmāna ma yæ' yi ætiguṇa ætiguṇa vaśayen piḷina kaṭa yutu yi.|default
sin_01_01383|enam vividha matavāda, vividha vū kæmætta mohotakaṭa hō eka tænakaṭa gannā vēdikāva mē alut avurudda yi.|default
sin_01_00052|sattvayaku ek ek bhavayaka jīvat vana kālaya ek janaka karmayaka vipākaya labamin siṭina kālaya ya.|default
sin_01_02215|bravuns saha samāgama, panas hāra vana vārşika vārtā sammāna pradānōtsavayēdī akhaṇḍava sivu vana varaṭat veḷaṉda samāgam aṁśayē ridī sammānayen pidum læbīya.|default
sin_01_01417|api oyē vatura aḍu kālayaṭa pālama āsannayē æti banṭ eken yanavā.|default
sin_01_03152|abhidharma piṭakayat vinaya piṭakayat pāḷi vaśayenut artha vaśayenut ugata yutu ya.|default
sin_01_00469|savædǣrum āpattisamuṭṭhānayan aturehi ek samuṭṭhānayekin naṉgiyi, kayin da sitin da naṉgiyi, vacanayen no naṉgī.|default
sin_01_00730|dasa dina ikma giyehi vimati ætiyē nisaṉgipaciti veyi.|default
sin_01_02913|tadaṁga vaśayen vişkambhaṇa vaśayen karana klēśaprahāṇaya sthira næta. esē prahāṇaya kaḷa klēśayō kalak yaṭapat va tibī nævata næṉgī eti.|default
sin_01_00372|kāmadhātuyehi devædǣrum vēdanāyehi da rūpadhātuyehi da arūpadhātuyehi da|default
sin_01_02377|ē alut væḍaya vūyē sinamāva piḷibaṉda va itā vaṭinā potak siṁhalayaṭa parivartanaya kirīmaya. potē nama sarji ayisansṭayingē 'film fōm ænḍ film sens' ya.|default
sin_01_03295|prītiya, sāmişa prītiya ya nirāmişa prītiya yayi devædǣrum vē. eyin dhanadhānya putradārādīn piḷibaṉda va æti vana prītiya sāmişa prītiya ya.|default
sin_01_00426|mahaṇeni, ē bhikşūn visin nævata pævariya yutu ya.|default
sin_01_02436|etumā janādhipati chanden pærædilā īḷaṉgaṭa pārlimēntu chandeṭa āvā. ēka eka kāraṇayak.|default
sin_01_02861|mesē mema kramayē itihāsaya bælīmēdī bohō pæraṇi bavat, satipaṭṭhāna sūtrayē vēdanānupassanā dēśanāva æsurin praguṇa karavana bavat pæhædili vē.|default
sin_01_01653|pārlimēntu mætivaraṇayēdī apēkşakayan hā dēśapālana pakşa rājya dēpaḷa avabhāvita kirīma piḷibaṉda pæhædili kaḷa lakvijaya baṇḍāra mahatā mē toraturu heḷi kaḷēya.|default
sin_01_02673|bhāvanāva piḷibaṉda prītiyak ohuṭa æti novē. prītiyak nætiva bhāvanā karannā vū yōgāvacarayā haṭa ē dvēşaya vaḍa vaḍāt æti vannaṭa paṭan ganī.|default
sin_01_00413|bæhæra sīmāvakaṭa giyā vū ē mahaṇahuṭa mehi dī ma mē sivura karavannemi.|default
sin_01_01241|ohu itāliyē vesena lāṁkika jīvitavala upa saṁskṛtiya manāvaṭa penvanavā.|default
sin_01_02242|nitarama potak atē. ægē kiyævīma mama hariyaṭa agaya karanavā.|default
sin_01_00731|dasa denakungē mava vuva da striya viśvāsa no karannē ya.|default
sin_01_02099|bæna vædīm tarjana pæmiṇili hatara k, alābha hāni kirīm pæmiṇili deka k vārtāvelā. paścāt mætivaraṇa pæmiṇili dahanavaya ṭa adāḷava.|default
sin_01_00356|eheyin kiyanu læbeyi, ēvamētassa kēvalassa dukkhakkhandhassa samudayō hōti yi.|default
sin_01_01161|ē piḷibaṉdava baladhārin, vidyāgnayan, niladhārin ikman avadhānaya yomu kaḷa yutuya. muhudaṭa plāsṭik ā viṭa tal masun ēvā āhāra lesaṭa haṉdunāgena plāsṭik āhārayaṭa ganiti.|default
sin_01_01455|vasarak gatavū pasu pārlimēntuva visuruvā hærīmaṭa vidhāyaka janādhipativarayāṭa balatala tibenavā.|default
sin_01_02245|korōnā hæduṇu velāvē apē ratu taruva kaṇḍāyama baḷapiṭiya, ælpiṭiya, karandeṇiya, rōhalvalaṭa upakaraṇa bedā dunnā.|default
sin_01_02734|mē satipaṭṭhānaya: rajaku raṭaka minisunṭa no maṉga yannaṭa no dī, nisi maṉga yana sæṭiyaṭa ovun pālanaya karannāk men, nisi maṉga yana sæṭiyaṭa sita pālanaya karayi.|default
sin_01_01326|ēt mē minisā ē taramaṭa lassana pot saha lassana dēval liyā tibenavā ādaraya gæna.|default
sin_01_02666|eya no manā pindīmē kramayeki. prētayanṭa prētātmayen cuta va sugatiyaṭa pæmiṇennaṭa pætīma nohot illīma, varak maḷa ayaṭa nævatat mærennaṭa pætīma ya.|default
sin_01_00578|ek mæ varak melovaṭa, avut duk keḷavara kereyi.|default
sin_01_00341|ek āyatanayak hā samaga ek dhātuvak hā samaga ætæm dharma kenakun hā viprayukta|default
sin_01_01698|taragāvaliyaka avasan taragayakadī vēgavatma ardha śatakaya (pandu tis dekakin) ræs kirīmaṭa samat viya.|default
sin_01_01799|nāyakatumāṭat kiyanavā. tāma ēka keruṇē næhæ. pāra harahā æḷak galāgena yanavā. vahina kāleṭa ḷamayakuṭa iskōlē yannat amāruyi.|default
sin_01_03082|devana siv masehi rūpayō tevana siv masaṭa no pæmiṇa ehi ma dirā biṉdī aturudahan vannāha.|default
sin_01_00177|sakulā teraṇiya kāśyapa budurajun pirinivīmen pasu unvahansē gē caityayaṭa ek ræyak ek pahanak pudā pahata saṉdahan ānisaṁsa læbuṇu bava thēri apadānē dakvā ættē ya.|default
sin_01_01312|daha vænidā aluyama kaṭhina cīvaraya rægat perahara vīthi saṁcāraya kirīmen anaturuva peravaru hataṭa avasan vē.|default
sin_01_00613|eḷæmba brahmāyu bamuṇu sakasā væṉda ekatpas væ hina.|default
sin_01_00856|mahaṇeni, meheṇahu mesēt mē sikapadaya udesatvā,|default
sin_01_01468|ovun boru dēśaprēmayak gæna katā karanavā; api sæbǣ lesama mē raṭē janatāvaṭa ādaraya karanavā.|default
sin_01_02806|tavat sitakin upadanā vāyō dhātuven anik pasa esavē. tavat sitakin upadanā vāyō dhātuven eya idiriyaṭa yævē. tavat sitakin upadanā vāyō dhātuven eya pahat vē.|default
sin_01_01447|buddha kālīna samājayē tibuṇu daṇḍuvam krama vuva da itā kuriru bava penē.|default
sin_01_01969|ē tamayi sīpā givisuma. namut apa ē givisumaṭa viruddha vuṇā. īṭa ek hētuvak vṛttīya sēvāvan da ē givisumaṭa ætuḷat kara tibīmayi.|default
sin_01_01426|uturu paḷāt sabhāvaṭa cōdanāvak tiyenavā uturu paḷātē siṁhala minisunṭa apa salakannē næhæ kiyalā.|default
sin_01_00053|maraṇayaṭa pæmiṇīmen ē bhavaya keḷavara vū kalhi an janaka karmayakaṭa avakāśa læbē.|default
sin_01_03162|yam kaleka mahā maṇḍalayehi vaḍanā kæmæti sēk nam mahā pavāraṇayen pavarā pǣlaviya davasehi mahat bhikşu samūhayā pirivara koṭa piṭat vana sēka.|default
sin_01_02469|liyō ṭolsṭōyi, mæksim gōrki, ænṭan cekof væni lēkhakayan meraṭa pāṭhaka sit tuḷa nomækena lesa saṭahan vūyēya.|default
sin_01_03185|rajatumā - 'raṭṭhapālayan vahansa, kotekut nǣ mituran siṭiyat vēdanāva bedā gena viṉdinnaṭa nupuḷuvana. ē vēdanāva viṉdinnaṭa vannē maṭa pamaṇak ya'|default
sin_01_02413|mānavayāṭa vaḍātma ǣtin pihiṭi vastuvaka chāyārūpayak pṛthiviyaṭa.|default
sin_01_01847|mē dēvāla pariśrayē tibennā vū atīta gambhāra dēvāla bæmmehi bitu situvam mata landēsīn æṉdi bitu situvam siyavas gaṇanāvak gevī giyada adat daknaṭa læbē.|default
sin_01_01380|mema væṭalīma, dumriya ārakşaka adhikāri anura prēmaratna mahatāgē upades mata sidukara æta.|default
sin_01_01616|emenma paudgalika sahal mōl ēkādhikāriya biṉdinnaṭa rajaya vī mōl kihipayak sthāpita kirīmaṭa tīraṇaya koṭa æti bavada hetema pævæsīya.|default
sin_01_00328|ātmahitaya piṇisa piḷipan pudgalayek|default
sin_01_00123|vastūn gē chāyā piḷigannā svabhāvayak hevat chāyāvanṭa pravēśa vīmaṭa iḍa dena svabāvayak śuddha jalayehi ættē ya.|default
sin_01_00012|un vahansē edā læbiya hæki va tibū nivana sattvānukampāven hæra sasaraṭa pivisa sārāsaṁkhya kalpa lakşayak vū atidīrgha kālaya muḷullehi mahā vyāyāmayak kaḷa sēka.|default
sin_01_01267|janādhipativaraṇaya peni penī turumpu piṭa turumpu gahana ṭramp.|default
sin_01_02766|mē puvata lalita vistara ādī mahāyāna pothi ena sæṭiyen mehi dækvū mu. pāḷi jātaka aṭuvā ādiyehi mē taram vistara næta.|default
sin_01_00803|bāhira da vannāha, adhyātma bāhira da vannāhu yi.|default
sin_01_03064|me kala gihiyan atara tabā pæviddan atara da vidarśana vaḍana aya sulabha noveti. ebævin āraṇyādi vivēka sthānayakaṭa eḷamba bhāvanā karana bhikşūn lōkayā usas koṭa salakati.|default
sin_01_00030|ugul æṭavīma, hul siṭavā tæbīma, tuvakku bæṉda tæbīma, valaval sārā tæbīma yanādiya sthāvara prayōga nam vē.|default
sin_01_01884|iṁgrīsiyen koriænḍa lesa hadunvana kottamallī laṁkāvē yahamin novævena namudu atītayē siṭama indiyāven hō pākistānayen ānayanaya koṭa bhāvita koṭa tibē.|default
sin_01_01955|kōp kamiṭuvē hiṭapu sāmājikayeku lesa kōp kamiṭu yam kāryayak kaḷā yæyi oba sitanavāda? kōp kamiṭuvē sabhāpativarayā vūyēt vartamānayē sabhāpativarayā vannēt sunil haṉdunnetti mahatāyi.|default
sin_01_00304|ikbiti ektarā sattva kenek da, āyu gevīmen hō pin gevīmen hō ābhassara lovin sæva ē bambavimanaṭa, ohugē sahabhāvayaṭa pæmiṇet.|default
sin_01_02660|no nidā pratikāra kirīmen ē rōgaya suva kaḷa no hena bava vaidyavarayā da kīya. ehet unvahansē vīryaya no haḷa sēka.|default
sin_01_01703|laṁkāva koviḍ tun veni maṭṭamaṭa - metanin ehāṭa giyot væḍē lēsi næhæ.|default
sin_01_00830|mama svarṇavarṇa vūyem hæma tanhi dī priya vūyek vemi.|default
sin_01_01625|rājagiriya nagarayē parcas visi hatara iḍama saha goḍanægilla rājagiriya haṁdiyaṭa mīṭar tunsīya yi.|default
sin_01_01923|pāsalē dī sætkama gæna dænagat ægē mituriyan puduma vū bavada æya kerehi vaḍāt ḷengatu vū bava da æya pavasayi. 'davasak pantiyaṭa āpu gurutumiyak mama varadak kaḷā kiyalā magē piṭaṭa pārak gæhuvā'|default
sin_01_00471|sæbævæ bhāgyavatun vahansa, bhāgyavat buduhu gærahūha.|default
sin_01_02631|pidum kirīmaṭa sudusu buddhādi mahōttamayan kerehi hā vandanīya pūjanīya vastūn kerehi da gauravādarayen næmīma, avanata bava yaṭahat bava dækvīma vandanā nam vē.|default
sin_01_01656|gē dora iḍakaḍam kaḷutara distrikkaya vikiṇīma koḷamba baṇḍāragama ekasiya hæṭa deka bas mārgayē penena durin pihiṭi nidana kāmara paha sahita demahal nivasak vikiṇīmaṭa.|default
sin_01_00558|udaya savasa diyaṭa bæsīm vratayehi yedunē veseyi.|default
sin_01_02910|teranama mesē kīya: (ekoḷaha) oba saṉdahā mama kumak karannem da? kavarākārayakin tā dukin midaviya hæki da? mama tā udesā ratnatrayaṭa dhaja pūjā karannemi yi.|default
sin_01_02790|eya hētūngē saṁyōgayen æti vannaki. æti vū vahā biṉdī yannaki. no biṉdī pævatiya hæki śaktiyak vēdanāvaṭa næta.|default
sin_01_02835|idin kleśayan keren midī pirinivan pǣ vadāḷa sēk vī nam, lokayā hā amiśra vūsēka.|default
sin_01_00437|meheṇa piḷibaṉda pacitisikhaya kotænhi paṇavana lada yæ|default
sin_01_02671|nirṇaya - 'nirvāṇaya aramuṇu koṭa caturārya satyayaṭa ma pæmiṇē. caturārya satyaya ma dakī.|default
sin_01_03005|'siyallō ma māgē mitrayō vetvā!' meya dinakaṭa siya vara bægin piḷivelin dasa dinak bhāvanā koṭa inpasu dvēşaya æti vū avasthāvaladī menehi karanu.|default
sin_01_01940|atītayē laṁkāvēt ēka sādhanīya lakşaṇayak. budu rajāṇan vahansēgē kālayēt pālakayan bhikşūn vahansēgē upades labāgattā.|default
sin_01_00639|ohu paṇivāyen vaḷaknāha, ayinādanin vaḷaknāha.|default
sin_01_02498|şarmi varak yū ṭiyub vīḍiyō nālikāvaka sammukha sākacchāvakadī pavasanne taman nītiyaṭa koṭu vī adhikaraṇayakaṭa idiripat kaḷahot gaṇikā vṛttiyē siyalu rahas heḷi karana bavayi.|default
sin_01_00875|migajāla namin dekek da samiddhi namin satarek da upasena upavāṇa yayi dekek da phassāyatanika sūtra tunek da kiyana ladaha.|default
sin_01_02213|japānayē saha ōsṭrēliyāvē siṭina aya viśēşayi. mahanuvara bodu govi ōsṭrēliyāvē upādhidhārinī itā rūmat diyaṇiya saṉdahā ugat puteku ikmaṇin mava soyayi.|default
sin_01_00654|kaḷu pæhæti mē puruşayā kaḷu pæhæti bojun budī.|default
sin_01_01493|kaḍē karanavāṭa amatarava dānē geval, maṉgul geval, utsavavalaṭa kǣma uyanavā.|default
sin_01_03037|ē bhāgyavat budurajāṇan vahansē vāsanāva sahita va sakala klēśayan nasā atiśayin śuddha santāna ætiyō ya.|default
sin_01_00104|nāsayaṭa duṉgaṉdak pivisi kalhi samahara viṭa gaṉdak dænēya yi kiyati.|default
sin_01_00971|śabdayō lōkayehi gandhayō lōkayehi rasayō lōkayehi spraşṭavyayō lōkayehi dharmayō lōkayehi priyarūpa ya, sātarūpa yi.|default
sin_01_00156|hæma denā gē sammatiyen pat kæræṇu bævin hē mahāsammata nam viya.|default
sin_01_01121|gæmi hō nāgarika vēvā, duppat hō pohosat vēvā mē atdækīm pāṭhakayā vælaṉda gannē ehi vana viśvasanīyatvaya nisā yæyi sitē.|default
sin_01_02297|mema svēcchā baḷakāyē tākşaṇika dænuma vardhanaya kirīma saṉdahā vū puhuṇu væḍasaṭahanak.|default
sin_01_02919|piṇḍapātika da utkṛşṭaya, madhyamaya, mṛdukaya yi trividha vē. utkṛşṭa piṇḍapātika vanāhi idiriyen da, passen da genena piṇḍapātaya gannē ya.|default
sin_01_02540|frāns kafkā upata læbū nivasa kautukāgārayak veyi.|default
sin_01_02563|rūpa upādānaskandhaya, vēdanā upādānaskandhaya, saññā upādānaskandhaya, saṁkāra upādānaskandhaya, viññāṇa upādānaskandhaya kiyalā saṉdahan venavā.|default
sin_01_00543|æspahasa nisā suva vū hō duk vū hō noduk nosuva vū hō yam mē viṉdumek upadī nam he da dukæ yi dakī.|default
sin_01_01739|samarasiṁhayangē parivartanaya mā kiyavā nætæyi kī viṭeka ya. ē nisāma ekinekaṭa venas parivartana dekak kiyavā gænmē avakāśaya mā haṭa udā viṇi.|default
sin_01_01764|nuvaraeḷiya - hæṭan mārgayē dhāvana kaṭayutuvalaṭa bādhā.|default
sin_01_00990|sammodanīya vū sārāṇīya vū kathāva koṭa nimavā ekatpashi hunha.|default
sin_01_03200|noyek uvaduru ætivīmen kalin kala silvat bhikşūn tabā duśśīla bhikşūn da ē ē raṭavala nætivīma svabhāvayaki.|default
sin_01_00418|bhavat gautamayan vahansē|default
sin_01_01018|suva duk śāśvata ya, suvaduk aśāśvata ya, suvaduk śāśvata da aśāśvata da vē, suvaduk śāśvata da no ma vē.|default
sin_01_01675|namut budun vahansē jīvamānava hiṭiya kālayēt ē daṇḍuvam dunnā. epayi kīvē nǣ. væradikaruvanṭa daṇḍuvam diya yutuyi.|default
sin_01_03119|sitin yamkisi aramuṇak gannā kalhi ē aramuṇa æti sæṭiyaṭa niværadi lesa dænagata no hena paridi āvaraṇaya karana dharmaya mōhaya ya.|default
sin_01_00457|varadin nidahas vīmaṭa sudusu sē pavatī.|default
sin_01_00454|rūpāvacarayehi arūpāvacarayehi paścimabhavikayanaṭa da asaṁgnasatvayanaṭa da|default
sin_01_00832|mam kesmas bahā kahavat hæṉda perevæ gihigen nikma sasnehi pævidi vem nam yehekæ yi.|default
sin_01_02679|pudgalayā ārya bhāvayaṭa pamuṇuvanu læbē. pudgalayāṭa ārya phalaya labā denu læbē.|default
sin_01_01594|esē ma, dedahas vissa paḷamu kārtuvaṭa sāpēkşava eraṭa kuṭumbha paribhōjanaya pahayi daśama pahayi ekakin da, sthāvara āyōjana aṭayi daśama hayayi ekakin da aḍuvī æta.|default
sin_01_00399|divyacakşusa pragnācakşusa|default
sin_01_02379|meya amānā bæṁkuva satu visi tun vana śākhāva vanaatara næṉgenahira paḷāta tuḷa vivṛta kaḷa aṭa vana śākhāva vē.|default
sin_01_03145|dhanaya no nasā gena paścima vayasē dī ēvā karmāntayanhi yodana laduyē nam mohuṭa mē nuvara tunvana siṭuvarayā vannaṭa tibiṇa.|default
sin_01_02667|sessa kuśalayehi kī nayin datayutu. mehi venasa akuśala bavayi. eheyinma lāmaka bava vē.|default
sin_01_00002|ehet goviyā vī labā ganuyē ohugē mahat vū vīryyayeni.|default
sin_01_01920|buddhi aṁśayen bava pavasā taruṇayan dedenakugē durakathana hā mudal pæhæragena.|default
sin_01_02854|śarīrayen piṭata gasvæl ādiyehi ættā vū pṛthivi dhātuvat mas yayi kiyanu labana mē pṛthivi dhātuvat pṛthivi dhātu vaśayen eka ya.|default
sin_01_03249|bāla daruvō gamdora dī ohu dæka ḷaṉgaṭa diva mas illati. hē ovunaṭa mas ṭika ṭika dī yeyi.|default
sin_01_01279|ē atarin visi pandahasak pratisaṁskaraṇaya kaḷayutu maṭṭamē tiyenavā. dedahas dahahata vasarē væv amuṇu pratisaṁskaraṇayaṭa læbuṇu miliyana hāradahas pansīyak mudalin væv amuṇu ekadahasak pamaṇa pratisaṁskaraṇaya kaḷā.|default
sin_01_01415|væssak eddī akuṇu gæhuvat hæmōma karana dē ikmanin ivara karalā yanna balanavā.|default
sin_01_01411|ē kāleṭa ādāyamak tibuṇāṭa samahara dāṭa gedaraṭa hāl ṭikak pol geḍiyak geniyanna ādāyamak nǣ.|default
sin_01_02773|saṁskārayan gē mahā ādīnava rāśiya dæka biya vī kalakirī ēvāyin midenu kæmætta æti kara gat yōgāvacarayā haṭa dænaṭa tibenuyē eyin midenu saṉdahā kriyā kirīma ya.|default
sin_01_01611|ē, jyeşṭha mādhyavēdī dayā laṁkāpura pævasū mataka ræsak atarin biṉdak pamaṇi.|default
sin_01_03228|tava da kayin vacanayen væradi karannavunṭa mulin ma nirayehi ipida duk viṉdīmaṭa siduvana atara inpasu tirisan lōkayē da prēta lōkayē da ipida duk viṉdīmaṭa vē.|default
sin_01_00111|samahara viṭa esē no kiyā sæpīmen vana phalaya haṉgavana ridīmaya, śītalaya, uşṇaya yana vacana kiyati|default
sin_01_03104|ælum karana deyak næti vīma dukaki. satvayan an siyallaṭa ma vaḍā ælum karanuyē sukhayaṭa ya.|default
sin_01_03243|śōbhana rūpaya hā mihiri kaṭa haṇḍa da taruṇa bava da ættā vū bhikşūn daknā ætæm kāntāvan kerehi śraddhā vēśayen (pæhædīmē ākārayen) rāgaya pahaḷa vē.|default
sin_01_01170|nivesē idiriyē ḷiṉda tuḷa tibū bava polisiyē mūlika parīkşaṇavalin heḷi viya. polis sunakhayan genvā vimarśana kara sirura goḍa gena æta.|default
sin_01_01956|badulla distrik āpadā kaḷamanākaraṇa ēkakayaṭa svēcchā sahana sēvā baḷakāyak.|default
sin_01_03153|nobō kaḷakin mahā puṇya śaktiyakin yut dū putun yuvaḷak pahaḷa vū ha. mahinda hā saṁghamittā yana nāmayen mavpiyan visin ovun haṉdunvana ladī.|default
sin_01_01874|kūṭa lēkhana hadā kaṭār harahā praṁśayaṭa paninna giya taruṇiyak kaṭunāyakadī allayi.|default
sin_01_01434|māsa tuna hatarakaṭa særayak kūḍuvala bima dahayiyā kuḍu māru kaḷet mama.|default
sin_01_01061|maharagama hā hōmāgama avaṭa ada pæya visi hatara ka jala kappāduvak!|default
sin_01_02027|siriyāvē saha irākayē pævæti durvala rājya pālanayaṭa prabalama tarjanayak vūyē ayi. es. ayi. es. namin prakaṭa vūyēya.|default
sin_01_02446|tuşāragē ammāgē hæṇḍum haṇḍa nihaṇḍa parisaraya devanat karayi. 'putē, mage pavulaṭama hayiyak vuṇē umbayi. dæn itin maṭa kāge pihiṭak da mage rattaranē!'|default
sin_01_01235|nōnā vāṭṭuvē dī æsa gæṭena dostara muhuṇu 'dækkat leḍa duk suvavana taramē' muhuṇu ya.|default
sin_01_00947|vahansa, balavat puruşayek daḷa varapaṭekin de daṉga veḷā.|default
sin_01_00585|ebævin mama kayin vacasin manasin kusal daham keremi yi.|default
sin_01_02325|vælikatara citrapaṭaye samīparūpaya indracāpa hoyāgena giyā. ǣtin ǣtaṭa, ekdahas navasiya hættǣ eka taram ǣta kālayakaṭa atīta rūpāvaliya diva yanavā.|default
sin_01_00801|bamuṇan kerehi hō bamuṇō ya yi sammata no veti.|default
sin_01_02737|emen mē satvayō phassaya nisā ārammaṇa rasaya labā vēdanāvan ætivīmen taṇhāva æti kara gena saṁsāraya dik kara ganiti.|default
sin_01_02886|kramayen kōliya raṭa da ik mæ mesē doḷos yodun maṉga tis tuna gevā malla raṭaṭa pæmiṇa pasu dinaṭa eḷiya væṭīgena ena vēlehi anōmā nadī tīrayaṭa pæmiṇiyaha.|default
sin_01_02648|(hata) ē kālayē dī tissa terungē kusayehi vātayak haṭagat bævin upasthāyaka sāmaṇērayan amatā mesē kīya.|default
sin_01_03169|mitra bhāvaya, anunṭa viruddha næti bava, anukūla bava, anungē yahapata kæmati bava maitrī nami.|default
sin_01_01810|gālla kaḷuvælla tel piravumhala asala bas rathayaka būru sellam kaḷa hatak ataḍaṁguvaṭa.|default
sin_01_02057|koḷamba nagarayē pāṭa pāṭa goḍanægili rāśiyaki. ē pāṭa pāṭa goḍanægili atarē pāṭa pāṭa kǣma jāti tabāgena vikuṇana minissuda bohōyi.|default
sin_01_03194|galā yana diyehi lū labu kabala no nævatī ma pāvī yannāk men akuśala pakşayē ma gaman karannaki. sihiyen esē yannā vū sitaṭa yannaṭa no dī kuśala pakşayehi navatvanu læbē.|default
sin_01_01888|deviyan baṉdu minisun atin liyævuṇu miyæsi vadan.|default
sin_01_02256|ikut aṉgaharuvādā dinayē sidukaḷa parīkşaṇayē pratiphala læbīmaṭa pera visi pas vænidā ema sisuvā pāsalaṭa pæmiṇa ætat pāsal baladhārīn ohu yaḷi nivesa veta piṭatkara yavā tibē.|default
sin_01_00385|cakşusa cakşurindriya veyi yat, divyacakşusa pragnācakşusa cakşus veyi, cakşurindriya no veyi.|default
sin_01_02541|ē nisā ma ovungē nirmāṇa pāṭhaka sitehi raṉdā pavatinnē ya. yam kṛtiyak kiya vū sæṇin ehi lēkhakayā kavuru dæ yi kiyannaṭa pāṭhakayō samat ya.|default
sin_01_00835|mavaṭa jīvitaya deva yi yasakulaputrayāhaṭa kīyē ya.|default
sin_01_02961|ehet æṭaya nisā gasa haṭagannē ya, gasa nisā atu haṭagannē ya, atu nisā rikili haṭagannē ya, rikili nisā mal haṭagannē ya, mal nisā geḍi haṭagannēya yi kīmada varadak novē.|default
sin_01_01029|he temē edavasa ma kaṭayutu rahita vūyē bæhæra yayi.|default
sin_01_00566|e samayehi sævatehi bhikşūhu ē ē ata nikma giyaha.|default
sin_01_02582|mesē karuṇāva ākāsānañcāyatanayaṭa upaniśraya vē. eyin matu kisivakaṭa upaniśraya no vē. eheyin karuṇāva ākāsānañcāyatanaya parama koṭæ ætæyi vadāḷē ya.|default
sin_01_02812|tuntarā bōdhiyen kinam bōdhiyakin vuva da nivan dækīmaṭa, ē ē bōdhiyaṭa sǣhena pāramitāvak tibiya yutu ya.|default
sin_01_01195|chandaya karanna nam mætivaraṇa komisama, saukhya sēvā adhyakşavarayā, saukhya aṁśa, ārakşaka aṁśa hā dēśapālana pakşavala ekaṉgatāvak tiyenna ōna.|default
sin_01_00522|ātmaya rūpavat yi hō no dakiyi, rūpaya ātmayehi ætæyi hō no dakiyi.|default
sin_01_01147|enisā vissavæni saṁśōdhanayen kisidu avasthāvaka raṭa bedana, raṭa kæḍena tatvayak udā novana bava gauravanīya hāmuduruvan vahansēlāṭa api avadhāraṇaya karanavā.|default
sin_01_02126|mahansiyē pamaṇaṭa pratilābha nolæbē. ehet anapēkşita dhana lāba himivē.|default
sin_01_01853|aniyam sæmiyāgē paharadīma gæna dæriyaka kaḷa pæmiṇillen dūşakayan dedenaku gæna heḷiveyi.|default
sin_01_00727|daru sampatin rūpayen hā yasasin da samanvitaya.|default
sin_01_01284|māt mallit poḍi kālē iṉdalama poḍi poḍi mōṭar pavā galavalā balanavā.|default
sin_01_02949|ārammaṇa bhēdayen arūpāvacara kusal sit satarak vē. ārammaṇayan gē vaśayen bhēdayaṭa pæmiṇennā vū eka ma sita mē arūpāvacara sita ya.|default
sin_01_01947|kṛşikarmāntaya mūlika karaganimin divi gevū pæraṇi minisā mē vat piḷivet siya jana jīvitaya sārthaka karagænīmaṭa mænavin ekkara gat ha.|default
sin_01_00075|ehet kathā kirīmēdī pahasuva piṇisa dænīma karana kartṛ kenaku sæṭiyaṭa da pudgalayaku visin karana dæna gænīmaṭa upakaraṇayak vaśayen da gena sita piḷibaṉdava kathā karanu læbē|default
sin_01_02841|ekun tis vasak muḷullehi lova kisivaku haṭat sama kaḷa no hæki ayurin kāmasukhallikānu yōgayehi utkṛşṭa lesa yedī vāsaya kaḷa ha.|default
sin_01_00462|vivasa va nohenasulu niyata vū sambodhiya pihiṭa koṭa æti sōvan phalaya|default
sin_01_03095|me sē pradhan vīrya vaḍana bōdhisatva rājarşīn vahansē gē ē tavus jīvitaya sambandha savana varşayē avasāna bhāgaya pæmiṇiyēya.|default
sin_01_00419|bhāgyavatun vahansē meya vadāḷasēka.|default
sin_01_01457|sīni piṭi saha tel aḍaṁgu āhārayaṭa gænīmen sirurehi mēdaya tænpat vīmen mema rōgaya haṭa ganī.|default
sin_01_00616|ē artthadarśī buduhu dasadahasak havurudu gihigeyi visūha.|default
sin_01_00310|yam baṉdu api ē bhavat bambahu visin mavana ladumō da, ē api anityamha, adhruvayamha, alpāyuşkayamha, mærena svabhāvaya ættamha,|default
sin_01_01723|meraṭa nişpādita gini avi dekak samaṉga ayek koṭu.|default
sin_01_00767|pavaṭa biya nættō pavaṭa biya nættavun samaga sæsæṉdunaha, ekatu vūha.|default
sin_01_02892|manā varṇayen hā suvaṉdin yukta vana manaram vū mē mal aṭavisi buduvarayan vahansēlāṭa namaskāra koṭa pūjā karami.|default
sin_01_02453|ē bava likhitava dænum dunnē næhæ. 'miyuru haṇḍa' navakatāva pattarē paḷa vuṇu navakatāva ma noveyi. īṭa venas vidihaṭayi potaṭa racanā vī tibennē.|default
sin_01_02539|æya vivṛta, sarala kāntāvak. samahara avasthāvaladī ōnǣvaṭat vaḍā anun gæna hitana, anukampā karana caritayak. biriyaka, gṛhaṇiyaka lesa æyagē davasa gatavana ākārayada sundaraya.|default
sin_01_00347|ebævin api mohugē tajjanīyakarmaya sansiṉduvamu yi mesē adahas vē.|default
sin_01_01271|bohō avasthāvan hīdī turu his matama divi gevana aḷu vaduran kalāturakin mē ākārayaṭa vatura podak bīmaṭa bimaṭa bahina avasthāda nirīkşaṇaya kaḷa hækiya.|default
sin_01_01317|rājya pālakayan pamaṇak nova anekut samāja saṁvidhānada mē gæna avadhānaya yomu kaḷa yutuyi.|default
sin_01_00775|pratisandhiya duka yæ apratisandhiya sukha yæ yi datayutu yæ.|default
sin_01_02300|dahasaka pamaṇa pirisakaṭa asun gata hæki śravaṇāgāraya mahal dekakin yukta vē.|default
sin_01_01806|antimēdi æyaṭa sammukha parīkşaṇayaṭa penī hiṭinna vidihak nætuva bohoma kalakirīmen tamayi havasa gedara enne. udē bahin bas vīma nisā edā mahattayat gedara ennē taramak matin padam velā.|default
sin_01_02484|mātṛ saukhya sēvā upadēśana mālāva saṁśōdhanaya kereyi.|default
sin_01_02989|eyaṭa ættē tāvakālika vaśayen keles duru kirīmē balayak pamaṇaki. eya dubala ya.|default
sin_01_02374|ful fēs tahanamaṭa erehi aturu tahanama oktōmbar dahatuna tek dīrghayi.|default
sin_01_01941|kahaṭagasdigiliyē anatura sambandhayen æmati es em candrasēnagē riyaduru rimānḍ.|default
sin_01_01325|kumburu yāyak mædin rēl pāra digē kōcciya nonævatī idiriyaṭa yanavā.|default
sin_01_01521|esēma gevattē ḷiṉdehi jalayaṭa ekatu kaḷa vaṭinākamak nomæti bævin veḷeṉdapoḷa vaṭinākamak da nomæta.|default
sin_01_01107|eya daruvāgē varadak novē, vartamāna daruvāṭa nidahasē sitannaṭa avakāśayak næta.|default
sin_01_00968|vēdanāva ātmayæ yi hō, ātmaya vēdanā ættekæ yi hō, ātmayehi vēdanāva pavatī yæ yi hō, vēdanāvehi ātmaya pavatī yæ yi hō dakī.|default
sin_01_01270|surāsal vasā dæmū aḍuva puravanna kasippu pækaṭ genā dedenā dælē.|default
sin_01_02976|paḷamuven itā mihiri bavak dænena lesaṭa itā balavat lesaṭa paṭan gat prītiya kemen hīna vanuyē maṉda vūvā sē dænenuyē dirīmen eya dubala vana bævini.|default
sin_01_03080|citta caitasika paramparāvaṭa nāma ya yi kiyanuyē śarīraya sē æsin balā hō atin allā hō data hækkak nova, nama asā namaṭa anuva ma data yutu bævini.|default
sin_01_00326|asaṅkhatadhātuva skandha saṅkhyāven hærapiyā|default
sin_01_01904|vanajīvī saṁrakşaṇa depārtamēntuva visin nīti virōdhī hēnvala ārakşāva saṉdahā kilōmīṭar gaṇanāvak diga ali viduli væṭakda tanā denu læba æta.|default
sin_01_00604|ehi magadheśvara vū seniya bimbisāra raju vetaṭa eḷambiyē ya.|default
sin_01_00559|udāyī mahaṇahaṭa pas dinak pilisan ataræ avan ek sañcētanaka sukkavisaṭṭhi ævætaṭa mūlāyapaṭikassanāva kirīma yam āyuşmatakhaṭa risiyē da, hē nihaṇḍa vēvā.|default
sin_01_00508|abhinava vastra da abhinava phala da abhinava vū agrarasabhojana da yana mē siyalla labami.|default
sin_01_00909|mauryyayō tuṭusit ætivæ aḍgāracaityayak karavūha.|default
sin_01_01787|baḷangoḍa - piyasēna. en. hēvagē. 'baḷangoḍa mūlika rōhalaṭa kilōmīṭar doḷahak pamaṇa durin pihiṭi pinnavala madhyama behet śālāva ārambha kara vasara panahakaṭa væḍiyi'|default
sin_01_00248|ācāraśīlaguṇa pamaṇak ma vū maṉda dæyeka.|default
sin_01_02696|pasu da bhikşācāra vēlāva pæmiṇi viṭa visidahasak rahatun pirivarā kapilavastu pura væda vahasal doræ siṭa gepiḷiveḷin piṇḍu siṉgā væḍi sēka.|default
sin_01_02664|mesē mē æṉgili niya yana bhūta rūpa upādārūpayō ovunovun menehi kirīma nættā ha.|default
sin_01_01753|ovun mahavæli gaṉgaṭa bæsa masun ællīma saṉdahā pæmiṇennaṭa æti bavaṭa vanajīvī niladhārīhu sæka karati.|default
sin_01_01443|yam āhārayak nisā ætivana āsātmikatā viṭeka kālayāgē ævǣmen maṉgahærī yanu æta.|default
sin_01_01977|dæl bhāvitā karamin māḷu allapu dekak nāvika hamudā bārayaṭa.|default
sin_01_01496|esēma maṉgiyā gamana nima karana tek gamana nima nokirīma menma keṭima mārgaya osse gamanāntayaṭa yāma anivāryenma kaḷa yutuya.|default
sin_01_01439|kæbinaṭ maṇḍalayē anumætiyen pasuva pārlimēntuvē tunen dekē balayen sammata viya yutuyi.|default
sin_01_02402|aviniścita saha ṛṇātmaka dṛşṭi kōṇayen balanavāṭa vaḍā dhanātmakava, balāporottu sahagatava saha adhişṭhānayen yutuva mē kāraṇā desa bæliya yutuyi.|default
sin_01_00565|e ma lokottarakuśaladhyānaya kaḷa heyin væḍu heyin kāmayangen ven va ma.|default
sin_01_02626|pūrva bhavayehi dī æti vū avidyā namæti muḷāva nisā mē vēdanāva æti veyi.|default
sin_01_02801|divayin sataraṭama væṭena mahā væssak æti vannē ya. mahajanayāṭa sāginna hā pipāsāva æti no vannē ya. dorakavuḷu ibē ma vivṛta vannē ya.|default
sin_01_00671|kinam bhavayekin vyūta vūvā sugatiyaṭa pæmiṇiyā vehi da?|default
sin_01_02399|sinamā śālāva asalin gaman karana viṭa mahapārē siṭa sinamā śālāva dakvāma pipirī giya ratiññāvala kaḍadāsi kæbali daknaṭa læbiṇi.|default
sin_01_02061|ē avasthāvē sēvikāvan pavasā tibuṇē, 'mis mēkē kælǣva ætuḷē kapal pem suva viṉdinavā'|default
sin_01_02712|lovuturā budu bava saṉdahā purana pāramitāva mahā bōdhi yāna nam vē. mahāyāna yanu da eyaṭa nameki.|default
sin_01_00441|yam ē bhikşu kenek apis vūvāhu.|default
sin_01_01067|avurudu hatarahamārak āpassaṭa giya raṭak idiriyaṭa gena yanna apiṭa vagakīmak tiyenavā.|default
sin_01_00659|kāmāvacara rūpāvacara arūpāvacara vū sāsrava kuśalākuśalāvyākṛta dharmayō yæ rūpaskandha yæ.|default
sin_01_00438|yamakugē sita keles tavana væra piṇisa ehi puna punā yedīma piṇisa|default
sin_01_03045|lōkōttara mārgayen matu kisikaleka nægī no ena paridi kelesun sahamulin ma nasā næti pṛthagjana pudgalayan tuḷa mē keles ek dahas pansiyaya ma yaṭapat vī pavatnē ya.|default
sin_01_00724|tō peræ atbævhi minisduvak vūvā kinam karmayak keḷehi da?|default
sin_01_02467|ē dukkhita iraṇamaṭa hētu vunē saṭan pāṭha dēśapālanayayi. ē saṭan pāṭha dēśapālanayen api sǣhenna bæṭa kǣvā.|default
sin_01_01210|ihaḷa jīvana maṭṭamak pavatina raṭavala mevæni vārgika gæṭum æti vannē næhæ.|default
sin_01_00090|æti vīmaṭa hētu vana vastūn gē vaśayen āvāsa macchariya, kulamacchariya, lābhamacchariya, vaṇṇamacchariyaya, dhammamacchariyaya yi mātsaryya pasak dhammasaṁgaṇiyē dakvā tibē.|default
sin_01_03089|esē upadina tænættā visin tamāṭa nivan maṉga pādā gænīmaṭa upakāra vana yahapat tænak patā ehi upadina tænaṭa kaṭayutu salasā gata yutuya.|default
sin_01_00611|eḷæmba āyuşmat anaṉda teraṇuvan væṉda ekatpasva hina.|default
sin_01_01681|ē tamayi hamudāvē kenakuṭa vides kāntāvaka hā vivāha vennaṭa læbuṇa paḷamu hā avasāna avasthāva.|default
sin_01_02312|eken deken pupurannaṭa gat ratiññā tappara gaṇanāvak yana viṭa kan pasāru karagena yana haṇḍin eka digaṭa pupurannaṭa viya.|default
sin_01_02694|dahaya. siṁhayā gala uḍa muvā mæruvēya. ekoḷaha. ovuhu divayinehi parvataya duṭuvāha. doḷaha. ḷamayā muhudaṭa giyēya.|default
sin_01_02580|atīta jātiyehi pin pav nisā vartamāna bhavayē pratisandhi vignānaya pahaḷa vē. ē pratisandhi vignānaya nisā nāma rūpayō pahaḷa veti.|default
sin_01_02601|dukkhaskandhaya vū nāma rūpa dharmayan gē idiri gamana næti kaḷa hækkē da ehi sæbǣ hētuva soyā gænīmeni. nāma rūpayangē hētu vaśayen noyek aya noyek dē dakvati.|default
sin_01_02221|ēken kṛra lesa sateku ghātanaya kaḷat denna puḷuvan uparīma daṇḍuvama rupiyal sīyak hō māsa tunaka sira daṇḍuvamak.|default
sin_01_00434|metemē mē arthayehi lā adahas karana lada bhikşu yi.|default
sin_01_01907|jala gælum nimnayē væli hā khanija væli ekkāsu kaḷa tidenakuṭa tis pandahasa bægin daḍa.|default
sin_01_01934|golf taragayak ataratura siduvū akuṇu særa vædīmakin hayakaṭa tuvāla.|default
sin_01_01750|vīrasiṁha mahatāgē upades piṭa māduruoya jātika udyāna mūlasthānayē aḍavi ārakşaka ḍī.em.jē.pī. maṁjula pradīp mahatāṭa læbuṇa toraturak mata,|default
sin_01_02385|mē pirivenē pævidi himivaru hiṭiyē hatara denayi. anit siyallama gihi sisun. saṁskṛta, itihāsaya, bauddha saṁskṛtiya vişayan vidiyaṭa mama tōrā gattā.|default
sin_01_01254|debiḍi puravæsiyanaṭa pārlimēntuvē siṭiya nohæki yæ yi apē garu adhikaraṇaya tīndu karayi.|default
sin_01_01755|sælasum sahagatava nivesaṭa genvā gena auśadha alevi niladhāriyāṭa hoṉdaṭama gahalā.|default
sin_01_01858|īṭa uḍageḍi dunnē hættǣ gaṇanvala ejāpa niyōjitayaku va siṭi bæsil ya. dedahas paha janādhipativaraṇaya tibbē mahindagē upan dinē davasē ya.|default
sin_01_00553|idin piḷikul dæya da nopiḷikul dæya da ē deka ma da hæra sihi ættē nuvaṇin dannē ehi upēkşaka væ vesem vā yi kæmæti vē da, sihi ættē nuvaṇin dannē ehi upēkşaka væ veseyi.|default
sin_01_01370|ārakşāva tahavuru vana tek pāsal vivṛta nokaranna - asgiri maha nā himi illayi.|default
sin_01_01448|śrēşṭhādhikaraṇayē tīnduva læbena turu ē naḍu kaṭayutu athiṭuvīmaṭa tāvakālikava siduvenavā.|default
sin_01_00384|cakşurindriya cakşus da cakşurindriya da vē.|default
sin_01_00748|nævæta pav no karannemi yi iṭā pævidi vīmī.|default
sin_01_00844|mahaṇeni, avidyānirodhayen saṁskāranirodha vē da nohot no vē da, mehi topaṭa kesē sit upadanē da.|default
sin_01_02046|mē tattvaya itāma bhayānaka tattvayak. mē nisā mema āsanayē janatāvagē pavul saṁskṛtiya, ārthikaya, samājīya vaśayen dævænta pasubǣmak tibenavā.|default
sin_01_01773|rajavaka osu uyana hā kāryāla goḍanæṉgilla vasara gaṇanāvaka siṭa abhāvayaṭa.|default
sin_01_01064|raṭaval gaṇanāvaka kalāpīya hā antarjātika samuḷu gaṇanāvak avalaṁgu vī tibē.|default
sin_01_01857|kalli gæsī dedenaku kapā usāviyaṭa kaṭṭi pænna pasdenakuṭa varentu.|default
sin_01_02137|etakoṭa hamba karaganna yanna vidihak næhæ. samaharaviṭa muḷu pavulama anta asaraṇa tattvayaṭa pat venavā.|default
sin_01_01006|svāmīni, kuśala śīlayō kumak artha koṭa ættāhu da?|default
sin_01_01731|īḷaṉgaṭa ekdahas navasiya hættǣ aṭadī jē.ār. jayavardhana mahattayā paha hayaka balayak aragena, eyāgē kæmættaṭa alut vyavasthāvak hæduvā.|default
sin_01_03214|satvayō æsin lōkayē æti vastūn hā satvayan dakiti. kanin śabdayan asati. ē dækīm æsīm deka da dænīm dekaki.|default
sin_01_02605|eya siduvannē paḷamu pævati no manā rūpa kalāpa niruddha vī ē tænvala mudutā rūpayen yukta vū abhinava rūpa kalāpa pahaḷa vīmeni.|default
sin_01_01905|namudu visituru koralpara dakimin muhudē pihinā yana viṭa mē sampata ræka gatayutuya yana dæḍi aramuṇa sitaṭa ē mohotē āvā.|default
sin_01_03155|lābhamacchariya yanu anya bhikşūnṭa cīvarādi pratyayan læbīma no ivasana svabhāvaya ya.|default
sin_01_00726|daknā laddehi asana laddehi sæka karaṇa laddehi parijiævæt avannehi.|default
sin_01_00267|ædæhiya yutu kathā ættē ya.|default
sin_01_02369|api itāmatma siyum æhena nǣhena śabda vaḍāt mænævin asannaṭa upakaraṇa hadā gattā. īḷaṉgaṭa mokada vuṇē apē kaṭa, mukhaya, vaḍāt phaladāyaka lesa bhāvitayaṭa gattā.|default
sin_01_03002|metæn paṭan pansiyayak havurudu atikrānta vū kala vajrōpama vū tīkşaṇa nuvaṇin yut miliṉdu nam rajek veyi.|default
sin_01_02828|e viṭæ budurajāṇan vahansē sādhukāra pavatvā 'mā æsū praśnayaṭa ma nisi uttara dunnehi yæ' yi æyaṭa praśaṁsā kaḷa sēka.|default
sin_01_01104|ehet vidēśa salli hā venat ādhāra upakāra hamuvē mē suḷutarayaṭa raṭē bahutaraya men kriyākirīmaṭa hækiya.|default
sin_01_01497|venadā væssaṭa uturu mæda viyaḷi kalāpaya etaram yaṭa vennē næhæ.|default
sin_01_02407|avaśya ṛju tīraṇa ganna ōni. ārakşāvaṭa multæna denna ōna. anivāryayen ma rājya sēvakayan vasara kihipayakaṭa varak tākşaṇika vaśayen yāvatkālīna karanna ōna.|default
sin_01_02471|jī.el - turki hā spāñña vidēśa æmativarun atara hamuvak.|default
sin_01_02930|piṇḍu siṉgā yǣma hæra praṇīta bhōjana soyamin piṇḍapāta vata amataka nokaḷa yutu ya.|default
sin_01_01650|mē bāhira samāgam apen gat tē dalu saha kamhalvalaṭa geviya yutu badu mudala vat nogevīmen rupiyal miliyana visi aṭaka ṇayak samāgamaṭa ayaviya yutuva tibuṇā.|default
sin_01_02236|jalasampādanaya yaṭatē yala kannayēdī hekṭayārayakaṭa viyaḷi miris ṭon deka tunak pamaṇa labāgata hækiya.|default
sin_01_01966|mānasika rōgī tattvayen siṭi diyaṇiya sidukaḷa pahara dīmen mavak jīvitakşayaṭa.|default
sin_01_03042|evāyin midimaṭa nam pañcaskandhayak næti viya yutu ya. sōka paridēva dukkha dōmanassa upāyāsayan ættēda pañcaskandhaya æti kalhiya.|default
sin_01_00467|satyārttha paramārttha vaśayen pudgala no dannā læbē da?|default
sin_01_00203|mē taram nuvaṇak æti særiyut himiṭa da baṇa padayak dæna gænīmaṭa no læbuṇi nam nivan dækīmaṭa no hæki vannē ya.|default
sin_01_02288|ekī moragahakanda vyāpṛtiya nima karamin tama pālanaya atara, hetema kaḍinam mahavæli væḍasaṭahana nima kirīmē gauravaya dinā siṭī.|default
sin_01_01913|pālana mila ikmavā tiriṉgu piṭi vikuṇū veḷaṉdunṭa væḍa varadiyi.|default
sin_01_02699|ē mesēyi:- rūpālambana bhāvayen sita ipida biṉduṇu kalæ ē aramuṇu dæna ē cittayā gē bhaṅgaya anuva bala yi.|default
sin_01_01569|suddaṭa siṁhala bǣ kivvā. putā, ācci ammāṭa iṁgrīsi basin dena vidhānaya asala, æya niruttara velā.|default
sin_01_00348|eya dænagannā pragnāva śrutamayagnāna yæ.|default
sin_01_01020|suvaduk da ātmaya da lōkaya da yana me hæma aśāśvata ya, meya ma satya ya.|default
sin_01_00593|esamayehi bhāgyavat buduhu sævæt nuvaræ jētavana nam vū anēpiṇḍusiṭuhugē aramhi væḍæveseti.|default
sin_01_00677|kisiveku lavā piṇḍapātaya bæhæra no karaviya yutu ya.|default
sin_01_00302|hē ehi itā bohō kalak siṭiyi.|default
sin_01_01074|mē vanaviṭa lōkayē mudal bhāvitaya ivat vemin yanavā.|default
sin_01_01459|koḷamba koṭuva dumriyapaḷa asala, maradāna, borælla hā pǣliyagoḍa, toṭalaṉga yana sthānavala novæmbar, desæmbarvala vāyu dūşaṇaya væḍiyi.|default
sin_01_01129|plāsṭik bhājana venuvaṭa mæṭi bhājana yodāganna puḷuvan.|default
sin_01_00064|mēsaya yana vacanaya æsīmen sitaṭa dænuṇu deya lī kæbali ṭika ē ākārayen ekinekaṭa sambandha kaḷa kalhi ē lī kæbalivala sambandha vī tibena ākāraya anuva æti sæṭiyaṭa sitaṭa hæṉgena satya vaśayen no læbena deyaki.|default
sin_01_01053|daruvō læbuṇaṭa passē magē ammayi nōnagē ammayi dennama āvā.|default
sin_01_02519|mē gæna uttarītara saṁgha samājayē æti vī tibena kampāva api dannavā. nikāyak vaśayen rāmañña nikāya ada śaktimat vī tibenavā.|default
sin_01_02038|'māt kǣve nǣ oyā enakam..' 'hah..' æs deken evapu liyuma bala bala inna æti ehenam.|default
sin_01_01054|ek ek vibhāga apēkşakayinṭa vibhāgaya pævætvena dinaya, vēlāva hā vibhāga madhyasthānaya veb aḍaviyaṭa pivisīmen dænagata hækiyi.|default
sin_01_01085|svayaṁpōşita artha kramayak harahā saṁvardhanaya vī siṭi jātiyak saṁvardhanaya vemin pavatina jātiyak bavaṭa pat kaḷē kavuda?|default
sin_01_02096|matkuḍu digin digaṭama væḍivelā. ada raṭa sampūrṇayenma kuḍukārayangē raṭak bavaṭa patvelā.|default
sin_01_01808|davasak mama subasiṁha mahatāṭa katāva gihillā bāra dunnā. 'api mēka kiyavalā balalā kiyannam' kiyalā etumā maṭa kivvā.|default
sin_01_03157|amātya putrayā nægenahira doraṭuven caitya maluvaṭa ætuḷu viya. abhaya terun vahansē dakuṇu doraṭuven sǣ maluvaṭa ætuḷu vūha.|default
sin_01_02225|deka. kalapu hā bāhira veraḷa tænitalā kalāpaya. tuna. abhyantara veraḷa kalāpaya.|default
sin_01_01601|anāgatayē praśnayak noena ākārayaṭa mē cīna ganudenuva siduviya yutuya.|default
sin_01_02531|jayasiri muhuṇapāna jīvana khēdavācakaya itā saṁkīrṇa ya. ē khēdavācakaya apa sǣma keneku ma kaviyē gæmbura pasak kara gænīma tuḷa jayasirigē khēdavācakaya tērum gænīmaṭa hæki vanu æta.|default
sin_01_02867|gnānaya hīna tænættāṭa sudusu vannē nāma rūpa dharma piḷibaṉda æti vistāra bhāvanā kramayaki. madhyama gnānaya æti tænættāṭa madhyama pramāṇa bhāvanā kramayak sudusuya.|default
sin_01_02752|diṭṭhi saṁyōjana - sīlabbataparāmāsa saṁyōjana yana dekin gænennē da eka ma dṛşṭi caitasikaya ya. ebævin caitasika dharma vaśayen ættē saṁyōjana navayeki.|default
sin_01_01458|api udē pāndara pahaṭa gedarin piṭat velā āvat vel yāyaṭa eddī udē dahaya vitara venavā.|default
sin_01_00967|vēdanāyen mideyi, saṁgnāyen mideyi, saṁskārayangen mideyi, vignānayen mideyi.|default
sin_01_00142|(meya un vahansē lovuturā buduvana bavaṭa pera nimitta ya.)|default
sin_01_03197|mama caṇḍa vū paruşa vū īrşyā karannā vū masuru vū tænættiyak vīmi. ē mama nomanā vacana kiyā prēta lōkayaṭa pæmiṇiyemi.|default
sin_01_01272|mātalē rōhalaṭa ena rōgīngē mudal pasumbi sorāgat ayek polis bhārayaṭa.|default
